2025-11-25 13:34:18,764 [INFO] Fetching entertainment configurations
2025-11-25 13:34:18,764 [INFO] Sending GET request to https://192.168.2.50/clip/v2/resource/entertainment_configuration
2025-11-25 13:36:22,171 [INFO] Fetching entertainment configurations
2025-11-25 13:36:22,172 [INFO] Sending GET request to https://192.168.2.50/clip/v2/resource/entertainment_configuration
2025-11-25 13:36:22,293 [INFO] Sending PUT request to https://192.168.2.50/clip/v2/resource/entertainment_configuration/20b9f6d2-cf73-4fc1-a2db-87124e538dbc
2025-11-25 13:36:22,520 [INFO] Entertainment configuration updated successfully.
2025-11-25 13:36:22,521 [INFO] Creating DTLS socket and context
2025-11-25 13:36:22,524 [INFO] Starting DTLS handshake
2025-11-25 13:36:23,146 [INFO] DTLS handshake established
2025-11-25 13:36:23,147 [INFO] Setting color(255, 0, 0) on light 0
2025-11-25 13:36:24,153 [INFO] Setting color(0, 255, 0) on light 0
2025-11-25 13:36:25,158 [INFO] Setting color(0, 0, 255) on light 0
2025-11-25 13:36:26,161 [INFO] Setting color(64, 64, 64) on light 0
2025-11-25 13:36:32,651 [INFO] Sending PUT request to https://192.168.2.50/clip/v2/resource/entertainment_configuration/20b9f6d2-cf73-4fc1-a2db-87124e538dbc
2025-11-25 13:36:33,249 [INFO] Entertainment configuration updated successfully.
2025-11-25 13:36:45,999 [INFO] Fetching entertainment configurations
2025-11-25 13:36:45,999 [INFO] Sending GET request to https://192.168.2.50/clip/v2/resource/entertainment_configuration
2025-11-25 13:36:46,109 [INFO] Sending PUT request to https://192.168.2.50/clip/v2/resource/entertainment_configuration/20b9f6d2-cf73-4fc1-a2db-87124e538dbc
2025-11-25 13:36:46,324 [INFO] Entertainment configuration updated successfully.
2025-11-25 13:36:46,324 [INFO] Creating DTLS socket and context
2025-11-25 13:36:46,326 [INFO] Starting DTLS handshake
2025-11-25 13:36:46,951 [INFO] DTLS handshake established
2025-11-25 13:36:46,952 [INFO] Setting color(255, 0, 0) on light 0
2025-11-25 13:36:47,958 [INFO] Setting color(0, 255, 0) on light 0
2025-11-25 13:36:48,964 [INFO] Setting color(0, 0, 255) on light 0
2025-11-25 13:36:49,969 [INFO] Setting color(64, 64, 64) on light 0
2025-11-25 13:36:56,456 [INFO] Sending PUT request to https://192.168.2.50/clip/v2/resource/entertainment_configuration/20b9f6d2-cf73-4fc1-a2db-87124e538dbc
2025-11-25 13:36:57,060 [INFO] Entertainment configuration updated successfully.
2025-11-25 13:40:12,020 [INFO] Fetching entertainment configurations
2025-11-25 13:40:12,020 [INFO] Sending GET request to https://192.168.2.50/clip/v2/resource/entertainment_configuration
2025-11-25 13:40:12,134 [INFO] Sending PUT request to https://192.168.2.50/clip/v2/resource/entertainment_configuration/20b9f6d2-cf73-4fc1-a2db-87124e538dbc
2025-11-25 13:40:12,346 [INFO] Entertainment configuration updated successfully.
2025-11-25 13:40:12,347 [INFO] Creating DTLS socket and context
2025-11-25 13:40:12,349 [INFO] Starting DTLS handshake
2025-11-25 13:40:12,970 [INFO] DTLS handshake established
2025-11-25 13:40:12,971 [INFO] Setting color(255, 0, 0) on light 0
2025-11-25 13:40:13,974 [INFO] Setting color(0, 255, 0) on light 0
2025-11-25 13:40:14,978 [INFO] Setting color(0, 0, 255) on light 0
2025-11-25 13:40:15,984 [INFO] Setting color(64, 64, 64) on light 0
2025-11-25 13:40:22,478 [INFO] Sending PUT request to https://192.168.2.50/clip/v2/resource/entertainment_configuration/20b9f6d2-cf73-4fc1-a2db-87124e538dbc
2025-11-25 13:40:23,065 [INFO] Entertainment configuration updated successfully.
2025-11-25 13:57:02,699 [INFO] Fetching entertainment configurations
2025-11-25 13:57:02,699 [INFO] Sending GET request to https://192.168.2.50/clip/v2/resource/entertainment_configuration
2025-11-25 13:57:02,926 [INFO] Sending PUT request to https://192.168.2.50/clip/v2/resource/entertainment_configuration/20b9f6d2-cf73-4fc1-a2db-87124e538dbc
2025-11-25 13:57:03,146 [INFO] Entertainment configuration updated successfully.
2025-11-25 13:57:03,146 [INFO] Creating DTLS socket and context
2025-11-25 13:57:03,151 [INFO] Starting DTLS handshake
2025-11-25 13:57:03,765 [INFO] DTLS handshake established
2025-11-25 13:57:03,767 [INFO] Setting color(255, 0, 0) on light 0
2025-11-25 13:57:04,772 [INFO] Setting color(0, 255, 0) on light 0
2025-11-25 13:57:05,777 [INFO] Setting color(0, 0, 255) on light 0
2025-11-25 13:57:06,779 [INFO] Setting color(60, 60, 60) on light 0
2025-11-25 13:57:13,273 [INFO] Sending PUT request to https://192.168.2.50/clip/v2/resource/entertainment_configuration/20b9f6d2-cf73-4fc1-a2db-87124e538dbc
2025-11-25 13:57:13,877 [INFO] Entertainment configuration updated successfully.
2025-11-25 13:57:52,297 [INFO] Fetching entertainment configurations
2025-11-25 13:57:52,297 [INFO] Sending GET request to https://192.168.2.50/clip/v2/resource/entertainment_configuration
2025-11-25 13:57:52,409 [INFO] Sending PUT request to https://192.168.2.50/clip/v2/resource/entertainment_configuration/20b9f6d2-cf73-4fc1-a2db-87124e538dbc
2025-11-25 13:57:52,644 [INFO] Entertainment configuration updated successfully.
2025-11-25 13:57:52,645 [INFO] Creating DTLS socket and context
2025-11-25 13:57:52,647 [INFO] Starting DTLS handshake
2025-11-25 13:57:53,267 [INFO] DTLS handshake established
2025-11-25 13:57:53,269 [INFO] Setting color(255, 0, 0) on light 0
2025-11-25 13:57:54,274 [INFO] Setting color(0, 255, 0) on light 0
2025-11-25 13:57:55,277 [INFO] Setting color(0, 0, 255) on light 0
2025-11-25 13:57:56,283 [INFO] Setting color(60, 60, 60) on light 0
2025-11-25 13:58:02,770 [INFO] Sending PUT request to https://192.168.2.50/clip/v2/resource/entertainment_configuration/20b9f6d2-cf73-4fc1-a2db-87124e538dbc
2025-11-25 13:58:03,368 [INFO] Entertainment configuration updated successfully.
2025-11-25 14:04:12,778 [INFO] Fetching entertainment configurations
2025-11-25 14:04:12,778 [INFO] Sending GET request to https://192.168.2.50/clip/v2/resource/entertainment_configuration
2025-11-25 14:04:12,888 [INFO] Sending PUT request to https://192.168.2.50/clip/v2/resource/entertainment_configuration/20b9f6d2-cf73-4fc1-a2db-87124e538dbc
2025-11-25 14:04:13,104 [INFO] Entertainment configuration updated successfully.
2025-11-25 14:04:13,104 [INFO] Creating DTLS socket and context
2025-11-25 14:04:13,105 [INFO] Starting DTLS handshake
2025-11-25 14:04:13,724 [INFO] DTLS handshake established
2025-11-25 14:04:13,726 [INFO] Setting color(0, 255, 0) on light 0
2025-11-25 14:04:13,771 [INFO] Setting color(6, 249, 0) on light 0
2025-11-25 14:04:13,816 [INFO] Setting color(12, 243, 0) on light 0
2025-11-25 14:04:13,861 [INFO] Setting color(18, 237, 0) on light 0
2025-11-25 14:04:13,907 [INFO] Setting color(27, 228, 0) on light 0
2025-11-25 14:04:13,951 [INFO] Setting color(33, 222, 0) on light 0
2025-11-25 14:04:13,994 [INFO] Setting color(39, 216, 0) on light 0
2025-11-25 14:04:14,039 [INFO] Setting color(45, 210, 0) on light 0
2025-11-25 14:04:14,085 [INFO] Setting color(54, 201, 0) on light 0
2025-11-25 14:04:14,130 [INFO] Setting color(60, 195, 0) on light 0
2025-11-25 14:04:14,175 [INFO] Setting color(66, 189, 0) on light 0
2025-11-25 14:04:14,220 [INFO] Setting color(75, 180, 0) on light 0
2025-11-25 14:04:14,265 [INFO] Setting color(81, 174, 0) on light 0
2025-11-25 14:04:14,307 [INFO] Setting color(87, 168, 0) on light 0
2025-11-25 14:04:14,353 [INFO] Setting color(93, 162, 0) on light 0
2025-11-25 14:04:14,394 [INFO] Setting color(102, 153, 0) on light 0
2025-11-25 14:04:14,435 [INFO] Setting color(108, 147, 0) on light 0
2025-11-25 14:04:14,480 [INFO] Setting color(114, 141, 0) on light 0
2025-11-25 14:04:14,525 [INFO] Setting color(120, 135, 0) on light 0
2025-11-25 14:04:14,570 [INFO] Setting color(129, 126, 0) on light 0
2025-11-25 14:04:14,613 [INFO] Setting color(135, 120, 0) on light 0
2025-11-25 14:04:14,659 [INFO] Setting color(141, 114, 0) on light 0
2025-11-25 14:04:14,701 [INFO] Setting color(147, 108, 0) on light 0
2025-11-25 14:04:14,747 [INFO] Setting color(156, 99, 0) on light 0
2025-11-25 14:04:14,790 [INFO] Setting color(162, 93, 0) on light 0
2025-11-25 14:04:14,843 [INFO] Setting color(171, 84, 0) on light 0
2025-11-25 14:04:14,888 [INFO] Setting color(177, 78, 0) on light 0
2025-11-25 14:04:14,934 [INFO] Setting color(183, 72, 0) on light 0
2025-11-25 14:04:14,976 [INFO] Setting color(189, 66, 0) on light 0
2025-11-25 14:04:15,021 [INFO] Setting color(198, 57, 0) on light 0
2025-11-25 14:04:15,067 [INFO] Setting color(204, 51, 0) on light 0
2025-11-25 14:04:15,110 [INFO] Setting color(210, 45, 0) on light 0
2025-11-25 14:04:15,151 [INFO] Setting color(216, 39, 0) on light 0
2025-11-25 14:04:15,197 [INFO] Setting color(225, 30, 0) on light 0
2025-11-25 14:04:15,241 [INFO] Setting color(231, 24, 0) on light 0
2025-11-25 14:04:15,287 [INFO] Setting color(237, 18, 0) on light 0
2025-11-25 14:04:15,331 [INFO] Setting color(243, 12, 0) on light 0
2025-11-25 14:04:15,374 [INFO] Setting color(252, 3, 0) on light 0
2025-11-25 14:04:15,418 [INFO] Setting color(252, 0, 3) on light 0
2025-11-25 14:04:15,459 [INFO] Setting color(246, 0, 9) on light 0
2025-11-25 14:04:15,505 [INFO] Setting color(240, 0, 15) on light 0
2025-11-25 14:04:15,547 [INFO] Setting color(234, 0, 21) on light 0
2025-11-25 14:04:15,590 [INFO] Setting color(225, 0, 30) on light 0
2025-11-25 14:04:15,632 [INFO] Setting color(219, 0, 36) on light 0
2025-11-25 14:04:15,677 [INFO] Setting color(213, 0, 42) on light 0
2025-11-25 14:04:15,718 [INFO] Setting color(207, 0, 48) on light 0
2025-11-25 14:04:15,764 [INFO] Setting color(201, 0, 54) on light 0
2025-11-25 14:04:15,809 [INFO] Setting color(192, 0, 63) on light 0
2025-11-25 14:04:15,853 [INFO] Setting color(186, 0, 69) on light 0
2025-11-25 14:04:15,899 [INFO] Setting color(180, 0, 75) on light 0
2025-11-25 14:04:15,944 [INFO] Setting color(171, 0, 84) on light 0
2025-11-25 14:04:15,990 [INFO] Setting color(165, 0, 90) on light 0
2025-11-25 14:04:16,036 [INFO] Setting color(159, 0, 96) on light 0
2025-11-25 14:04:16,081 [INFO] Setting color(150, 0, 105) on light 0
2025-11-25 14:04:16,126 [INFO] Setting color(144, 0, 111) on light 0
2025-11-25 14:04:16,168 [INFO] Setting color(138, 0, 117) on light 0
2025-11-25 14:04:16,214 [INFO] Setting color(132, 0, 123) on light 0
2025-11-25 14:04:16,256 [INFO] Setting color(123, 0, 132) on light 0
2025-11-25 14:04:16,301 [INFO] Setting color(117, 0, 138) on light 0
2025-11-25 14:04:16,347 [INFO] Setting color(111, 0, 144) on light 0
2025-11-25 14:04:16,393 [INFO] Setting color(102, 0, 153) on light 0
2025-11-25 14:04:16,437 [INFO] Setting color(96, 0, 159) on light 0
2025-11-25 14:04:16,482 [INFO] Setting color(90, 0, 165) on light 0
2025-11-25 14:04:16,523 [INFO] Setting color(84, 0, 171) on light 0
2025-11-25 14:04:16,564 [INFO] Setting color(78, 0, 177) on light 0
2025-11-25 14:04:16,606 [INFO] Setting color(72, 0, 183) on light 0
2025-11-25 14:04:16,650 [INFO] Setting color(63, 0, 192) on light 0
2025-11-25 14:04:16,696 [INFO] Setting color(57, 0, 198) on light 0
2025-11-25 14:04:16,736 [INFO] Setting color(51, 0, 204) on light 0
2025-11-25 14:04:16,782 [INFO] Setting color(45, 0, 210) on light 0
2025-11-25 14:04:16,826 [INFO] Setting color(36, 0, 219) on light 0
2025-11-25 14:04:16,867 [INFO] Setting color(30, 0, 225) on light 0
2025-11-25 14:04:16,912 [INFO] Setting color(24, 0, 231) on light 0
2025-11-25 14:04:16,957 [INFO] Setting color(18, 0, 237) on light 0
2025-11-25 14:04:17,001 [INFO] Setting color(9, 0, 246) on light 0
2025-11-25 14:04:17,047 [INFO] Setting color(3, 0, 252) on light 0
2025-11-25 14:04:17,090 [INFO] Setting color(0, 3, 252) on light 0
2025-11-25 14:04:17,134 [INFO] Setting color(0, 9, 246) on light 0
2025-11-25 14:04:17,175 [INFO] Setting color(0, 15, 240) on light 0
2025-11-25 14:04:17,216 [INFO] Setting color(0, 24, 231) on light 0
2025-11-25 14:04:17,262 [INFO] Setting color(0, 30, 225) on light 0
2025-11-25 14:04:17,308 [INFO] Setting color(0, 36, 219) on light 0
2025-11-25 14:04:17,350 [INFO] Setting color(0, 42, 213) on light 0
2025-11-25 14:04:17,395 [INFO] Setting color(0, 51, 204) on light 0
2025-11-25 14:04:17,437 [INFO] Setting color(0, 57, 198) on light 0
2025-11-25 14:04:17,483 [INFO] Setting color(0, 63, 192) on light 0
2025-11-25 14:04:17,529 [INFO] Setting color(0, 69, 186) on light 0
2025-11-25 14:04:17,573 [INFO] Setting color(0, 78, 177) on light 0
2025-11-25 14:04:17,619 [INFO] Setting color(0, 84, 171) on light 0
2025-11-25 14:04:17,661 [INFO] Setting color(0, 90, 165) on light 0
2025-11-25 14:04:17,706 [INFO] Setting color(0, 99, 156) on light 0
2025-11-25 14:04:17,752 [INFO] Setting color(0, 105, 150) on light 0
2025-11-25 14:04:17,796 [INFO] Setting color(0, 111, 144) on light 0
2025-11-25 14:04:17,839 [INFO] Setting color(0, 117, 138) on light 0
2025-11-25 14:04:17,885 [INFO] Setting color(0, 126, 129) on light 0
2025-11-25 14:04:17,931 [INFO] Setting color(0, 132, 123) on light 0
2025-11-25 14:04:17,976 [INFO] Setting color(0, 138, 117) on light 0
2025-11-25 14:04:18,021 [INFO] Setting color(0, 147, 108) on light 0
2025-11-25 14:04:18,067 [INFO] Setting color(0, 153, 102) on light 0
2025-11-25 14:04:18,109 [INFO] Setting color(0, 159, 96) on light 0
2025-11-25 14:04:18,154 [INFO] Setting color(0, 165, 90) on light 0
2025-11-25 14:04:18,199 [INFO] Setting color(0, 174, 81) on light 0
2025-11-25 14:04:18,245 [INFO] Setting color(0, 180, 75) on light 0
2025-11-25 14:04:18,286 [INFO] Setting color(0, 186, 69) on light 0
2025-11-25 14:04:18,329 [INFO] Setting color(0, 192, 63) on light 0
2025-11-25 14:04:18,374 [INFO] Setting color(0, 201, 54) on light 0
2025-11-25 14:04:18,419 [INFO] Setting color(0, 207, 48) on light 0
2025-11-25 14:04:18,463 [INFO] Setting color(0, 213, 42) on light 0
2025-11-25 14:04:18,508 [INFO] Setting color(0, 219, 36) on light 0
2025-11-25 14:04:18,552 [INFO] Setting color(0, 228, 27) on light 0
2025-11-25 14:04:18,595 [INFO] Setting color(0, 234, 21) on light 0
2025-11-25 14:04:18,640 [INFO] Setting color(0, 240, 15) on light 0
2025-11-25 14:04:18,683 [INFO] Setting color(0, 246, 9) on light 0
2025-11-25 14:04:18,728 [INFO] Setting color(0, 255, 0) on light 0
2025-11-25 14:04:18,774 [INFO] Setting color(6, 249, 0) on light 0
2025-11-25 14:04:18,819 [INFO] Setting color(12, 243, 0) on light 0
2025-11-25 14:04:18,864 [INFO] Setting color(21, 234, 0) on light 0
2025-11-25 14:04:18,908 [INFO] Setting color(27, 228, 0) on light 0
2025-11-25 14:04:18,953 [INFO] Setting color(33, 222, 0) on light 0
2025-11-25 14:04:18,995 [INFO] Setting color(39, 216, 0) on light 0
2025-11-25 14:04:19,038 [INFO] Setting color(45, 210, 0) on light 0
2025-11-25 14:04:19,084 [INFO] Setting color(54, 201, 0) on light 0
2025-11-25 14:04:19,125 [INFO] Setting color(60, 195, 0) on light 0
2025-11-25 14:04:19,168 [INFO] Setting color(66, 189, 0) on light 0
2025-11-25 14:04:19,214 [INFO] Setting color(72, 183, 0) on light 0
2025-11-25 14:04:19,257 [INFO] Setting color(81, 174, 0) on light 0
2025-11-25 14:04:19,300 [INFO] Setting color(87, 168, 0) on light 0
2025-11-25 14:04:19,345 [INFO] Setting color(93, 162, 0) on light 0
2025-11-25 14:04:19,387 [INFO] Setting color(99, 156, 0) on light 0
2025-11-25 14:04:19,433 [INFO] Setting color(108, 147, 0) on light 0
2025-11-25 14:04:19,478 [INFO] Setting color(114, 141, 0) on light 0
2025-11-25 14:04:19,520 [INFO] Setting color(120, 135, 0) on light 0
2025-11-25 14:04:19,565 [INFO] Setting color(126, 129, 0) on light 0
2025-11-25 14:04:19,611 [INFO] Setting color(135, 120, 0) on light 0
2025-11-25 14:04:19,657 [INFO] Setting color(141, 114, 0) on light 0
2025-11-25 14:04:19,701 [INFO] Setting color(147, 108, 0) on light 0
2025-11-25 14:04:19,742 [INFO] Setting color(153, 102, 0) on light 0
2025-11-25 14:04:19,788 [INFO] Setting color(162, 93, 0) on light 0
2025-11-25 14:04:19,830 [INFO] Setting color(168, 87, 0) on light 0
2025-11-25 14:04:19,872 [INFO] Setting color(174, 81, 0) on light 0
2025-11-25 14:04:19,918 [INFO] Setting color(180, 75, 0) on light 0
2025-11-25 14:04:19,964 [INFO] Setting color(189, 66, 0) on light 0
2025-11-25 14:04:20,008 [INFO] Setting color(195, 60, 0) on light 0
2025-11-25 14:04:20,049 [INFO] Setting color(201, 54, 0) on light 0
2025-11-25 14:04:20,090 [INFO] Setting color(207, 48, 0) on light 0
2025-11-25 14:04:20,135 [INFO] Setting color(213, 42, 0) on light 0
2025-11-25 14:04:20,179 [INFO] Setting color(222, 33, 0) on light 0
2025-11-25 14:04:20,224 [INFO] Setting color(228, 27, 0) on light 0
2025-11-25 14:04:20,270 [INFO] Setting color(234, 21, 0) on light 0
2025-11-25 14:04:20,315 [INFO] Setting color(243, 12, 0) on light 0
2025-11-25 14:04:20,360 [INFO] Setting color(249, 6, 0) on light 0
2025-11-25 14:04:20,406 [INFO] Setting color(255, 0, 0) on light 0
2025-11-25 14:04:20,451 [INFO] Setting color(246, 0, 9) on light 0
2025-11-25 14:04:20,497 [INFO] Setting color(240, 0, 15) on light 0
2025-11-25 14:04:20,543 [INFO] Setting color(234, 0, 21) on light 0
2025-11-25 14:04:20,587 [INFO] Setting color(228, 0, 27) on light 0
2025-11-25 14:04:20,633 [INFO] Setting color(219, 0, 36) on light 0
2025-11-25 14:04:20,678 [INFO] Setting color(213, 0, 42) on light 0
2025-11-25 14:04:20,720 [INFO] Setting color(207, 0, 48) on light 0
2025-11-25 14:04:20,765 [INFO] Setting color(198, 0, 57) on light 0
2025-11-25 14:04:20,811 [INFO] Setting color(192, 0, 63) on light 0
2025-11-25 14:04:20,855 [INFO] Setting color(186, 0, 69) on light 0
2025-11-25 14:04:20,899 [INFO] Setting color(180, 0, 75) on light 0
2025-11-25 14:04:20,944 [INFO] Setting color(171, 0, 84) on light 0
2025-11-25 14:04:20,988 [INFO] Setting color(165, 0, 90) on light 0
2025-11-25 14:04:21,032 [INFO] Setting color(159, 0, 96) on light 0
2025-11-25 14:04:21,078 [INFO] Setting color(153, 0, 102) on light 0
2025-11-25 14:04:21,123 [INFO] Setting color(144, 0, 111) on light 0
2025-11-25 14:04:21,168 [INFO] Setting color(138, 0, 117) on light 0
2025-11-25 14:04:21,214 [INFO] Setting color(132, 0, 123) on light 0
2025-11-25 14:04:21,256 [INFO] Setting color(123, 0, 132) on light 0
2025-11-25 14:04:21,301 [INFO] Setting color(117, 0, 138) on light 0
2025-11-25 14:04:21,347 [INFO] Setting color(111, 0, 144) on light 0
2025-11-25 14:04:21,390 [INFO] Setting color(105, 0, 150) on light 0
2025-11-25 14:04:21,433 [INFO] Setting color(96, 0, 159) on light 0
2025-11-25 14:04:21,478 [INFO] Setting color(90, 0, 165) on light 0
2025-11-25 14:04:21,519 [INFO] Setting color(84, 0, 171) on light 0
2025-11-25 14:04:21,565 [INFO] Setting color(78, 0, 177) on light 0
2025-11-25 14:04:21,606 [INFO] Setting color(72, 0, 183) on light 0
2025-11-25 14:04:21,650 [INFO] Setting color(63, 0, 192) on light 0
2025-11-25 14:04:21,691 [INFO] Setting color(57, 0, 198) on light 0
2025-11-25 14:04:21,736 [INFO] Setting color(51, 0, 204) on light 0
2025-11-25 14:04:21,781 [INFO] Setting color(45, 0, 210) on light 0
2025-11-25 14:04:21,826 [INFO] Setting color(36, 0, 219) on light 0
2025-11-25 14:04:21,868 [INFO] Setting color(30, 0, 225) on light 0
2025-11-25 14:04:21,913 [INFO] Setting color(24, 0, 231) on light 0
2025-11-25 14:04:21,957 [INFO] Setting color(18, 0, 237) on light 0
2025-11-25 14:04:22,000 [INFO] Setting color(12, 0, 243) on light 0
2025-11-25 14:04:22,045 [INFO] Setting color(3, 0, 252) on light 0
2025-11-25 14:04:22,086 [INFO] Setting color(0, 3, 252) on light 0
2025-11-25 14:04:22,127 [INFO] Setting color(0, 9, 246) on light 0
2025-11-25 14:04:22,170 [INFO] Setting color(0, 15, 240) on light 0
2025-11-25 14:04:22,212 [INFO] Setting color(0, 21, 234) on light 0
2025-11-25 14:04:22,255 [INFO] Setting color(0, 27, 228) on light 0
2025-11-25 14:04:22,299 [INFO] Setting color(0, 36, 219) on light 0
2025-11-25 14:04:22,340 [INFO] Setting color(0, 42, 213) on light 0
2025-11-25 14:04:22,386 [INFO] Setting color(0, 48, 207) on light 0
2025-11-25 14:04:22,430 [INFO] Setting color(0, 54, 201) on light 0
2025-11-25 14:04:22,473 [INFO] Setting color(0, 63, 192) on light 0
2025-11-25 14:04:22,514 [INFO] Setting color(0, 69, 186) on light 0
2025-11-25 14:04:22,560 [INFO] Setting color(0, 75, 180) on light 0
2025-11-25 14:04:22,605 [INFO] Setting color(0, 81, 174) on light 0
2025-11-25 14:04:22,648 [INFO] Setting color(0, 90, 165) on light 0
2025-11-25 14:04:22,693 [INFO] Setting color(0, 96, 159) on light 0
2025-11-25 14:04:22,739 [INFO] Setting color(0, 102, 153) on light 0
2025-11-25 14:04:22,782 [INFO] Setting color(0, 108, 147) on light 0
2025-11-25 14:04:22,826 [INFO] Setting color(0, 117, 138) on light 0
2025-11-25 14:04:22,870 [INFO] Setting color(0, 123, 132) on light 0
2025-11-25 14:04:22,914 [INFO] Setting color(0, 129, 126) on light 0
2025-11-25 14:04:22,960 [INFO] Setting color(0, 135, 120) on light 0
2025-11-25 14:04:23,001 [INFO] Setting color(0, 144, 111) on light 0
2025-11-25 14:04:23,046 [INFO] Setting color(0, 150, 105) on light 0
2025-11-25 14:04:23,092 [INFO] Setting color(0, 156, 99) on light 0
2025-11-25 14:04:23,137 [INFO] Setting color(0, 162, 93) on light 0
2025-11-25 14:04:23,182 [INFO] Setting color(0, 171, 84) on light 0
2025-11-25 14:04:23,227 [INFO] Setting color(0, 177, 78) on light 0
2025-11-25 14:04:23,273 [INFO] Setting color(0, 183, 72) on light 0
2025-11-25 14:04:23,318 [INFO] Setting color(0, 192, 63) on light 0
2025-11-25 14:04:23,363 [INFO] Setting color(0, 198, 57) on light 0
2025-11-25 14:04:23,404 [INFO] Setting color(0, 204, 51) on light 0
2025-11-25 14:04:23,450 [INFO] Setting color(0, 210, 45) on light 0
2025-11-25 14:04:23,495 [INFO] Setting color(0, 219, 36) on light 0
2025-11-25 14:04:23,536 [INFO] Setting color(0, 225, 30) on light 0
2025-11-25 14:04:23,579 [INFO] Setting color(0, 231, 24) on light 0
2025-11-25 14:04:23,621 [INFO] Setting color(0, 237, 18) on light 0
2025-11-25 14:04:23,666 [INFO] Setting color(0, 243, 12) on light 0
2025-11-25 14:04:23,707 [INFO] Setting color(0, 252, 3) on light 0
2025-11-25 14:04:23,751 [INFO] Setting color(3, 252, 0) on light 0
2025-11-25 14:04:23,795 [INFO] Setting color(9, 246, 0) on light 0
2025-11-25 14:04:23,841 [INFO] Setting color(15, 240, 0) on light 0
2025-11-25 14:04:23,884 [INFO] Setting color(24, 231, 0) on light 0
2025-11-25 14:04:23,929 [INFO] Setting color(30, 225, 0) on light 0
2025-11-25 14:04:23,974 [INFO] Setting color(36, 219, 0) on light 0
2025-11-25 14:04:24,015 [INFO] Setting color(42, 213, 0) on light 0
2025-11-25 14:04:24,060 [INFO] Setting color(51, 204, 0) on light 0
2025-11-25 14:04:24,105 [INFO] Setting color(57, 198, 0) on light 0
2025-11-25 14:04:24,149 [INFO] Setting color(63, 192, 0) on light 0
2025-11-25 14:04:24,193 [INFO] Setting color(69, 186, 0) on light 0
2025-11-25 14:04:24,236 [INFO] Setting color(78, 177, 0) on light 0
2025-11-25 14:04:24,277 [INFO] Setting color(84, 171, 0) on light 0
2025-11-25 14:04:24,318 [INFO] Setting color(90, 165, 0) on light 0
2025-11-25 14:04:24,360 [INFO] Setting color(96, 159, 0) on light 0
2025-11-25 14:04:24,405 [INFO] Setting color(102, 153, 0) on light 0
2025-11-25 14:04:24,451 [INFO] Setting color(108, 147, 0) on light 0
2025-11-25 14:04:24,497 [INFO] Setting color(117, 138, 0) on light 0
2025-11-25 14:04:24,538 [INFO] Setting color(123, 132, 0) on light 0
2025-11-25 14:04:24,579 [INFO] Setting color(129, 126, 0) on light 0
2025-11-25 14:04:24,624 [INFO] Setting color(135, 120, 0) on light 0
2025-11-25 14:04:24,665 [INFO] Setting color(141, 114, 0) on light 0
2025-11-25 14:04:24,711 [INFO] Setting color(150, 105, 0) on light 0
2025-11-25 14:04:24,756 [INFO] Setting color(156, 99, 0) on light 0
2025-11-25 14:04:24,797 [INFO] Setting color(162, 93, 0) on light 0
2025-11-25 14:04:24,840 [INFO] Setting color(168, 87, 0) on light 0
2025-11-25 14:04:24,885 [INFO] Setting color(177, 78, 0) on light 0
2025-11-25 14:04:24,930 [INFO] Setting color(183, 72, 0) on light 0
2025-11-25 14:04:24,976 [INFO] Setting color(189, 66, 0) on light 0
2025-11-25 14:04:25,018 [INFO] Setting color(195, 60, 0) on light 0
2025-11-25 14:04:25,064 [INFO] Setting color(204, 51, 0) on light 0
2025-11-25 14:04:25,109 [INFO] Setting color(210, 45, 0) on light 0
2025-11-25 14:04:25,151 [INFO] Setting color(216, 39, 0) on light 0
2025-11-25 14:04:25,193 [INFO] Setting color(222, 33, 0) on light 0
2025-11-25 14:04:25,238 [INFO] Setting color(231, 24, 0) on light 0
2025-11-25 14:04:25,283 [INFO] Setting color(237, 18, 0) on light 0
2025-11-25 14:04:25,329 [INFO] Setting color(243, 12, 0) on light 0
2025-11-25 14:04:25,371 [INFO] Setting color(249, 6, 0) on light 0
2025-11-25 14:04:25,416 [INFO] Setting color(252, 0, 3) on light 0
2025-11-25 14:04:25,458 [INFO] Setting color(246, 0, 9) on light 0
2025-11-25 14:04:25,501 [INFO] Setting color(240, 0, 15) on light 0
2025-11-25 14:04:25,544 [INFO] Setting color(234, 0, 21) on light 0
2025-11-25 14:04:25,588 [INFO] Setting color(228, 0, 27) on light 0
2025-11-25 14:04:25,632 [INFO] Setting color(219, 0, 36) on light 0
2025-11-25 14:04:25,673 [INFO] Setting color(213, 0, 42) on light 0
2025-11-25 14:04:25,718 [INFO] Setting color(207, 0, 48) on light 0
2025-11-25 14:04:25,764 [INFO] Setting color(201, 0, 54) on light 0
2025-11-25 14:04:25,808 [INFO] Setting color(192, 0, 63) on light 0
2025-11-25 14:04:25,853 [INFO] Setting color(186, 0, 69) on light 0
2025-11-25 14:04:25,899 [INFO] Setting color(180, 0, 75) on light 0
2025-11-25 14:04:25,944 [INFO] Setting color(171, 0, 84) on light 0
2025-11-25 14:04:25,984 [INFO] Setting color(165, 0, 90) on light 0
2025-11-25 14:04:26,029 [INFO] Setting color(159, 0, 96) on light 0
2025-11-25 14:04:26,072 [INFO] Setting color(153, 0, 102) on light 0
2025-11-25 14:04:26,118 [INFO] Setting color(144, 0, 111) on light 0
2025-11-25 14:04:26,161 [INFO] Setting color(138, 0, 117) on light 0
2025-11-25 14:04:26,206 [INFO] Setting color(132, 0, 123) on light 0
2025-11-25 14:04:26,247 [INFO] Setting color(126, 0, 129) on light 0
2025-11-25 14:04:26,290 [INFO] Setting color(120, 0, 135) on light 0
2025-11-25 14:04:26,335 [INFO] Setting color(111, 0, 144) on light 0
2025-11-25 14:04:26,379 [INFO] Setting color(105, 0, 150) on light 0
2025-11-25 14:04:26,421 [INFO] Setting color(99, 0, 156) on light 0
2025-11-25 14:04:26,466 [INFO] Setting color(93, 0, 162) on light 0
2025-11-25 14:04:26,510 [INFO] Setting color(84, 0, 171) on light 0
2025-11-25 14:04:26,552 [INFO] Setting color(78, 0, 177) on light 0
2025-11-25 14:04:26,597 [INFO] Setting color(72, 0, 183) on light 0
2025-11-25 14:04:26,641 [INFO] Setting color(66, 0, 189) on light 0
2025-11-25 14:04:26,685 [INFO] Setting color(60, 0, 195) on light 0
2025-11-25 14:04:26,727 [INFO] Setting color(51, 0, 204) on light 0
2025-11-25 14:04:26,772 [INFO] Setting color(45, 0, 210) on light 0
2025-11-25 14:04:26,817 [INFO] Setting color(39, 0, 216) on light 0
2025-11-25 14:04:26,863 [INFO] Setting color(30, 0, 225) on light 0
2025-11-25 14:04:26,906 [INFO] Setting color(24, 0, 231) on light 0
2025-11-25 14:04:26,951 [INFO] Setting color(18, 0, 237) on light 0
2025-11-25 14:04:26,993 [INFO] Setting color(12, 0, 243) on light 0
2025-11-25 14:04:27,038 [INFO] Setting color(6, 0, 249) on light 0
2025-11-25 14:04:27,084 [INFO] Setting color(0, 3, 252) on light 0
2025-11-25 14:04:27,126 [INFO] Setting color(0, 9, 246) on light 0
2025-11-25 14:04:27,168 [INFO] Setting color(0, 15, 240) on light 0
2025-11-25 14:04:27,209 [INFO] Setting color(0, 21, 234) on light 0
2025-11-25 14:04:27,251 [INFO] Setting color(0, 27, 228) on light 0
2025-11-25 14:04:27,296 [INFO] Setting color(0, 36, 219) on light 0
2025-11-25 14:04:27,340 [INFO] Setting color(0, 42, 213) on light 0
2025-11-25 14:04:27,386 [INFO] Setting color(0, 48, 207) on light 0
2025-11-25 14:04:27,427 [INFO] Setting color(0, 54, 201) on light 0
2025-11-25 14:04:27,471 [INFO] Setting color(0, 63, 192) on light 0
2025-11-25 14:04:27,514 [INFO] Setting color(0, 69, 186) on light 0
2025-11-25 14:04:27,560 [INFO] Setting color(0, 75, 180) on light 0
2025-11-25 14:04:27,605 [INFO] Setting color(0, 81, 174) on light 0
2025-11-25 14:04:27,651 [INFO] Setting color(0, 90, 165) on light 0
2025-11-25 14:04:27,696 [INFO] Setting color(0, 96, 159) on light 0
2025-11-25 14:04:27,739 [INFO] Setting color(0, 102, 153) on light 0
2025-11-25 14:04:27,783 [INFO] Setting color(0, 108, 147) on light 0
2025-11-25 14:04:27,829 [INFO] Setting color(0, 117, 138) on light 0
2025-11-25 14:04:27,874 [INFO] Setting color(0, 123, 132) on light 0
2025-11-25 14:04:27,919 [INFO] Setting color(0, 129, 126) on light 0
2025-11-25 14:04:27,963 [INFO] Setting color(0, 138, 117) on light 0
2025-11-25 14:04:28,006 [INFO] Setting color(0, 144, 111) on light 0
2025-11-25 14:04:28,049 [INFO] Setting color(0, 150, 105) on light 0
2025-11-25 14:04:28,091 [INFO] Setting color(0, 156, 99) on light 0
2025-11-25 14:04:28,135 [INFO] Setting color(0, 162, 93) on light 0
2025-11-25 14:04:28,177 [INFO] Setting color(0, 171, 84) on light 0
2025-11-25 14:04:28,218 [INFO] Setting color(0, 177, 78) on light 0
2025-11-25 14:04:28,263 [INFO] Setting color(0, 183, 72) on light 0
2025-11-25 14:04:28,307 [INFO] Setting color(0, 189, 66) on light 0
2025-11-25 14:04:28,351 [INFO] Setting color(0, 195, 60) on light 0
2025-11-25 14:04:28,397 [INFO] Setting color(0, 204, 51) on light 0
2025-11-25 14:04:28,440 [INFO] Setting color(0, 210, 45) on light 0
2025-11-25 14:04:28,485 [INFO] Setting color(0, 216, 39) on light 0
2025-11-25 14:04:28,527 [INFO] Setting color(0, 222, 33) on light 0
2025-11-25 14:04:28,572 [INFO] Setting color(0, 231, 24) on light 0
2025-11-25 14:04:28,613 [INFO] Setting color(0, 237, 18) on light 0
2025-11-25 14:04:28,659 [INFO] Setting color(0, 243, 12) on light 0
2025-11-25 14:04:28,704 [INFO] Setting color(0, 249, 6) on light 0
2025-11-25 14:04:28,750 [INFO] Setting color(3, 252, 0) on light 0
2025-11-25 14:04:28,795 [INFO] Setting color(9, 246, 0) on light 0
2025-11-25 14:04:28,840 [INFO] Setting color(15, 240, 0) on light 0
2025-11-25 14:04:28,883 [INFO] Setting color(24, 231, 0) on light 0
2025-11-25 14:04:28,924 [INFO] Setting color(30, 225, 0) on light 0
2025-11-25 14:04:28,967 [INFO] Setting color(36, 219, 0) on light 0
2025-11-25 14:04:29,010 [INFO] Setting color(42, 213, 0) on light 0
2025-11-25 14:04:29,056 [INFO] Setting color(48, 207, 0) on light 0
2025-11-25 14:04:29,101 [INFO] Setting color(57, 198, 0) on light 0
2025-11-25 14:04:29,142 [INFO] Setting color(63, 192, 0) on light 0
2025-11-25 14:04:29,184 [INFO] Setting color(69, 186, 0) on light 0
2025-11-25 14:04:29,228 [INFO] Setting color(75, 180, 0) on light 0
2025-11-25 14:04:29,270 [INFO] Setting color(81, 174, 0) on light 0
2025-11-25 14:04:29,311 [INFO] Setting color(87, 168, 0) on light 0
2025-11-25 14:04:29,357 [INFO] Setting color(96, 159, 0) on light 0
2025-11-25 14:04:29,398 [INFO] Setting color(102, 153, 0) on light 0
2025-11-25 14:04:29,441 [INFO] Setting color(108, 147, 0) on light 0
2025-11-25 14:04:29,485 [INFO] Setting color(114, 141, 0) on light 0
2025-11-25 14:04:29,528 [INFO] Setting color(120, 135, 0) on light 0
2025-11-25 14:04:29,574 [INFO] Setting color(129, 126, 0) on light 0
2025-11-25 14:04:29,618 [INFO] Setting color(135, 120, 0) on light 0
2025-11-25 14:04:29,664 [INFO] Setting color(141, 114, 0) on light 0
2025-11-25 14:04:29,709 [INFO] Setting color(150, 105, 0) on light 0
2025-11-25 14:04:29,755 [INFO] Setting color(156, 99, 0) on light 0
2025-11-25 14:04:29,799 [INFO] Setting color(162, 93, 0) on light 0
2025-11-25 14:04:29,844 [INFO] Setting color(171, 84, 0) on light 0
2025-11-25 14:04:29,886 [INFO] Setting color(177, 78, 0) on light 0
2025-11-25 14:04:29,932 [INFO] Setting color(183, 72, 0) on light 0
2025-11-25 14:04:29,978 [INFO] Setting color(189, 66, 0) on light 0
2025-11-25 14:04:30,021 [INFO] Setting color(198, 57, 0) on light 0
2025-11-25 14:04:30,062 [INFO] Setting color(204, 51, 0) on light 0
2025-11-25 14:04:30,107 [INFO] Setting color(210, 45, 0) on light 0
2025-11-25 14:04:30,153 [INFO] Setting color(216, 39, 0) on light 0
2025-11-25 14:04:30,198 [INFO] Setting color(225, 30, 0) on light 0
2025-11-25 14:04:30,244 [INFO] Setting color(231, 24, 0) on light 0
2025-11-25 14:04:30,285 [INFO] Setting color(237, 18, 0) on light 0
2025-11-25 14:04:30,330 [INFO] Setting color(243, 12, 0) on light 0
2025-11-25 14:04:30,374 [INFO] Setting color(252, 3, 0) on light 0
2025-11-25 14:04:30,419 [INFO] Setting color(252, 0, 3) on light 0
2025-11-25 14:04:30,465 [INFO] Setting color(246, 0, 9) on light 0
2025-11-25 14:04:30,505 [INFO] Setting color(240, 0, 15) on light 0
2025-11-25 14:04:30,551 [INFO] Setting color(231, 0, 24) on light 0
2025-11-25 14:04:30,597 [INFO] Setting color(225, 0, 30) on light 0
2025-11-25 14:04:30,638 [INFO] Setting color(219, 0, 36) on light 0
2025-11-25 14:04:30,681 [INFO] Setting color(213, 0, 42) on light 0
2025-11-25 14:04:30,726 [INFO] Setting color(204, 0, 51) on light 0
2025-11-25 14:04:30,772 [INFO] Setting color(198, 0, 57) on light 0
2025-11-25 14:04:30,816 [INFO] Setting color(192, 0, 63) on light 0
2025-11-25 14:04:30,861 [INFO] Setting color(186, 0, 69) on light 0
2025-11-25 14:04:30,907 [INFO] Setting color(177, 0, 78) on light 0
2025-11-25 14:04:30,951 [INFO] Setting color(171, 0, 84) on light 0
2025-11-25 14:04:30,994 [INFO] Setting color(165, 0, 90) on light 0
2025-11-25 14:04:31,038 [INFO] Setting color(159, 0, 96) on light 0
2025-11-25 14:04:31,084 [INFO] Setting color(150, 0, 105) on light 0
2025-11-25 14:04:31,129 [INFO] Setting color(144, 0, 111) on light 0
2025-11-25 14:04:31,175 [INFO] Setting color(138, 0, 117) on light 0
2025-11-25 14:04:31,218 [INFO] Setting color(129, 0, 126) on light 0
2025-11-25 14:04:31,260 [INFO] Setting color(123, 0, 132) on light 0
2025-11-25 14:04:31,306 [INFO] Setting color(117, 0, 138) on light 0
2025-11-25 14:04:31,351 [INFO] Setting color(111, 0, 144) on light 0
2025-11-25 14:04:31,397 [INFO] Setting color(102, 0, 153) on light 0
2025-11-25 14:04:31,442 [INFO] Setting color(96, 0, 159) on light 0
2025-11-25 14:04:31,488 [INFO] Setting color(90, 0, 165) on light 0
2025-11-25 14:04:31,533 [INFO] Setting color(81, 0, 174) on light 0
2025-11-25 14:04:31,576 [INFO] Setting color(75, 0, 180) on light 0
2025-11-25 14:04:31,618 [INFO] Setting color(69, 0, 186) on light 0
2025-11-25 14:04:31,660 [INFO] Setting color(63, 0, 192) on light 0
2025-11-25 14:04:31,701 [INFO] Setting color(57, 0, 198) on light 0
2025-11-25 14:04:31,747 [INFO] Setting color(48, 0, 207) on light 0
2025-11-25 14:04:31,792 [INFO] Setting color(42, 0, 213) on light 0
2025-11-25 14:04:31,835 [INFO] Setting color(36, 0, 219) on light 0
2025-11-25 14:04:31,881 [INFO] Setting color(30, 0, 225) on light 0
2025-11-25 14:04:31,922 [INFO] Setting color(21, 0, 234) on light 0
2025-11-25 14:04:31,963 [INFO] Setting color(15, 0, 240) on light 0
2025-11-25 14:04:32,008 [INFO] Setting color(9, 0, 246) on light 0
2025-11-25 14:04:32,053 [INFO] Setting color(3, 0, 252) on light 0
2025-11-25 14:04:32,099 [INFO] Setting color(0, 6, 249) on light 0
2025-11-25 14:04:32,145 [INFO] Setting color(0, 12, 243) on light 0
2025-11-25 14:04:32,186 [INFO] Setting color(0, 18, 237) on light 0
2025-11-25 14:04:32,229 [INFO] Setting color(0, 24, 231) on light 0
2025-11-25 14:04:32,273 [INFO] Setting color(0, 30, 225) on light 0
2025-11-25 14:04:32,318 [INFO] Setting color(0, 39, 216) on light 0
2025-11-25 14:04:32,360 [INFO] Setting color(0, 45, 210) on light 0
2025-11-25 14:04:32,406 [INFO] Setting color(0, 51, 204) on light 0
2025-11-25 14:04:32,451 [INFO] Setting color(0, 60, 195) on light 0
2025-11-25 14:04:32,495 [INFO] Setting color(0, 66, 189) on light 0
2025-11-25 14:04:32,540 [INFO] Setting color(0, 72, 183) on light 0
2025-11-25 14:04:32,586 [INFO] Setting color(0, 78, 177) on light 0
2025-11-25 14:04:32,629 [INFO] Setting color(0, 87, 168) on light 0
2025-11-25 14:04:32,671 [INFO] Setting color(0, 93, 162) on light 0
2025-11-25 14:04:32,713 [INFO] Setting color(0, 99, 156) on light 0
2025-11-25 14:04:32,757 [INFO] Setting color(0, 105, 150) on light 0
2025-11-25 14:04:32,801 [INFO] Setting color(0, 111, 144) on light 0
2025-11-25 14:04:32,842 [INFO] Setting color(0, 117, 138) on light 0
2025-11-25 14:04:32,887 [INFO] Setting color(0, 126, 129) on light 0
2025-11-25 14:04:32,930 [INFO] Setting color(0, 132, 123) on light 0
2025-11-25 14:04:32,975 [INFO] Setting color(0, 138, 117) on light 0
2025-11-25 14:04:33,019 [INFO] Setting color(0, 144, 111) on light 0
2025-11-25 14:04:33,062 [INFO] Setting color(0, 153, 102) on light 0
2025-11-25 14:04:33,107 [INFO] Setting color(0, 159, 96) on light 0
2025-11-25 14:04:33,152 [INFO] Setting color(0, 165, 90) on light 0
2025-11-25 14:04:33,194 [INFO] Setting color(0, 171, 84) on light 0
2025-11-25 14:04:33,235 [INFO] Setting color(0, 177, 78) on light 0
2025-11-25 14:04:33,278 [INFO] Setting color(0, 186, 69) on light 0
2025-11-25 14:04:33,320 [INFO] Setting color(0, 192, 63) on light 0
2025-11-25 14:04:33,365 [INFO] Setting color(0, 198, 57) on light 0
2025-11-25 14:04:33,410 [INFO] Setting color(0, 204, 51) on light 0
2025-11-25 14:04:33,455 [INFO] Setting color(0, 213, 42) on light 0
2025-11-25 14:04:33,499 [INFO] Setting color(0, 219, 36) on light 0
2025-11-25 14:04:33,544 [INFO] Setting color(0, 225, 30) on light 0
2025-11-25 14:04:33,589 [INFO] Setting color(0, 234, 21) on light 0
2025-11-25 14:04:33,631 [INFO] Setting color(0, 240, 15) on light 0
2025-11-25 14:04:33,677 [INFO] Setting color(0, 246, 9) on light 0
2025-11-25 14:04:33,718 [INFO] Setting color(0, 252, 3) on light 0
2025-11-25 14:04:33,764 [INFO] Setting color(3, 252, 0) on light 0
2025-11-25 14:04:33,805 [INFO] Setting color(12, 243, 0) on light 0
2025-11-25 14:04:33,850 [INFO] Setting color(18, 237, 0) on light 0
2025-11-25 14:04:33,891 [INFO] Setting color(24, 231, 0) on light 0
2025-11-25 14:04:33,933 [INFO] Setting color(30, 225, 0) on light 0
2025-11-25 14:04:33,978 [INFO] Setting color(36, 219, 0) on light 0
2025-11-25 14:04:34,021 [INFO] Setting color(45, 210, 0) on light 0
2025-11-25 14:04:34,066 [INFO] Setting color(51, 204, 0) on light 0
2025-11-25 14:04:34,112 [INFO] Setting color(57, 198, 0) on light 0
2025-11-25 14:04:34,157 [INFO] Setting color(63, 192, 0) on light 0
2025-11-25 14:04:34,201 [INFO] Setting color(72, 183, 0) on light 0
2025-11-25 14:04:34,247 [INFO] Setting color(78, 177, 0) on light 0
2025-11-25 14:04:34,292 [INFO] Setting color(84, 171, 0) on light 0
2025-11-25 14:04:34,338 [INFO] Setting color(93, 162, 0) on light 0
2025-11-25 14:04:34,382 [INFO] Setting color(99, 156, 0) on light 0
2025-11-25 14:04:34,425 [INFO] Setting color(105, 150, 0) on light 0
2025-11-25 14:04:34,468 [INFO] Setting color(111, 144, 0) on light 0
2025-11-25 14:04:34,514 [INFO] Setting color(120, 135, 0) on light 0
2025-11-25 14:04:34,557 [INFO] Setting color(126, 129, 0) on light 0
2025-11-25 14:04:34,602 [INFO] Setting color(132, 123, 0) on light 0
2025-11-25 14:04:34,646 [INFO] Setting color(138, 117, 0) on light 0
2025-11-25 14:04:34,690 [INFO] Setting color(147, 108, 0) on light 0
2025-11-25 14:04:34,736 [INFO] Setting color(153, 102, 0) on light 0
2025-11-25 14:04:34,781 [INFO] Setting color(159, 96, 0) on light 0
2025-11-25 14:04:34,826 [INFO] Setting color(168, 87, 0) on light 0
2025-11-25 14:04:34,870 [INFO] Setting color(174, 81, 0) on light 0
2025-11-25 14:04:34,911 [INFO] Setting color(180, 75, 0) on light 0
2025-11-25 14:04:34,952 [INFO] Setting color(186, 69, 0) on light 0
2025-11-25 14:04:34,997 [INFO] Setting color(192, 63, 0) on light 0
2025-11-25 14:04:35,040 [INFO] Setting color(201, 54, 0) on light 0
2025-11-25 14:04:35,085 [INFO] Setting color(207, 48, 0) on light 0
2025-11-25 14:04:35,126 [INFO] Setting color(213, 42, 0) on light 0
2025-11-25 14:04:35,169 [INFO] Setting color(219, 36, 0) on light 0
2025-11-25 14:04:35,210 [INFO] Setting color(225, 30, 0) on light 0
2025-11-25 14:04:35,251 [INFO] Setting color(231, 24, 0) on light 0
2025-11-25 14:04:35,297 [INFO] Setting color(240, 15, 0) on light 0
2025-11-25 14:04:35,338 [INFO] Setting color(246, 9, 0) on light 0
2025-11-25 14:04:35,381 [INFO] Setting color(252, 3, 0) on light 0
2025-11-25 14:04:35,427 [INFO] Setting color(252, 0, 3) on light 0
2025-11-25 14:04:35,472 [INFO] Setting color(243, 0, 12) on light 0
2025-11-25 14:04:35,513 [INFO] Setting color(237, 0, 18) on light 0
2025-11-25 14:04:35,556 [INFO] Setting color(231, 0, 24) on light 0
2025-11-25 14:04:35,601 [INFO] Setting color(225, 0, 30) on light 0
2025-11-25 14:04:35,645 [INFO] Setting color(219, 0, 36) on light 0
2025-11-25 14:04:35,689 [INFO] Setting color(210, 0, 45) on light 0
2025-11-25 14:04:35,731 [INFO] Setting color(204, 0, 51) on light 0
2025-11-25 14:04:35,777 [INFO] Setting color(198, 0, 57) on light 0
2025-11-25 14:04:35,821 [INFO] Setting color(192, 0, 63) on light 0
2025-11-25 14:04:35,866 [INFO] Setting color(183, 0, 72) on light 0
2025-11-25 14:04:35,908 [INFO] Setting color(177, 0, 78) on light 0
2025-11-25 14:04:35,952 [INFO] Setting color(171, 0, 84) on light 0
2025-11-25 14:04:35,997 [INFO] Setting color(165, 0, 90) on light 0
2025-11-25 14:04:36,041 [INFO] Setting color(156, 0, 99) on light 0
2025-11-25 14:04:36,084 [INFO] Setting color(150, 0, 105) on light 0
2025-11-25 14:04:36,129 [INFO] Setting color(144, 0, 111) on light 0
2025-11-25 14:04:36,170 [INFO] Setting color(138, 0, 117) on light 0
2025-11-25 14:04:36,215 [INFO] Setting color(132, 0, 123) on light 0
2025-11-25 14:04:36,257 [INFO] Setting color(123, 0, 132) on light 0
2025-11-25 14:04:36,298 [INFO] Setting color(117, 0, 138) on light 0
2025-11-25 14:04:36,343 [INFO] Setting color(111, 0, 144) on light 0
2025-11-25 14:04:36,388 [INFO] Setting color(105, 0, 150) on light 0
2025-11-25 14:04:36,434 [INFO] Setting color(96, 0, 159) on light 0
2025-11-25 14:04:36,475 [INFO] Setting color(90, 0, 165) on light 0
2025-11-25 14:04:36,516 [INFO] Setting color(84, 0, 171) on light 0
2025-11-25 14:04:36,561 [INFO] Setting color(78, 0, 177) on light 0
2025-11-25 14:04:36,606 [INFO] Setting color(72, 0, 183) on light 0
2025-11-25 14:04:36,651 [INFO] Setting color(63, 0, 192) on light 0
2025-11-25 14:04:36,693 [INFO] Setting color(57, 0, 198) on light 0
2025-11-25 14:04:36,738 [INFO] Setting color(51, 0, 204) on light 0
2025-11-25 14:04:36,782 [INFO] Setting color(45, 0, 210) on light 0
2025-11-25 14:04:36,828 [INFO] Setting color(36, 0, 219) on light 0
2025-11-25 14:04:36,873 [INFO] Setting color(30, 0, 225) on light 0
2025-11-25 14:04:36,919 [INFO] Setting color(24, 0, 231) on light 0
2025-11-25 14:04:36,962 [INFO] Setting color(15, 0, 240) on light 0
2025-11-25 14:04:37,005 [INFO] Setting color(9, 0, 246) on light 0
2025-11-25 14:04:37,051 [INFO] Setting color(3, 0, 252) on light 0
2025-11-25 14:04:37,093 [INFO] Setting color(0, 3, 252) on light 0
2025-11-25 14:04:37,134 [INFO] Setting color(0, 9, 246) on light 0
2025-11-25 14:04:37,180 [INFO] Setting color(0, 18, 237) on light 0
2025-11-25 14:04:37,224 [INFO] Setting color(0, 24, 231) on light 0
2025-11-25 14:04:37,268 [INFO] Setting color(0, 30, 225) on light 0
2025-11-25 14:04:37,309 [INFO] Setting color(0, 36, 219) on light 0
2025-11-25 14:04:37,352 [INFO] Setting color(0, 42, 213) on light 0
2025-11-25 14:04:37,397 [INFO] Setting color(0, 51, 204) on light 0
2025-11-25 14:04:37,439 [INFO] Setting color(0, 57, 198) on light 0
2025-11-25 14:04:37,482 [INFO] Setting color(0, 63, 192) on light 0
2025-11-25 14:04:37,523 [INFO] Setting color(0, 69, 186) on light 0
2025-11-25 14:04:37,564 [INFO] Setting color(0, 75, 180) on light 0
2025-11-25 14:04:37,610 [INFO] Setting color(0, 84, 171) on light 0
2025-11-25 14:04:37,651 [INFO] Setting color(0, 90, 165) on light 0
2025-11-25 14:04:37,697 [INFO] Setting color(0, 96, 159) on light 0
2025-11-25 14:04:37,742 [INFO] Setting color(0, 102, 153) on light 0
2025-11-25 14:04:37,783 [INFO] Setting color(0, 108, 147) on light 0
2025-11-25 14:04:37,826 [INFO] Setting color(0, 117, 138) on light 0
2025-11-25 14:04:37,871 [INFO] Setting color(0, 123, 132) on light 0
2025-11-25 14:04:37,915 [INFO] Setting color(0, 129, 126) on light 0
2025-11-25 14:04:37,961 [INFO] Setting color(0, 135, 120) on light 0
2025-11-25 14:04:38,005 [INFO] Setting color(0, 144, 111) on light 0
2025-11-25 14:04:38,047 [INFO] Setting color(0, 150, 105) on light 0
2025-11-25 14:04:38,088 [INFO] Setting color(0, 156, 99) on light 0
2025-11-25 14:04:38,133 [INFO] Setting color(0, 162, 93) on light 0
2025-11-25 14:04:38,178 [INFO] Setting color(0, 171, 84) on light 0
2025-11-25 14:04:38,223 [INFO] Setting color(0, 177, 78) on light 0
2025-11-25 14:04:38,268 [INFO] Setting color(0, 183, 72) on light 0
2025-11-25 14:04:38,314 [INFO] Setting color(0, 189, 66) on light 0
2025-11-25 14:04:38,354 [INFO] Setting color(0, 198, 57) on light 0
2025-11-25 14:04:38,399 [INFO] Setting color(0, 204, 51) on light 0
2025-11-25 14:04:38,444 [INFO] Setting color(0, 210, 45) on light 0
2025-11-25 14:04:38,487 [INFO] Setting color(0, 216, 39) on light 0
2025-11-25 14:04:38,531 [INFO] Setting color(0, 225, 30) on light 0
2025-11-25 14:04:38,577 [INFO] Setting color(0, 231, 24) on light 0
2025-11-25 14:04:38,622 [INFO] Setting color(0, 237, 18) on light 0
2025-11-25 14:04:38,667 [INFO] Setting color(0, 246, 9) on light 0
2025-11-25 14:04:38,712 [INFO] Setting color(0, 252, 3) on light 0
2025-11-25 14:04:38,757 [INFO] Setting color(3, 252, 0) on light 0
2025-11-25 14:04:38,798 [INFO] Setting color(9, 246, 0) on light 0
2025-11-25 14:04:38,842 [INFO] Setting color(15, 240, 0) on light 0
2025-11-25 14:04:38,884 [INFO] Setting color(24, 231, 0) on light 0
2025-11-25 14:04:38,928 [INFO] Setting color(30, 225, 0) on light 0
2025-11-25 14:04:38,973 [INFO] Setting color(36, 219, 0) on light 0
2025-11-25 14:04:39,019 [INFO] Setting color(42, 213, 0) on light 0
2025-11-25 14:04:39,061 [INFO] Setting color(51, 204, 0) on light 0
2025-11-25 14:04:39,106 [INFO] Setting color(57, 198, 0) on light 0
2025-11-25 14:04:39,151 [INFO] Setting color(63, 192, 0) on light 0
2025-11-25 14:04:39,195 [INFO] Setting color(69, 186, 0) on light 0
2025-11-25 14:04:39,239 [INFO] Setting color(78, 177, 0) on light 0
2025-11-25 14:04:39,285 [INFO] Setting color(84, 171, 0) on light 0
2025-11-25 14:04:39,330 [INFO] Setting color(90, 165, 0) on light 0
2025-11-25 14:04:39,371 [INFO] Setting color(96, 159, 0) on light 0
2025-11-25 14:04:39,413 [INFO] Setting color(105, 150, 0) on light 0
2025-11-25 14:04:39,458 [INFO] Setting color(111, 144, 0) on light 0
2025-11-25 14:04:39,501 [INFO] Setting color(117, 138, 0) on light 0
2025-11-25 14:04:39,547 [INFO] Setting color(123, 132, 0) on light 0
2025-11-25 14:04:39,590 [INFO] Setting color(132, 123, 0) on light 0
2025-11-25 14:04:39,632 [INFO] Setting color(138, 117, 0) on light 0
2025-11-25 14:04:39,677 [INFO] Setting color(144, 111, 0) on light 0
2025-11-25 14:04:39,722 [INFO] Setting color(150, 105, 0) on light 0
2025-11-25 14:04:39,765 [INFO] Setting color(159, 96, 0) on light 0
2025-11-25 14:04:39,806 [INFO] Setting color(165, 90, 0) on light 0
2025-11-25 14:04:39,851 [INFO] Setting color(171, 84, 0) on light 0
2025-11-25 14:04:39,897 [INFO] Setting color(177, 78, 0) on light 0
2025-11-25 14:04:39,942 [INFO] Setting color(186, 69, 0) on light 0
2025-11-25 14:04:39,987 [INFO] Setting color(192, 63, 0) on light 0
2025-11-25 14:04:40,033 [INFO] Setting color(198, 57, 0) on light 0
2025-11-25 14:04:40,077 [INFO] Setting color(204, 51, 0) on light 0
2025-11-25 14:04:40,121 [INFO] Setting color(213, 42, 0) on light 0
2025-11-25 14:04:40,166 [INFO] Setting color(219, 36, 0) on light 0
2025-11-25 14:04:40,210 [INFO] Setting color(225, 30, 0) on light 0
2025-11-25 14:04:40,254 [INFO] Setting color(231, 24, 0) on light 0
2025-11-25 14:04:40,298 [INFO] Setting color(240, 15, 0) on light 0
2025-11-25 14:04:40,344 [INFO] Setting color(246, 9, 0) on light 0
2025-11-25 14:04:40,388 [INFO] Setting color(252, 3, 0) on light 0
2025-11-25 14:04:40,430 [INFO] Setting color(252, 0, 3) on light 0
2025-11-25 14:04:40,473 [INFO] Setting color(243, 0, 12) on light 0
2025-11-25 14:04:40,519 [INFO] Setting color(237, 0, 18) on light 0
2025-11-25 14:04:40,565 [INFO] Setting color(231, 0, 24) on light 0
2025-11-25 14:04:40,610 [INFO] Setting color(222, 0, 33) on light 0
2025-11-25 14:04:40,654 [INFO] Setting color(216, 0, 39) on light 0
2025-11-25 14:04:40,699 [INFO] Setting color(210, 0, 45) on light 0
2025-11-25 14:04:40,745 [INFO] Setting color(204, 0, 51) on light 0
2025-11-25 14:04:40,786 [INFO] Setting color(195, 0, 60) on light 0
2025-11-25 14:04:40,830 [INFO] Setting color(189, 0, 66) on light 0
2025-11-25 14:04:40,876 [INFO] Setting color(183, 0, 72) on light 0
2025-11-25 14:04:40,918 [INFO] Setting color(177, 0, 78) on light 0
2025-11-25 14:04:40,962 [INFO] Setting color(168, 0, 87) on light 0
2025-11-25 14:04:41,006 [INFO] Setting color(162, 0, 93) on light 0
2025-11-25 14:04:41,051 [INFO] Setting color(156, 0, 99) on light 0
2025-11-25 14:04:41,094 [INFO] Setting color(150, 0, 105) on light 0
2025-11-25 14:04:41,136 [INFO] Setting color(144, 0, 111) on light 0
2025-11-25 14:04:41,177 [INFO] Setting color(135, 0, 120) on light 0
2025-11-25 14:04:41,219 [INFO] Setting color(129, 0, 126) on light 0
2025-11-25 14:04:41,263 [INFO] Setting color(123, 0, 132) on light 0
2025-11-25 14:04:41,309 [INFO] Setting color(117, 0, 138) on light 0
2025-11-25 14:04:41,351 [INFO] Setting color(111, 0, 144) on light 0
2025-11-25 14:04:41,397 [INFO] Setting color(102, 0, 153) on light 0
2025-11-25 14:04:41,442 [INFO] Setting color(96, 0, 159) on light 0
2025-11-25 14:04:41,485 [INFO] Setting color(90, 0, 165) on light 0
2025-11-25 14:04:41,530 [INFO] Setting color(81, 0, 174) on light 0
2025-11-25 14:04:41,576 [INFO] Setting color(75, 0, 180) on light 0
2025-11-25 14:04:41,619 [INFO] Setting color(69, 0, 186) on light 0
2025-11-25 14:04:41,660 [INFO] Setting color(63, 0, 192) on light 0
2025-11-25 14:04:41,705 [INFO] Setting color(57, 0, 198) on light 0
2025-11-25 14:04:41,749 [INFO] Setting color(48, 0, 207) on light 0
2025-11-25 14:04:41,790 [INFO] Setting color(42, 0, 213) on light 0
2025-11-25 14:04:41,835 [INFO] Setting color(36, 0, 219) on light 0
2025-11-25 14:04:41,877 [INFO] Setting color(30, 0, 225) on light 0
2025-11-25 14:04:41,918 [INFO] Setting color(24, 0, 231) on light 0
2025-11-25 14:04:41,963 [INFO] Setting color(15, 0, 240) on light 0
2025-11-25 14:04:42,007 [INFO] Setting color(9, 0, 246) on light 0
2025-11-25 14:04:42,049 [INFO] Setting color(3, 0, 252) on light 0
2025-11-25 14:04:42,091 [INFO] Setting color(0, 3, 252) on light 0
2025-11-25 14:04:42,136 [INFO] Setting color(0, 9, 246) on light 0
2025-11-25 14:04:42,179 [INFO] Setting color(0, 18, 237) on light 0
2025-11-25 14:04:42,224 [INFO] Setting color(0, 24, 231) on light 0
2025-11-25 14:04:42,266 [INFO] Setting color(0, 30, 225) on light 0
2025-11-25 14:04:42,307 [INFO] Setting color(0, 36, 219) on light 0
2025-11-25 14:04:42,351 [INFO] Setting color(0, 42, 213) on light 0
2025-11-25 14:04:42,397 [INFO] Setting color(0, 51, 204) on light 0
2025-11-25 14:04:42,438 [INFO] Setting color(0, 57, 198) on light 0
2025-11-25 14:04:42,482 [INFO] Setting color(0, 63, 192) on light 0
2025-11-25 14:04:42,524 [INFO] Setting color(0, 69, 186) on light 0
2025-11-25 14:04:42,568 [INFO] Setting color(0, 75, 180) on light 0
2025-11-25 14:04:42,614 [INFO] Setting color(0, 84, 171) on light 0
2025-11-25 14:04:42,659 [INFO] Setting color(0, 90, 165) on light 0
2025-11-25 14:04:42,701 [INFO] Setting color(0, 96, 159) on light 0
2025-11-25 14:04:42,747 [INFO] Setting color(0, 105, 150) on light 0
2025-11-25 14:04:42,790 [INFO] Setting color(0, 111, 144) on light 0
2025-11-25 14:04:42,836 [INFO] Setting color(0, 117, 138) on light 0
2025-11-25 14:04:42,877 [INFO] Setting color(0, 123, 132) on light 0
2025-11-25 14:04:42,918 [INFO] Setting color(0, 129, 126) on light 0
2025-11-25 14:04:42,964 [INFO] Setting color(0, 138, 117) on light 0
2025-11-25 14:04:43,007 [INFO] Setting color(0, 144, 111) on light 0
2025-11-25 14:04:43,048 [INFO] Setting color(0, 150, 105) on light 0
2025-11-25 14:04:43,093 [INFO] Setting color(0, 156, 99) on light 0
2025-11-25 14:04:43,139 [INFO] Setting color(0, 165, 90) on light 0
2025-11-25 14:04:43,184 [INFO] Setting color(0, 171, 84) on light 0
2025-11-25 14:04:43,225 [INFO] Setting color(0, 177, 78) on light 0
2025-11-25 14:04:43,268 [INFO] Setting color(0, 183, 72) on light 0
2025-11-25 14:04:43,310 [INFO] Setting color(0, 189, 66) on light 0
2025-11-25 14:04:43,354 [INFO] Setting color(0, 198, 57) on light 0
2025-11-25 14:04:43,400 [INFO] Setting color(0, 204, 51) on light 0
2025-11-25 14:04:43,444 [INFO] Setting color(0, 210, 45) on light 0
2025-11-25 14:04:43,486 [INFO] Setting color(0, 216, 39) on light 0
2025-11-25 14:04:43,528 [INFO] Setting color(0, 222, 33) on light 0
2025-11-25 14:04:43,568 [INFO] Setting color(0, 228, 27) on light 0
2025-11-25 14:04:43,612 [INFO] Setting color(0, 237, 18) on light 0
2025-11-25 14:04:43,657 [INFO] Setting color(0, 243, 12) on light 0
2025-11-25 14:04:43,700 [INFO] Setting color(0, 249, 6) on light 0
2025-11-25 14:04:43,745 [INFO] Setting color(3, 252, 0) on light 0
2025-11-25 14:04:43,791 [INFO] Setting color(9, 246, 0) on light 0
2025-11-25 14:04:43,835 [INFO] Setting color(15, 240, 0) on light 0
2025-11-25 14:04:43,881 [INFO] Setting color(21, 234, 0) on light 0
2025-11-25 14:04:43,922 [INFO] Setting color(30, 225, 0) on light 0
2025-11-25 14:04:43,967 [INFO] Setting color(36, 219, 0) on light 0
2025-11-25 14:04:44,010 [INFO] Setting color(42, 213, 0) on light 0
2025-11-25 14:04:44,055 [INFO] Setting color(48, 207, 0) on light 0
2025-11-25 14:04:44,100 [INFO] Setting color(57, 198, 0) on light 0
2025-11-25 14:04:44,145 [INFO] Setting color(63, 192, 0) on light 0
2025-11-25 14:04:44,189 [INFO] Setting color(69, 186, 0) on light 0
2025-11-25 14:04:44,232 [INFO] Setting color(75, 180, 0) on light 0
2025-11-25 14:04:44,275 [INFO] Setting color(84, 171, 0) on light 0
2025-11-25 14:04:44,318 [INFO] Setting color(90, 165, 0) on light 0
2025-11-25 14:04:44,359 [INFO] Setting color(96, 159, 0) on light 0
2025-11-25 14:04:44,405 [INFO] Setting color(102, 153, 0) on light 0
2025-11-25 14:04:44,445 [INFO] Setting color(108, 147, 0) on light 0
2025-11-25 14:04:44,489 [INFO] Setting color(114, 141, 0) on light 0
2025-11-25 14:04:44,530 [INFO] Setting color(123, 132, 0) on light 0
2025-11-25 14:04:44,573 [INFO] Setting color(129, 126, 0) on light 0
2025-11-25 14:04:44,617 [INFO] Setting color(135, 120, 0) on light 0
2025-11-25 14:04:44,658 [INFO] Setting color(141, 114, 0) on light 0
2025-11-25 14:04:44,701 [INFO] Setting color(147, 108, 0) on light 0
2025-11-25 14:04:44,747 [INFO] Setting color(156, 99, 0) on light 0
2025-11-25 14:04:44,791 [INFO] Setting color(162, 93, 0) on light 0
2025-11-25 14:04:44,835 [INFO] Setting color(168, 87, 0) on light 0
2025-11-25 14:04:44,878 [INFO] Setting color(174, 81, 0) on light 0
2025-11-25 14:04:44,924 [INFO] Setting color(183, 72, 0) on light 0
2025-11-25 14:04:44,964 [INFO] Setting color(189, 66, 0) on light 0
2025-11-25 14:04:45,008 [INFO] Setting color(195, 60, 0) on light 0
2025-11-25 14:04:45,051 [INFO] Setting color(201, 54, 0) on light 0
2025-11-25 14:04:45,096 [INFO] Setting color(207, 48, 0) on light 0
2025-11-25 14:04:45,141 [INFO] Setting color(216, 39, 0) on light 0
2025-11-25 14:04:45,186 [INFO] Setting color(222, 33, 0) on light 0
2025-11-25 14:04:45,232 [INFO] Setting color(228, 27, 0) on light 0
2025-11-25 14:04:45,277 [INFO] Setting color(237, 18, 0) on light 0
2025-11-25 14:04:45,323 [INFO] Setting color(243, 12, 0) on light 0
2025-11-25 14:04:45,369 [INFO] Setting color(249, 6, 0) on light 0
2025-11-25 14:04:45,414 [INFO] Setting color(252, 0, 3) on light 0
2025-11-25 14:04:45,460 [INFO] Setting color(246, 0, 9) on light 0
2025-11-25 14:04:45,501 [INFO] Setting color(240, 0, 15) on light 0
2025-11-25 14:04:45,544 [INFO] Setting color(234, 0, 21) on light 0
2025-11-25 14:04:45,589 [INFO] Setting color(225, 0, 30) on light 0
2025-11-25 14:04:45,635 [INFO] Setting color(219, 0, 36) on light 0
2025-11-25 14:04:45,680 [INFO] Setting color(213, 0, 42) on light 0
2025-11-25 14:04:45,724 [INFO] Setting color(207, 0, 48) on light 0
2025-11-25 14:04:45,766 [INFO] Setting color(198, 0, 57) on light 0
2025-11-25 14:04:45,812 [INFO] Setting color(192, 0, 63) on light 0
2025-11-25 14:04:45,858 [INFO] Setting color(186, 0, 69) on light 0
2025-11-25 14:04:45,903 [INFO] Setting color(177, 0, 78) on light 0
2025-11-25 14:04:45,949 [INFO] Setting color(171, 0, 84) on light 0
2025-11-25 14:04:45,991 [INFO] Setting color(165, 0, 90) on light 0
2025-11-25 14:04:46,036 [INFO] Setting color(159, 0, 96) on light 0
2025-11-25 14:04:46,082 [INFO] Setting color(150, 0, 105) on light 0
2025-11-25 14:04:46,127 [INFO] Setting color(144, 0, 111) on light 0
2025-11-25 14:04:46,172 [INFO] Setting color(138, 0, 117) on light 0
2025-11-25 14:04:46,213 [INFO] Setting color(132, 0, 123) on light 0
2025-11-25 14:04:46,259 [INFO] Setting color(123, 0, 132) on light 0
2025-11-25 14:04:46,301 [INFO] Setting color(117, 0, 138) on light 0
2025-11-25 14:04:46,347 [INFO] Setting color(111, 0, 144) on light 0
2025-11-25 14:04:46,390 [INFO] Setting color(105, 0, 150) on light 0
2025-11-25 14:04:46,436 [INFO] Setting color(96, 0, 159) on light 0
2025-11-25 14:04:46,481 [INFO] Setting color(90, 0, 165) on light 0
2025-11-25 14:04:46,527 [INFO] Setting color(84, 0, 171) on light 0
2025-11-25 14:04:46,569 [INFO] Setting color(75, 0, 180) on light 0
2025-11-25 14:04:46,610 [INFO] Setting color(69, 0, 186) on light 0
2025-11-25 14:04:46,656 [INFO] Setting color(63, 0, 192) on light 0
2025-11-25 14:04:46,701 [INFO] Setting color(57, 0, 198) on light 0
2025-11-25 14:04:46,743 [INFO] Setting color(51, 0, 204) on light 0
2025-11-25 14:04:46,789 [INFO] Setting color(42, 0, 213) on light 0
2025-11-25 14:04:46,832 [INFO] Setting color(36, 0, 219) on light 0
2025-11-25 14:04:46,877 [INFO] Setting color(30, 0, 225) on light 0
2025-11-25 14:04:46,921 [INFO] Setting color(24, 0, 231) on light 0
2025-11-25 14:04:46,967 [INFO] Setting color(15, 0, 240) on light 0
2025-11-25 14:04:47,012 [INFO] Setting color(9, 0, 246) on light 0
2025-11-25 14:04:47,053 [INFO] Setting color(3, 0, 252) on light 0
2025-11-25 14:04:47,098 [INFO] Setting color(0, 3, 252) on light 0
2025-11-25 14:04:47,140 [INFO] Setting color(0, 12, 243) on light 0
2025-11-25 14:04:47,181 [INFO] Setting color(0, 18, 237) on light 0
2025-11-25 14:04:47,224 [INFO] Setting color(0, 24, 231) on light 0
2025-11-25 14:04:47,270 [INFO] Setting color(0, 30, 225) on light 0
2025-11-25 14:04:47,315 [INFO] Setting color(0, 39, 216) on light 0
2025-11-25 14:04:47,361 [INFO] Setting color(0, 45, 210) on light 0
2025-11-25 14:04:47,405 [INFO] Setting color(0, 51, 204) on light 0
2025-11-25 14:04:47,451 [INFO] Setting color(0, 57, 198) on light 0
2025-11-25 14:04:47,494 [INFO] Setting color(0, 66, 189) on light 0
2025-11-25 14:04:47,539 [INFO] Setting color(0, 72, 183) on light 0
2025-11-25 14:04:47,581 [INFO] Setting color(0, 78, 177) on light 0
2025-11-25 14:04:47,626 [INFO] Setting color(0, 84, 171) on light 0
2025-11-25 14:04:47,672 [INFO] Setting color(0, 93, 162) on light 0
2025-11-25 14:04:47,717 [INFO] Setting color(0, 99, 156) on light 0
2025-11-25 14:04:47,760 [INFO] Setting color(0, 105, 150) on light 0
2025-11-25 14:04:47,806 [INFO] Setting color(0, 114, 141) on light 0
2025-11-25 14:04:47,851 [INFO] Setting color(0, 120, 135) on light 0
2025-11-25 14:04:47,894 [INFO] Setting color(0, 126, 129) on light 0
2025-11-25 14:04:47,937 [INFO] Setting color(0, 132, 123) on light 0
2025-11-25 14:04:47,981 [INFO] Setting color(0, 141, 114) on light 0
2025-11-25 14:04:48,026 [INFO] Setting color(0, 147, 108) on light 0
2025-11-25 14:04:48,071 [INFO] Setting color(0, 153, 102) on light 0
2025-11-25 14:04:48,114 [INFO] Setting color(0, 159, 96) on light 0
2025-11-25 14:04:48,160 [INFO] Setting color(0, 168, 87) on light 0
2025-11-25 14:04:48,201 [INFO] Setting color(0, 174, 81) on light 0
2025-11-25 14:04:48,244 [INFO] Setting color(0, 180, 75) on light 0
2025-11-25 14:04:48,285 [INFO] Setting color(0, 186, 69) on light 0
2025-11-25 14:04:48,330 [INFO] Setting color(0, 192, 63) on light 0
2025-11-25 14:04:48,376 [INFO] Setting color(0, 201, 54) on light 0
2025-11-25 14:04:48,421 [INFO] Setting color(0, 207, 48) on light 0
2025-11-25 14:04:48,465 [INFO] Setting color(0, 213, 42) on light 0
2025-11-25 14:04:48,510 [INFO] Setting color(0, 222, 33) on light 0
2025-11-25 14:04:48,556 [INFO] Setting color(0, 228, 27) on light 0
2025-11-25 14:04:48,601 [INFO] Setting color(0, 234, 21) on light 0
2025-11-25 14:04:48,646 [INFO] Setting color(0, 240, 15) on light 0
2025-11-25 14:04:48,690 [INFO] Setting color(0, 249, 6) on light 0
2025-11-25 14:04:48,733 [INFO] Setting color(0, 255, 0) on light 0
2025-11-25 14:04:48,775 [INFO] Setting color(6, 249, 0) on light 0
2025-11-25 14:04:48,818 [INFO] Setting color(12, 243, 0) on light 0
2025-11-25 14:04:48,864 [INFO] Setting color(21, 234, 0) on light 0
2025-11-25 14:04:48,904 [INFO] Setting color(27, 228, 0) on light 0
2025-11-25 14:04:48,949 [INFO] Setting color(33, 222, 0) on light 0
2025-11-25 14:04:48,994 [INFO] Setting color(39, 216, 0) on light 0
2025-11-25 14:04:49,037 [INFO] Setting color(45, 210, 0) on light 0
2025-11-25 14:04:49,082 [INFO] Setting color(54, 201, 0) on light 0
2025-11-25 14:04:49,128 [INFO] Setting color(60, 195, 0) on light 0
2025-11-25 14:04:49,173 [INFO] Setting color(66, 189, 0) on light 0
2025-11-25 14:04:49,218 [INFO] Setting color(75, 180, 0) on light 0
2025-11-25 14:04:49,263 [INFO] Setting color(81, 174, 0) on light 0
2025-11-25 14:04:49,309 [INFO] Setting color(87, 168, 0) on light 0
2025-11-25 14:04:49,350 [INFO] Setting color(93, 162, 0) on light 0
2025-11-25 14:04:49,396 [INFO] Setting color(102, 153, 0) on light 0
2025-11-25 14:04:49,442 [INFO] Setting color(108, 147, 0) on light 0
2025-11-25 14:04:49,487 [INFO] Setting color(114, 141, 0) on light 0
2025-11-25 14:04:49,528 [INFO] Setting color(120, 135, 0) on light 0
2025-11-25 14:04:49,570 [INFO] Setting color(129, 126, 0) on light 0
2025-11-25 14:04:49,615 [INFO] Setting color(135, 120, 0) on light 0
2025-11-25 14:04:49,661 [INFO] Setting color(141, 114, 0) on light 0
2025-11-25 14:04:49,705 [INFO] Setting color(147, 108, 0) on light 0
2025-11-25 14:04:49,751 [INFO] Setting color(156, 99, 0) on light 0
2025-11-25 14:04:49,793 [INFO] Setting color(162, 93, 0) on light 0
2025-11-25 14:04:49,838 [INFO] Setting color(168, 87, 0) on light 0
2025-11-25 14:04:49,884 [INFO] Setting color(177, 78, 0) on light 0
2025-11-25 14:04:49,930 [INFO] Setting color(183, 72, 0) on light 0
2025-11-25 14:04:49,975 [INFO] Setting color(189, 66, 0) on light 0
2025-11-25 14:04:50,017 [INFO] Setting color(195, 60, 0) on light 0
2025-11-25 14:04:50,062 [INFO] Setting color(204, 51, 0) on light 0
2025-11-25 14:04:50,104 [INFO] Setting color(210, 45, 0) on light 0
2025-11-25 14:04:50,150 [INFO] Setting color(216, 39, 0) on light 0
2025-11-25 14:04:50,195 [INFO] Setting color(222, 33, 0) on light 0
2025-11-25 14:04:50,236 [INFO] Setting color(231, 24, 0) on light 0
2025-11-25 14:04:50,282 [INFO] Setting color(237, 18, 0) on light 0
2025-11-25 14:04:50,325 [INFO] Setting color(243, 12, 0) on light 0
2025-11-25 14:04:50,368 [INFO] Setting color(249, 6, 0) on light 0
2025-11-25 14:04:50,414 [INFO] Setting color(252, 0, 3) on light 0
2025-11-25 14:04:50,459 [INFO] Setting color(246, 0, 9) on light 0
2025-11-25 14:04:50,505 [INFO] Setting color(240, 0, 15) on light 0
2025-11-25 14:04:50,549 [INFO] Setting color(234, 0, 21) on light 0
2025-11-25 14:04:50,594 [INFO] Setting color(225, 0, 30) on light 0
2025-11-25 14:04:50,636 [INFO] Setting color(219, 0, 36) on light 0
2025-11-25 14:04:50,680 [INFO] Setting color(213, 0, 42) on light 0
2025-11-25 14:04:50,724 [INFO] Setting color(207, 0, 48) on light 0
2025-11-25 14:04:50,769 [INFO] Setting color(198, 0, 57) on light 0
2025-11-25 14:04:50,814 [INFO] Setting color(192, 0, 63) on light 0
2025-11-25 14:04:50,860 [INFO] Setting color(186, 0, 69) on light 0
2025-11-25 14:04:50,905 [INFO] Setting color(177, 0, 78) on light 0
2025-11-25 14:04:50,951 [INFO] Setting color(171, 0, 84) on light 0
2025-11-25 14:04:50,993 [INFO] Setting color(165, 0, 90) on light 0
2025-11-25 14:04:51,038 [INFO] Setting color(159, 0, 96) on light 0
2025-11-25 14:04:51,083 [INFO] Setting color(150, 0, 105) on light 0
2025-11-25 14:04:51,125 [INFO] Setting color(144, 0, 111) on light 0
2025-11-25 14:04:51,168 [INFO] Setting color(138, 0, 117) on light 0
2025-11-25 14:04:51,213 [INFO] Setting color(132, 0, 123) on light 0
2025-11-25 14:04:51,256 [INFO] Setting color(123, 0, 132) on light 0
2025-11-25 14:04:51,302 [INFO] Setting color(117, 0, 138) on light 0
2025-11-25 14:04:51,345 [INFO] Setting color(111, 0, 144) on light 0
2025-11-25 14:04:51,388 [INFO] Setting color(105, 0, 150) on light 0
2025-11-25 14:04:51,431 [INFO] Setting color(99, 0, 156) on light 0
2025-11-25 14:04:51,477 [INFO] Setting color(90, 0, 165) on light 0
2025-11-25 14:04:51,522 [INFO] Setting color(84, 0, 171) on light 0
2025-11-25 14:04:51,568 [INFO] Setting color(78, 0, 177) on light 0
2025-11-25 14:04:51,610 [INFO] Setting color(69, 0, 186) on light 0
2025-11-25 14:04:51,652 [INFO] Setting color(63, 0, 192) on light 0
2025-11-25 14:04:51,693 [INFO] Setting color(57, 0, 198) on light 0
2025-11-25 14:04:51,739 [INFO] Setting color(51, 0, 204) on light 0
2025-11-25 14:04:51,784 [INFO] Setting color(45, 0, 210) on light 0
2025-11-25 14:04:51,827 [INFO] Setting color(36, 0, 219) on light 0
2025-11-25 14:04:51,873 [INFO] Setting color(30, 0, 225) on light 0
2025-11-25 14:04:51,919 [INFO] Setting color(24, 0, 231) on light 0
2025-11-25 14:04:51,962 [INFO] Setting color(15, 0, 240) on light 0
2025-11-25 14:04:52,005 [INFO] Setting color(9, 0, 246) on light 0
2025-11-25 14:04:52,050 [INFO] Setting color(3, 0, 252) on light 0
2025-11-25 14:04:52,093 [INFO] Setting color(0, 3, 252) on light 0
2025-11-25 14:04:52,137 [INFO] Setting color(0, 9, 246) on light 0
2025-11-25 14:04:52,182 [INFO] Setting color(0, 18, 237) on light 0
2025-11-25 14:04:52,226 [INFO] Setting color(0, 24, 231) on light 0
2025-11-25 14:04:52,269 [INFO] Setting color(0, 30, 225) on light 0
2025-11-25 14:04:52,312 [INFO] Setting color(0, 36, 219) on light 0
2025-11-25 14:04:52,357 [INFO] Setting color(0, 45, 210) on light 0
2025-11-25 14:04:52,400 [INFO] Setting color(0, 51, 204) on light 0
2025-11-25 14:04:52,443 [INFO] Setting color(0, 57, 198) on light 0
2025-11-25 14:04:52,489 [INFO] Setting color(0, 63, 192) on light 0
2025-11-25 14:04:52,530 [INFO] Setting color(0, 72, 183) on light 0
2025-11-25 14:04:52,575 [INFO] Setting color(0, 78, 177) on light 0
2025-11-25 14:04:52,617 [INFO] Setting color(0, 84, 171) on light 0
2025-11-25 14:04:52,660 [INFO] Setting color(0, 90, 165) on light 0
2025-11-25 14:04:52,706 [INFO] Setting color(0, 99, 156) on light 0
2025-11-25 14:04:52,751 [INFO] Setting color(0, 105, 150) on light 0
2025-11-25 14:04:52,797 [INFO] Setting color(0, 111, 144) on light 0
2025-11-25 14:04:52,841 [INFO] Setting color(0, 117, 138) on light 0
2025-11-25 14:04:52,887 [INFO] Setting color(0, 126, 129) on light 0
2025-11-25 14:04:52,930 [INFO] Setting color(0, 132, 123) on light 0
2025-11-25 14:04:52,974 [INFO] Setting color(0, 138, 117) on light 0
2025-11-25 14:04:53,018 [INFO] Setting color(0, 144, 111) on light 0
2025-11-25 14:04:53,064 [INFO] Setting color(0, 153, 102) on light 0
2025-11-25 14:04:53,108 [INFO] Setting color(0, 159, 96) on light 0
2025-11-25 14:04:53,151 [INFO] Setting color(0, 165, 90) on light 0
2025-11-25 14:04:53,196 [INFO] Setting color(0, 171, 84) on light 0
2025-11-25 14:04:53,242 [INFO] Setting color(0, 180, 75) on light 0
2025-11-25 14:04:53,284 [INFO] Setting color(0, 186, 69) on light 0
2025-11-25 14:04:53,329 [INFO] Setting color(0, 192, 63) on light 0
2025-11-25 14:04:53,373 [INFO] Setting color(0, 201, 54) on light 0
2025-11-25 14:04:53,414 [INFO] Setting color(0, 207, 48) on light 0
2025-11-25 14:04:53,460 [INFO] Setting color(0, 213, 42) on light 0
2025-11-25 14:04:53,505 [INFO] Setting color(0, 219, 36) on light 0
2025-11-25 14:04:53,547 [INFO] Setting color(0, 225, 30) on light 0
2025-11-25 14:04:53,591 [INFO] Setting color(0, 234, 21) on light 0
2025-11-25 14:04:53,635 [INFO] Setting color(0, 240, 15) on light 0
2025-11-25 14:04:53,678 [INFO] Setting color(0, 246, 9) on light 0
2025-11-25 14:04:53,724 [INFO] Setting color(0, 252, 3) on light 0
2025-11-25 14:04:53,768 [INFO] Setting color(6, 249, 0) on light 0
2025-11-25 14:04:53,811 [INFO] Setting color(12, 243, 0) on light 0
2025-11-25 14:04:53,853 [INFO] Setting color(18, 237, 0) on light 0
2025-11-25 14:04:53,896 [INFO] Setting color(24, 231, 0) on light 0
2025-11-25 14:04:53,942 [INFO] Setting color(33, 222, 0) on light 0
2025-11-25 14:04:53,987 [INFO] Setting color(39, 216, 0) on light 0
2025-11-25 14:04:54,033 [INFO] Setting color(45, 210, 0) on light 0
2025-11-25 14:04:54,074 [INFO] Setting color(51, 204, 0) on light 0
2025-11-25 14:04:54,119 [INFO] Setting color(60, 195, 0) on light 0
2025-11-25 14:04:54,162 [INFO] Setting color(66, 189, 0) on light 0
2025-11-25 14:04:54,207 [INFO] Setting color(72, 183, 0) on light 0
2025-11-25 14:04:54,251 [INFO] Setting color(78, 177, 0) on light 0
2025-11-25 14:04:54,295 [INFO] Setting color(87, 168, 0) on light 0
2025-11-25 14:04:54,340 [INFO] Setting color(93, 162, 0) on light 0
2025-11-25 14:04:54,385 [INFO] Setting color(99, 156, 0) on light 0
2025-11-25 14:04:54,427 [INFO] Setting color(105, 150, 0) on light 0
2025-11-25 14:04:54,472 [INFO] Setting color(114, 141, 0) on light 0
2025-11-25 14:04:54,516 [INFO] Setting color(120, 135, 0) on light 0
2025-11-25 14:04:54,561 [INFO] Setting color(126, 129, 0) on light 0
2025-11-25 14:04:54,607 [INFO] Setting color(132, 123, 0) on light 0
2025-11-25 14:04:54,651 [INFO] Setting color(141, 114, 0) on light 0
2025-11-25 14:04:54,694 [INFO] Setting color(147, 108, 0) on light 0
2025-11-25 14:04:54,739 [INFO] Setting color(153, 102, 0) on light 0
2025-11-25 14:04:54,781 [INFO] Setting color(159, 96, 0) on light 0
2025-11-25 14:04:54,826 [INFO] Setting color(168, 87, 0) on light 0
2025-11-25 14:04:54,872 [INFO] Setting color(174, 81, 0) on light 0
2025-11-25 14:04:54,916 [INFO] Setting color(180, 75, 0) on light 0
2025-11-25 14:04:54,962 [INFO] Setting color(189, 66, 0) on light 0
2025-11-25 14:04:55,003 [INFO] Setting color(195, 60, 0) on light 0
2025-11-25 14:04:55,046 [INFO] Setting color(201, 54, 0) on light 0
2025-11-25 14:04:55,090 [INFO] Setting color(207, 48, 0) on light 0
2025-11-25 14:04:55,134 [INFO] Setting color(213, 42, 0) on light 0
2025-11-25 14:04:55,180 [INFO] Setting color(222, 33, 0) on light 0
2025-11-25 14:04:55,223 [INFO] Setting color(228, 27, 0) on light 0
2025-11-25 14:04:55,267 [INFO] Setting color(234, 21, 0) on light 0
2025-11-25 14:04:55,308 [INFO] Setting color(240, 15, 0) on light 0
2025-11-25 14:04:55,349 [INFO] Setting color(246, 9, 0) on light 0
2025-11-25 14:04:55,391 [INFO] Setting color(252, 3, 0) on light 0
2025-11-25 14:04:55,435 [INFO] Setting color(249, 0, 6) on light 0
2025-11-25 14:04:55,477 [INFO] Setting color(243, 0, 12) on light 0
2025-11-25 14:04:55,522 [INFO] Setting color(237, 0, 18) on light 0
2025-11-25 14:04:55,567 [INFO] Setting color(231, 0, 24) on light 0
2025-11-25 14:04:55,610 [INFO] Setting color(222, 0, 33) on light 0
2025-11-25 14:04:55,656 [INFO] Setting color(216, 0, 39) on light 0
2025-11-25 14:04:55,701 [INFO] Setting color(210, 0, 45) on light 0
2025-11-25 14:04:55,746 [INFO] Setting color(201, 0, 54) on light 0
2025-11-25 14:04:55,790 [INFO] Setting color(195, 0, 60) on light 0
2025-11-25 14:04:55,832 [INFO] Setting color(189, 0, 66) on light 0
2025-11-25 14:04:55,874 [INFO] Setting color(183, 0, 72) on light 0
2025-11-25 14:04:55,919 [INFO] Setting color(177, 0, 78) on light 0
2025-11-25 14:04:55,962 [INFO] Setting color(168, 0, 87) on light 0
2025-11-25 14:04:56,005 [INFO] Setting color(162, 0, 93) on light 0
2025-11-25 14:04:56,050 [INFO] Setting color(156, 0, 99) on light 0
2025-11-25 14:04:56,092 [INFO] Setting color(150, 0, 105) on light 0
2025-11-25 14:04:56,138 [INFO] Setting color(141, 0, 114) on light 0
2025-11-25 14:04:56,178 [INFO] Setting color(135, 0, 120) on light 0
2025-11-25 14:04:56,224 [INFO] Setting color(129, 0, 126) on light 0
2025-11-25 14:04:56,269 [INFO] Setting color(123, 0, 132) on light 0
2025-11-25 14:04:56,312 [INFO] Setting color(117, 0, 138) on light 0
2025-11-25 14:04:56,357 [INFO] Setting color(108, 0, 147) on light 0
2025-11-25 14:04:56,401 [INFO] Setting color(102, 0, 153) on light 0
2025-11-25 14:04:56,447 [INFO] Setting color(96, 0, 159) on light 0
2025-11-25 14:04:56,491 [INFO] Setting color(87, 0, 168) on light 0
2025-11-25 14:04:56,535 [INFO] Setting color(81, 0, 174) on light 0
2025-11-25 14:04:56,577 [INFO] Setting color(75, 0, 180) on light 0
2025-11-25 14:04:56,622 [INFO] Setting color(69, 0, 186) on light 0
2025-11-25 14:04:56,665 [INFO] Setting color(63, 0, 192) on light 0
2025-11-25 14:04:56,711 [INFO] Setting color(54, 0, 201) on light 0
2025-11-25 14:04:56,752 [INFO] Setting color(48, 0, 207) on light 0
2025-11-25 14:04:56,797 [INFO] Setting color(42, 0, 213) on light 0
2025-11-25 14:04:56,841 [INFO] Setting color(36, 0, 219) on light 0
2025-11-25 14:04:56,886 [INFO] Setting color(27, 0, 228) on light 0
2025-11-25 14:04:56,928 [INFO] Setting color(21, 0, 234) on light 0
2025-11-25 14:04:56,974 [INFO] Setting color(15, 0, 240) on light 0
2025-11-25 14:04:57,017 [INFO] Setting color(9, 0, 246) on light 0
2025-11-25 14:04:57,059 [INFO] Setting color(3, 0, 252) on light 0
2025-11-25 14:04:57,104 [INFO] Setting color(0, 6, 249) on light 0
2025-11-25 14:04:57,150 [INFO] Setting color(0, 12, 243) on light 0
2025-11-25 14:04:57,192 [INFO] Setting color(0, 18, 237) on light 0
2025-11-25 14:04:57,236 [INFO] Setting color(0, 27, 228) on light 0
2025-11-25 14:04:57,281 [INFO] Setting color(0, 33, 222) on light 0
2025-11-25 14:04:57,325 [INFO] Setting color(0, 39, 216) on light 0
2025-11-25 14:04:57,368 [INFO] Setting color(0, 45, 210) on light 0
2025-11-25 14:04:57,412 [INFO] Setting color(0, 51, 204) on light 0
2025-11-25 14:04:57,457 [INFO] Setting color(0, 60, 195) on light 0
2025-11-25 14:04:57,499 [INFO] Setting color(0, 66, 189) on light 0
2025-11-25 14:04:57,543 [INFO] Setting color(0, 72, 183) on light 0
2025-11-25 14:04:57,588 [INFO] Setting color(0, 78, 177) on light 0
2025-11-25 14:04:57,629 [INFO] Setting color(0, 87, 168) on light 0
2025-11-25 14:04:57,674 [INFO] Setting color(0, 93, 162) on light 0
2025-11-25 14:04:57,719 [INFO] Setting color(0, 99, 156) on light 0
2025-11-25 14:04:57,763 [INFO] Setting color(0, 105, 150) on light 0
2025-11-25 14:04:57,809 [INFO] Setting color(0, 114, 141) on light 0
2025-11-25 14:04:57,854 [INFO] Setting color(0, 120, 135) on light 0
2025-11-25 14:04:57,898 [INFO] Setting color(0, 126, 129) on light 0
2025-11-25 14:04:57,940 [INFO] Setting color(0, 132, 123) on light 0
2025-11-25 14:04:57,986 [INFO] Setting color(0, 141, 114) on light 0
2025-11-25 14:04:58,027 [INFO] Setting color(0, 147, 108) on light 0
2025-11-25 14:04:58,072 [INFO] Setting color(0, 153, 102) on light 0
2025-11-25 14:04:58,099 [INFO] Setting color(0, 0, 0) on light 0
2025-11-25 14:05:01,242 [INFO] Sending PUT request to https://192.168.2.50/clip/v2/resource/entertainment_configuration/20b9f6d2-cf73-4fc1-a2db-87124e538dbc
2025-11-25 14:05:02,159 [INFO] Entertainment configuration updated successfully.
2025-11-25 14:12:46,984 [INFO] Fetching entertainment configurations
2025-11-25 14:12:46,984 [INFO] Sending GET request to https://192.168.2.50/clip/v2/resource/entertainment_configuration
2025-11-25 14:12:47,093 [INFO] Sending PUT request to https://192.168.2.50/clip/v2/resource/entertainment_configuration/20b9f6d2-cf73-4fc1-a2db-87124e538dbc
2025-11-25 14:12:47,303 [INFO] Entertainment configuration updated successfully.
2025-11-25 14:12:47,304 [INFO] Creating DTLS socket and context
2025-11-25 14:12:47,306 [INFO] Starting DTLS handshake
2025-11-25 14:12:47,925 [INFO] DTLS handshake established
2025-11-25 14:12:47,927 [INFO] Setting color(0, 255, 0) on light 0
2025-11-25 14:12:47,972 [INFO] Setting color(6, 249, 0) on light 0
2025-11-25 14:12:48,018 [INFO] Setting color(12, 243, 0) on light 0
2025-11-25 14:12:48,064 [INFO] Setting color(18, 237, 0) on light 0
2025-11-25 14:12:48,108 [INFO] Setting color(27, 228, 0) on light 0
2025-11-25 14:12:48,149 [INFO] Setting color(33, 222, 0) on light 0
2025-11-25 14:12:48,195 [INFO] Setting color(39, 216, 0) on light 0
2025-11-25 14:12:48,238 [INFO] Setting color(45, 210, 0) on light 0
2025-11-25 14:12:48,283 [INFO] Setting color(54, 201, 0) on light 0
2025-11-25 14:12:48,329 [INFO] Setting color(60, 195, 0) on light 0
2025-11-25 14:12:48,374 [INFO] Setting color(66, 189, 0) on light 0
2025-11-25 14:12:48,420 [INFO] Setting color(75, 180, 0) on light 0
2025-11-25 14:12:48,464 [INFO] Setting color(81, 174, 0) on light 0
2025-11-25 14:12:48,507 [INFO] Setting color(87, 168, 0) on light 0
2025-11-25 14:12:48,552 [INFO] Setting color(93, 162, 0) on light 0
2025-11-25 14:12:48,598 [INFO] Setting color(102, 153, 0) on light 0
2025-11-25 14:12:48,640 [INFO] Setting color(108, 147, 0) on light 0
2025-11-25 14:12:48,685 [INFO] Setting color(114, 141, 0) on light 0
2025-11-25 14:12:48,730 [INFO] Setting color(120, 135, 0) on light 0
2025-11-25 14:12:48,773 [INFO] Setting color(129, 126, 0) on light 0
2025-11-25 14:12:48,818 [INFO] Setting color(135, 120, 0) on light 0
2025-11-25 14:12:48,864 [INFO] Setting color(141, 114, 0) on light 0
2025-11-25 14:12:48,909 [INFO] Setting color(150, 105, 0) on light 0
2025-11-25 14:12:48,955 [INFO] Setting color(156, 99, 0) on light 0
2025-11-25 14:12:49,000 [INFO] Setting color(162, 93, 0) on light 0
2025-11-25 14:12:49,043 [INFO] Setting color(168, 87, 0) on light 0
2025-11-25 14:12:49,088 [INFO] Setting color(177, 78, 0) on light 0
2025-11-25 14:12:49,134 [INFO] Setting color(183, 72, 0) on light 0
2025-11-25 14:12:49,176 [INFO] Setting color(189, 66, 0) on light 0
2025-11-25 14:12:49,220 [INFO] Setting color(195, 60, 0) on light 0
2025-11-25 14:12:49,264 [INFO] Setting color(204, 51, 0) on light 0
2025-11-25 14:12:49,310 [INFO] Setting color(210, 45, 0) on light 0
2025-11-25 14:12:49,354 [INFO] Setting color(216, 39, 0) on light 0
2025-11-25 14:12:49,399 [INFO] Setting color(225, 30, 0) on light 0
2025-11-25 14:12:49,445 [INFO] Setting color(231, 24, 0) on light 0
2025-11-25 14:12:49,486 [INFO] Setting color(237, 18, 0) on light 0
2025-11-25 14:12:49,529 [INFO] Setting color(243, 12, 0) on light 0
2025-11-25 14:12:49,573 [INFO] Setting color(249, 6, 0) on light 0
2025-11-25 14:12:49,614 [INFO] Setting color(252, 0, 3) on light 0
2025-11-25 14:12:49,659 [INFO] Setting color(246, 0, 9) on light 0
2025-11-25 14:12:49,702 [INFO] Setting color(240, 0, 15) on light 0
2025-11-25 14:12:49,748 [INFO] Setting color(234, 0, 21) on light 0
2025-11-25 14:12:49,792 [INFO] Setting color(225, 0, 30) on light 0
2025-11-25 14:12:49,834 [INFO] Setting color(219, 0, 36) on light 0
2025-11-25 14:12:49,879 [INFO] Setting color(213, 0, 42) on light 0
2025-11-25 14:12:49,925 [INFO] Setting color(207, 0, 48) on light 0
2025-11-25 14:12:49,970 [INFO] Setting color(198, 0, 57) on light 0
2025-11-25 14:12:50,012 [INFO] Setting color(192, 0, 63) on light 0
2025-11-25 14:12:50,057 [INFO] Setting color(186, 0, 69) on light 0
2025-11-25 14:12:50,101 [INFO] Setting color(180, 0, 75) on light 0
2025-11-25 14:12:50,146 [INFO] Setting color(171, 0, 84) on light 0
2025-11-25 14:12:50,190 [INFO] Setting color(165, 0, 90) on light 0
2025-11-25 14:12:50,234 [INFO] Setting color(159, 0, 96) on light 0
2025-11-25 14:12:50,279 [INFO] Setting color(153, 0, 102) on light 0
2025-11-25 14:12:50,324 [INFO] Setting color(144, 0, 111) on light 0
2025-11-25 14:12:50,369 [INFO] Setting color(138, 0, 117) on light 0
2025-11-25 14:12:50,412 [INFO] Setting color(132, 0, 123) on light 0
2025-11-25 14:12:50,455 [INFO] Setting color(126, 0, 129) on light 0
2025-11-25 14:12:50,500 [INFO] Setting color(117, 0, 138) on light 0
2025-11-25 14:12:50,546 [INFO] Setting color(111, 0, 144) on light 0
2025-11-25 14:12:50,587 [INFO] Setting color(105, 0, 150) on light 0
2025-11-25 14:12:50,632 [INFO] Setting color(99, 0, 156) on light 0
2025-11-25 14:12:50,675 [INFO] Setting color(90, 0, 165) on light 0
2025-11-25 14:12:50,721 [INFO] Setting color(84, 0, 171) on light 0
2025-11-25 14:12:50,766 [INFO] Setting color(78, 0, 177) on light 0
2025-11-25 14:12:50,812 [INFO] Setting color(69, 0, 186) on light 0
2025-11-25 14:12:50,857 [INFO] Setting color(63, 0, 192) on light 0
2025-11-25 14:12:50,901 [INFO] Setting color(57, 0, 198) on light 0
2025-11-25 14:12:50,944 [INFO] Setting color(51, 0, 204) on light 0
2025-11-25 14:12:50,985 [INFO] Setting color(45, 0, 210) on light 0
2025-11-25 14:12:51,029 [INFO] Setting color(36, 0, 219) on light 0
2025-11-25 14:12:51,072 [INFO] Setting color(30, 0, 225) on light 0
2025-11-25 14:12:51,117 [INFO] Setting color(24, 0, 231) on light 0
2025-11-25 14:12:51,161 [INFO] Setting color(18, 0, 237) on light 0
2025-11-25 14:12:51,205 [INFO] Setting color(9, 0, 246) on light 0
2025-11-25 14:12:51,251 [INFO] Setting color(3, 0, 252) on light 0
2025-11-25 14:12:51,296 [INFO] Setting color(0, 3, 252) on light 0
2025-11-25 14:12:51,341 [INFO] Setting color(0, 12, 243) on light 0
2025-11-25 14:12:51,385 [INFO] Setting color(0, 18, 237) on light 0
2025-11-25 14:12:51,426 [INFO] Setting color(0, 24, 231) on light 0
2025-11-25 14:12:51,470 [INFO] Setting color(0, 30, 225) on light 0
2025-11-25 14:12:51,513 [INFO] Setting color(0, 36, 219) on light 0
2025-11-25 14:12:51,555 [INFO] Setting color(0, 45, 210) on light 0
2025-11-25 14:12:51,597 [INFO] Setting color(0, 51, 204) on light 0
2025-11-25 14:12:51,642 [INFO] Setting color(0, 57, 198) on light 0
2025-11-25 14:12:51,687 [INFO] Setting color(0, 63, 192) on light 0
2025-11-25 14:12:51,728 [INFO] Setting color(0, 69, 186) on light 0
2025-11-25 14:12:51,774 [INFO] Setting color(0, 78, 177) on light 0
2025-11-25 14:12:51,819 [INFO] Setting color(0, 84, 171) on light 0
2025-11-25 14:12:51,862 [INFO] Setting color(0, 90, 165) on light 0
2025-11-25 14:12:51,907 [INFO] Setting color(0, 99, 156) on light 0
2025-11-25 14:12:51,950 [INFO] Setting color(0, 105, 150) on light 0
2025-11-25 14:12:51,992 [INFO] Setting color(0, 111, 144) on light 0
2025-11-25 14:12:52,033 [INFO] Setting color(0, 117, 138) on light 0
2025-11-25 14:12:52,076 [INFO] Setting color(0, 123, 132) on light 0
2025-11-25 14:12:52,120 [INFO] Setting color(0, 129, 126) on light 0
2025-11-25 14:12:52,165 [INFO] Setting color(0, 138, 117) on light 0
2025-11-25 14:12:52,211 [INFO] Setting color(0, 144, 111) on light 0
2025-11-25 14:12:52,257 [INFO] Setting color(0, 150, 105) on light 0
2025-11-25 14:12:52,301 [INFO] Setting color(0, 159, 96) on light 0
2025-11-25 14:12:52,346 [INFO] Setting color(0, 165, 90) on light 0
2025-11-25 14:12:52,389 [INFO] Setting color(0, 171, 84) on light 0
2025-11-25 14:12:52,430 [INFO] Setting color(0, 177, 78) on light 0
2025-11-25 14:12:52,472 [INFO] Setting color(0, 183, 72) on light 0
2025-11-25 14:12:52,518 [INFO] Setting color(0, 192, 63) on light 0
2025-11-25 14:12:52,559 [INFO] Setting color(0, 198, 57) on light 0
2025-11-25 14:12:52,600 [INFO] Setting color(0, 204, 51) on light 0
2025-11-25 14:12:52,641 [INFO] Setting color(0, 210, 45) on light 0
2025-11-25 14:12:52,687 [INFO] Setting color(0, 216, 39) on light 0
2025-11-25 14:12:52,728 [INFO] Setting color(0, 222, 33) on light 0
2025-11-25 14:12:52,769 [INFO] Setting color(0, 228, 27) on light 0
2025-11-25 14:12:52,814 [INFO] Setting color(0, 237, 18) on light 0
2025-11-25 14:12:52,860 [INFO] Setting color(0, 243, 12) on light 0
2025-11-25 14:12:52,904 [INFO] Setting color(0, 249, 6) on light 0
2025-11-25 14:12:52,950 [INFO] Setting color(3, 252, 0) on light 0
2025-11-25 14:12:52,996 [INFO] Setting color(9, 246, 0) on light 0
2025-11-25 14:12:53,038 [INFO] Setting color(15, 240, 0) on light 0
2025-11-25 14:12:53,083 [INFO] Setting color(21, 234, 0) on light 0
2025-11-25 14:12:53,126 [INFO] Setting color(30, 225, 0) on light 0
2025-11-25 14:12:53,172 [INFO] Setting color(36, 219, 0) on light 0
2025-11-25 14:12:53,217 [INFO] Setting color(42, 213, 0) on light 0
2025-11-25 14:12:53,262 [INFO] Setting color(51, 204, 0) on light 0
2025-11-25 14:12:53,306 [INFO] Setting color(57, 198, 0) on light 0
2025-11-25 14:12:53,347 [INFO] Setting color(63, 192, 0) on light 0
2025-11-25 14:12:53,389 [INFO] Setting color(69, 186, 0) on light 0
2025-11-25 14:12:53,435 [INFO] Setting color(75, 180, 0) on light 0
2025-11-25 14:12:53,477 [INFO] Setting color(84, 171, 0) on light 0
2025-11-25 14:12:53,518 [INFO] Setting color(90, 165, 0) on light 0
2025-11-25 14:12:53,561 [INFO] Setting color(96, 159, 0) on light 0
2025-11-25 14:12:53,606 [INFO] Setting color(102, 153, 0) on light 0
2025-11-25 14:12:53,652 [INFO] Setting color(108, 147, 0) on light 0
2025-11-25 14:12:53,693 [INFO] Setting color(117, 138, 0) on light 0
2025-11-25 14:12:53,737 [INFO] Setting color(123, 132, 0) on light 0
2025-11-25 14:12:53,782 [INFO] Setting color(129, 126, 0) on light 0
2025-11-25 14:12:53,825 [INFO] Setting color(135, 120, 0) on light 0
2025-11-25 14:12:53,868 [INFO] Setting color(141, 114, 0) on light 0
2025-11-25 14:12:53,913 [INFO] Setting color(150, 105, 0) on light 0
2025-11-25 14:12:53,957 [INFO] Setting color(156, 99, 0) on light 0
2025-11-25 14:12:54,001 [INFO] Setting color(162, 93, 0) on light 0
2025-11-25 14:12:54,043 [INFO] Setting color(168, 87, 0) on light 0
2025-11-25 14:12:54,084 [INFO] Setting color(177, 78, 0) on light 0
2025-11-25 14:12:54,128 [INFO] Setting color(183, 72, 0) on light 0
2025-11-25 14:12:54,169 [INFO] Setting color(189, 66, 0) on light 0
2025-11-25 14:12:54,211 [INFO] Setting color(195, 60, 0) on light 0
2025-11-25 14:12:54,253 [INFO] Setting color(201, 54, 0) on light 0
2025-11-25 14:12:54,295 [INFO] Setting color(207, 48, 0) on light 0
2025-11-25 14:12:54,336 [INFO] Setting color(213, 42, 0) on light 0
2025-11-25 14:12:54,382 [INFO] Setting color(222, 33, 0) on light 0
2025-11-25 14:12:54,424 [INFO] Setting color(228, 27, 0) on light 0
2025-11-25 14:12:54,469 [INFO] Setting color(234, 21, 0) on light 0
2025-11-25 14:12:54,510 [INFO] Setting color(240, 15, 0) on light 0
2025-11-25 14:12:54,556 [INFO] Setting color(249, 6, 0) on light 0
2025-11-25 14:12:54,599 [INFO] Setting color(255, 0, 0) on light 0
2025-11-25 14:12:54,645 [INFO] Setting color(249, 0, 6) on light 0
2025-11-25 14:12:54,691 [INFO] Setting color(243, 0, 12) on light 0
2025-11-25 14:12:54,735 [INFO] Setting color(234, 0, 21) on light 0
2025-11-25 14:12:54,778 [INFO] Setting color(228, 0, 27) on light 0
2025-11-25 14:12:54,819 [INFO] Setting color(222, 0, 33) on light 0
2025-11-25 14:12:54,861 [INFO] Setting color(216, 0, 39) on light 0
2025-11-25 14:12:54,907 [INFO] Setting color(210, 0, 45) on light 0
2025-11-25 14:12:54,948 [INFO] Setting color(201, 0, 54) on light 0
2025-11-25 14:12:54,989 [INFO] Setting color(195, 0, 60) on light 0
2025-11-25 14:12:55,034 [INFO] Setting color(189, 0, 66) on light 0
2025-11-25 14:12:55,075 [INFO] Setting color(183, 0, 72) on light 0
2025-11-25 14:12:55,120 [INFO] Setting color(177, 0, 78) on light 0
2025-11-25 14:12:55,166 [INFO] Setting color(168, 0, 87) on light 0
2025-11-25 14:12:55,211 [INFO] Setting color(162, 0, 93) on light 0
2025-11-25 14:12:55,257 [INFO] Setting color(156, 0, 99) on light 0
2025-11-25 14:12:55,300 [INFO] Setting color(147, 0, 108) on light 0
2025-11-25 14:12:55,344 [INFO] Setting color(141, 0, 114) on light 0
2025-11-25 14:12:55,385 [INFO] Setting color(135, 0, 120) on light 0
2025-11-25 14:12:55,427 [INFO] Setting color(129, 0, 126) on light 0
2025-11-25 14:12:55,469 [INFO] Setting color(123, 0, 132) on light 0
2025-11-25 14:12:55,514 [INFO] Setting color(117, 0, 138) on light 0
2025-11-25 14:12:55,559 [INFO] Setting color(108, 0, 147) on light 0
2025-11-25 14:12:55,600 [INFO] Setting color(102, 0, 153) on light 0
2025-11-25 14:12:55,646 [INFO] Setting color(96, 0, 159) on light 0
2025-11-25 14:12:55,691 [INFO] Setting color(90, 0, 165) on light 0
2025-11-25 14:12:55,733 [INFO] Setting color(81, 0, 174) on light 0
2025-11-25 14:12:55,778 [INFO] Setting color(75, 0, 180) on light 0
2025-11-25 14:12:55,819 [INFO] Setting color(69, 0, 186) on light 0
2025-11-25 14:12:55,859 [INFO] Setting color(63, 0, 192) on light 0
2025-11-25 14:12:55,900 [INFO] Setting color(57, 0, 198) on light 0
2025-11-25 14:12:55,946 [INFO] Setting color(51, 0, 204) on light 0
2025-11-25 14:12:55,990 [INFO] Setting color(42, 0, 213) on light 0
2025-11-25 14:12:56,033 [INFO] Setting color(36, 0, 219) on light 0
2025-11-25 14:12:56,074 [INFO] Setting color(30, 0, 225) on light 0
2025-11-25 14:12:56,120 [INFO] Setting color(24, 0, 231) on light 0
2025-11-25 14:12:56,162 [INFO] Setting color(15, 0, 240) on light 0
2025-11-25 14:12:56,207 [INFO] Setting color(9, 0, 246) on light 0
2025-11-25 14:12:56,252 [INFO] Setting color(3, 0, 252) on light 0
2025-11-25 14:12:56,296 [INFO] Setting color(0, 3, 252) on light 0
2025-11-25 14:12:56,340 [INFO] Setting color(0, 12, 243) on light 0
2025-11-25 14:12:56,384 [INFO] Setting color(0, 18, 237) on light 0
2025-11-25 14:12:56,430 [INFO] Setting color(0, 24, 231) on light 0
2025-11-25 14:12:56,474 [INFO] Setting color(0, 30, 225) on light 0
2025-11-25 14:12:56,520 [INFO] Setting color(0, 39, 216) on light 0
2025-11-25 14:12:56,565 [INFO] Setting color(0, 45, 210) on light 0
2025-11-25 14:12:56,611 [INFO] Setting color(0, 51, 204) on light 0
2025-11-25 14:12:56,655 [INFO] Setting color(0, 60, 195) on light 0
2025-11-25 14:12:56,699 [INFO] Setting color(0, 66, 189) on light 0
2025-11-25 14:12:56,745 [INFO] Setting color(0, 72, 183) on light 0
2025-11-25 14:12:56,790 [INFO] Setting color(0, 81, 174) on light 0
2025-11-25 14:12:56,835 [INFO] Setting color(0, 87, 168) on light 0
2025-11-25 14:12:56,879 [INFO] Setting color(0, 93, 162) on light 0
2025-11-25 14:12:56,921 [INFO] Setting color(0, 99, 156) on light 0
2025-11-25 14:12:56,962 [INFO] Setting color(0, 105, 150) on light 0
2025-11-25 14:12:57,007 [INFO] Setting color(0, 114, 141) on light 0
2025-11-25 14:12:57,049 [INFO] Setting color(0, 120, 135) on light 0
2025-11-25 14:12:57,094 [INFO] Setting color(0, 126, 129) on light 0
2025-11-25 14:12:57,139 [INFO] Setting color(0, 132, 123) on light 0
2025-11-25 14:12:57,184 [INFO] Setting color(0, 141, 114) on light 0
2025-11-25 14:12:57,228 [INFO] Setting color(0, 147, 108) on light 0
2025-11-25 14:12:57,272 [INFO] Setting color(0, 153, 102) on light 0
2025-11-25 14:12:57,314 [INFO] Setting color(0, 159, 96) on light 0
2025-11-25 14:12:57,359 [INFO] Setting color(0, 168, 87) on light 0
2025-11-25 14:12:57,404 [INFO] Setting color(0, 174, 81) on light 0
2025-11-25 14:12:57,445 [INFO] Setting color(0, 180, 75) on light 0
2025-11-25 14:12:57,491 [INFO] Setting color(0, 186, 69) on light 0
2025-11-25 14:12:57,535 [INFO] Setting color(0, 192, 63) on light 0
2025-11-25 14:12:57,580 [INFO] Setting color(0, 201, 54) on light 0
2025-11-25 14:12:57,621 [INFO] Setting color(0, 207, 48) on light 0
2025-11-25 14:12:57,666 [INFO] Setting color(0, 213, 42) on light 0
2025-11-25 14:12:57,712 [INFO] Setting color(0, 222, 33) on light 0
2025-11-25 14:12:57,757 [INFO] Setting color(0, 228, 27) on light 0
2025-11-25 14:12:57,801 [INFO] Setting color(0, 234, 21) on light 0
2025-11-25 14:12:57,843 [INFO] Setting color(0, 240, 15) on light 0
2025-11-25 14:12:57,888 [INFO] Setting color(0, 249, 6) on light 0
2025-11-25 14:12:57,931 [INFO] Setting color(0, 255, 0) on light 0
2025-11-25 14:12:57,972 [INFO] Setting color(6, 249, 0) on light 0
2025-11-25 14:12:58,018 [INFO] Setting color(12, 243, 0) on light 0
2025-11-25 14:12:58,064 [INFO] Setting color(18, 237, 0) on light 0
2025-11-25 14:12:58,106 [INFO] Setting color(27, 228, 0) on light 0
2025-11-25 14:12:58,147 [INFO] Setting color(33, 222, 0) on light 0
2025-11-25 14:12:58,189 [INFO] Setting color(39, 216, 0) on light 0
2025-11-25 14:12:58,234 [INFO] Setting color(45, 210, 0) on light 0
2025-11-25 14:12:58,277 [INFO] Setting color(51, 204, 0) on light 0
2025-11-25 14:12:58,322 [INFO] Setting color(60, 195, 0) on light 0
2025-11-25 14:12:58,363 [INFO] Setting color(66, 189, 0) on light 0
2025-11-25 14:12:58,409 [INFO] Setting color(72, 183, 0) on light 0
2025-11-25 14:12:58,455 [INFO] Setting color(78, 177, 0) on light 0
2025-11-25 14:12:58,500 [INFO] Setting color(87, 168, 0) on light 0
2025-11-25 14:12:58,544 [INFO] Setting color(93, 162, 0) on light 0
2025-11-25 14:12:58,590 [INFO] Setting color(99, 156, 0) on light 0
2025-11-25 14:12:58,631 [INFO] Setting color(105, 150, 0) on light 0
2025-11-25 14:12:58,674 [INFO] Setting color(114, 141, 0) on light 0
2025-11-25 14:12:58,719 [INFO] Setting color(120, 135, 0) on light 0
2025-11-25 14:12:58,763 [INFO] Setting color(126, 129, 0) on light 0
2025-11-25 14:12:58,805 [INFO] Setting color(132, 123, 0) on light 0
2025-11-25 14:12:58,847 [INFO] Setting color(138, 117, 0) on light 0
2025-11-25 14:12:58,888 [INFO] Setting color(147, 108, 0) on light 0
2025-11-25 14:12:58,934 [INFO] Setting color(153, 102, 0) on light 0
2025-11-25 14:12:58,979 [INFO] Setting color(159, 96, 0) on light 0
2025-11-25 14:12:59,020 [INFO] Setting color(165, 90, 0) on light 0
2025-11-25 14:12:59,063 [INFO] Setting color(171, 84, 0) on light 0
2025-11-25 14:12:59,108 [INFO] Setting color(180, 75, 0) on light 0
2025-11-25 14:12:59,153 [INFO] Setting color(186, 69, 0) on light 0
2025-11-25 14:12:59,195 [INFO] Setting color(192, 63, 0) on light 0
2025-11-25 14:12:59,240 [INFO] Setting color(198, 57, 0) on light 0
2025-11-25 14:12:59,281 [INFO] Setting color(207, 48, 0) on light 0
2025-11-25 14:12:59,324 [INFO] Setting color(213, 42, 0) on light 0
2025-11-25 14:12:59,368 [INFO] Setting color(219, 36, 0) on light 0
2025-11-25 14:12:59,413 [INFO] Setting color(225, 30, 0) on light 0
2025-11-25 14:12:59,456 [INFO] Setting color(231, 24, 0) on light 0
2025-11-25 14:12:59,501 [INFO] Setting color(240, 15, 0) on light 0
2025-11-25 14:12:59,543 [INFO] Setting color(246, 9, 0) on light 0
2025-11-25 14:12:59,585 [INFO] Setting color(252, 3, 0) on light 0
2025-11-25 14:12:59,630 [INFO] Setting color(252, 0, 3) on light 0
2025-11-25 14:12:59,674 [INFO] Setting color(243, 0, 12) on light 0
2025-11-25 14:12:59,715 [INFO] Setting color(237, 0, 18) on light 0
2025-11-25 14:12:59,760 [INFO] Setting color(231, 0, 24) on light 0
2025-11-25 14:12:59,806 [INFO] Setting color(225, 0, 30) on light 0
2025-11-25 14:12:59,851 [INFO] Setting color(216, 0, 39) on light 0
2025-11-25 14:12:59,894 [INFO] Setting color(210, 0, 45) on light 0
2025-11-25 14:12:59,939 [INFO] Setting color(204, 0, 51) on light 0
2025-11-25 14:12:59,980 [INFO] Setting color(198, 0, 57) on light 0
2025-11-25 14:13:00,022 [INFO] Setting color(192, 0, 63) on light 0
2025-11-25 14:13:00,063 [INFO] Setting color(186, 0, 69) on light 0
2025-11-25 14:13:00,108 [INFO] Setting color(177, 0, 78) on light 0
2025-11-25 14:13:00,150 [INFO] Setting color(171, 0, 84) on light 0
2025-11-25 14:13:00,195 [INFO] Setting color(165, 0, 90) on light 0
2025-11-25 14:13:00,240 [INFO] Setting color(159, 0, 96) on light 0
2025-11-25 14:13:00,282 [INFO] Setting color(150, 0, 105) on light 0
2025-11-25 14:13:00,328 [INFO] Setting color(144, 0, 111) on light 0
2025-11-25 14:13:00,373 [INFO] Setting color(138, 0, 117) on light 0
2025-11-25 14:13:00,416 [INFO] Setting color(132, 0, 123) on light 0
2025-11-25 14:13:00,462 [INFO] Setting color(123, 0, 132) on light 0
2025-11-25 14:13:00,503 [INFO] Setting color(117, 0, 138) on light 0
2025-11-25 14:13:00,545 [INFO] Setting color(111, 0, 144) on light 0
2025-11-25 14:13:00,590 [INFO] Setting color(105, 0, 150) on light 0
2025-11-25 14:13:00,636 [INFO] Setting color(96, 0, 159) on light 0
2025-11-25 14:13:00,677 [INFO] Setting color(90, 0, 165) on light 0
2025-11-25 14:13:00,718 [INFO] Setting color(84, 0, 171) on light 0
2025-11-25 14:13:00,760 [INFO] Setting color(78, 0, 177) on light 0
2025-11-25 14:13:00,805 [INFO] Setting color(72, 0, 183) on light 0
2025-11-25 14:13:00,851 [INFO] Setting color(63, 0, 192) on light 0
2025-11-25 14:13:00,892 [INFO] Setting color(57, 0, 198) on light 0
2025-11-25 14:13:00,938 [INFO] Setting color(51, 0, 204) on light 0
2025-11-25 14:13:00,982 [INFO] Setting color(45, 0, 210) on light 0
2025-11-25 14:13:01,027 [INFO] Setting color(36, 0, 219) on light 0
2025-11-25 14:13:01,072 [INFO] Setting color(30, 0, 225) on light 0
2025-11-25 14:13:01,117 [INFO] Setting color(24, 0, 231) on light 0
2025-11-25 14:13:01,160 [INFO] Setting color(18, 0, 237) on light 0
2025-11-25 14:13:01,206 [INFO] Setting color(9, 0, 246) on light 0
2025-11-25 14:13:01,249 [INFO] Setting color(3, 0, 252) on light 0
2025-11-25 14:13:01,294 [INFO] Setting color(0, 3, 252) on light 0
2025-11-25 14:13:01,337 [INFO] Setting color(0, 9, 246) on light 0
2025-11-25 14:13:01,383 [INFO] Setting color(0, 18, 237) on light 0
2025-11-25 14:13:01,428 [INFO] Setting color(0, 24, 231) on light 0
2025-11-25 14:13:01,471 [INFO] Setting color(0, 30, 225) on light 0
2025-11-25 14:13:01,514 [INFO] Setting color(0, 36, 219) on light 0
2025-11-25 14:13:01,559 [INFO] Setting color(0, 45, 210) on light 0
2025-11-25 14:13:01,604 [INFO] Setting color(0, 51, 204) on light 0
2025-11-25 14:13:01,649 [INFO] Setting color(0, 57, 198) on light 0
2025-11-25 14:13:01,695 [INFO] Setting color(0, 66, 189) on light 0
2025-11-25 14:13:01,739 [INFO] Setting color(0, 72, 183) on light 0
2025-11-25 14:13:01,784 [INFO] Setting color(0, 78, 177) on light 0
2025-11-25 14:13:01,827 [INFO] Setting color(0, 84, 171) on light 0
2025-11-25 14:13:01,872 [INFO] Setting color(0, 93, 162) on light 0
2025-11-25 14:13:01,917 [INFO] Setting color(0, 99, 156) on light 0
2025-11-25 14:13:01,958 [INFO] Setting color(0, 105, 150) on light 0
2025-11-25 14:13:01,999 [INFO] Setting color(0, 111, 144) on light 0
2025-11-25 14:13:02,045 [INFO] Setting color(0, 120, 135) on light 0
2025-11-25 14:13:02,088 [INFO] Setting color(0, 126, 129) on light 0
2025-11-25 14:13:02,133 [INFO] Setting color(0, 132, 123) on light 0
2025-11-25 14:13:02,179 [INFO] Setting color(0, 138, 117) on light 0
2025-11-25 14:13:02,220 [INFO] Setting color(0, 144, 111) on light 0
2025-11-25 14:13:02,261 [INFO] Setting color(0, 153, 102) on light 0
2025-11-25 14:13:02,305 [INFO] Setting color(0, 159, 96) on light 0
2025-11-25 14:13:02,351 [INFO] Setting color(0, 165, 90) on light 0
2025-11-25 14:13:02,397 [INFO] Setting color(0, 171, 84) on light 0
2025-11-25 14:13:02,439 [INFO] Setting color(0, 180, 75) on light 0
2025-11-25 14:13:02,484 [INFO] Setting color(0, 186, 69) on light 0
2025-11-25 14:13:02,530 [INFO] Setting color(0, 192, 63) on light 0
2025-11-25 14:13:02,575 [INFO] Setting color(0, 201, 54) on light 0
2025-11-25 14:13:02,618 [INFO] Setting color(0, 207, 48) on light 0
2025-11-25 14:13:02,664 [INFO] Setting color(0, 213, 42) on light 0
2025-11-25 14:13:02,704 [INFO] Setting color(0, 219, 36) on light 0
2025-11-25 14:13:02,750 [INFO] Setting color(0, 225, 30) on light 0
2025-11-25 14:13:02,794 [INFO] Setting color(0, 234, 21) on light 0
2025-11-25 14:13:02,839 [INFO] Setting color(0, 240, 15) on light 0
2025-11-25 14:13:02,881 [INFO] Setting color(0, 246, 9) on light 0
2025-11-25 14:13:02,923 [INFO] Setting color(0, 252, 3) on light 0
2025-11-25 14:13:02,968 [INFO] Setting color(6, 249, 0) on light 0
2025-11-25 14:13:03,013 [INFO] Setting color(12, 243, 0) on light 0
2025-11-25 14:13:03,058 [INFO] Setting color(18, 237, 0) on light 0
2025-11-25 14:13:03,104 [INFO] Setting color(27, 228, 0) on light 0
2025-11-25 14:13:03,149 [INFO] Setting color(33, 222, 0) on light 0
2025-11-25 14:13:03,195 [INFO] Setting color(39, 216, 0) on light 0
2025-11-25 14:13:03,240 [INFO] Setting color(45, 210, 0) on light 0
2025-11-25 14:13:03,285 [INFO] Setting color(54, 201, 0) on light 0
2025-11-25 14:13:03,330 [INFO] Setting color(60, 195, 0) on light 0
2025-11-25 14:13:03,375 [INFO] Setting color(66, 189, 0) on light 0
2025-11-25 14:13:03,418 [INFO] Setting color(75, 180, 0) on light 0
2025-11-25 14:13:03,464 [INFO] Setting color(81, 174, 0) on light 0
2025-11-25 14:13:03,508 [INFO] Setting color(87, 168, 0) on light 0
2025-11-25 14:13:03,550 [INFO] Setting color(93, 162, 0) on light 0
2025-11-25 14:13:03,595 [INFO] Setting color(102, 153, 0) on light 0
2025-11-25 14:13:03,640 [INFO] Setting color(108, 147, 0) on light 0
2025-11-25 14:13:03,684 [INFO] Setting color(114, 141, 0) on light 0
2025-11-25 14:13:03,730 [INFO] Setting color(120, 135, 0) on light 0
2025-11-25 14:13:03,776 [INFO] Setting color(129, 126, 0) on light 0
2025-11-25 14:13:03,820 [INFO] Setting color(135, 120, 0) on light 0
2025-11-25 14:13:03,865 [INFO] Setting color(141, 114, 0) on light 0
2025-11-25 14:13:03,907 [INFO] Setting color(147, 108, 0) on light 0
2025-11-25 14:13:03,950 [INFO] Setting color(156, 99, 0) on light 0
2025-11-25 14:13:03,996 [INFO] Setting color(162, 93, 0) on light 0
2025-11-25 14:13:04,041 [INFO] Setting color(168, 87, 0) on light 0
2025-11-25 14:13:04,085 [INFO] Setting color(177, 78, 0) on light 0
2025-11-25 14:13:04,130 [INFO] Setting color(183, 72, 0) on light 0
2025-11-25 14:13:04,173 [INFO] Setting color(189, 66, 0) on light 0
2025-11-25 14:13:04,218 [INFO] Setting color(195, 60, 0) on light 0
2025-11-25 14:13:04,264 [INFO] Setting color(204, 51, 0) on light 0
2025-11-25 14:13:04,308 [INFO] Setting color(210, 45, 0) on light 0
2025-11-25 14:13:04,350 [INFO] Setting color(216, 39, 0) on light 0
2025-11-25 14:13:04,395 [INFO] Setting color(222, 33, 0) on light 0
2025-11-25 14:13:04,440 [INFO] Setting color(231, 24, 0) on light 0
2025-11-25 14:13:04,485 [INFO] Setting color(237, 18, 0) on light 0
2025-11-25 14:13:04,530 [INFO] Setting color(243, 12, 0) on light 0
2025-11-25 14:13:04,576 [INFO] Setting color(252, 3, 0) on light 0
2025-11-25 14:13:04,620 [INFO] Setting color(252, 0, 3) on light 0
2025-11-25 14:13:04,665 [INFO] Setting color(246, 0, 9) on light 0
2025-11-25 14:13:04,708 [INFO] Setting color(240, 0, 15) on light 0
2025-11-25 14:13:04,754 [INFO] Setting color(231, 0, 24) on light 0
2025-11-25 14:13:04,795 [INFO] Setting color(225, 0, 30) on light 0
2025-11-25 14:13:04,840 [INFO] Setting color(219, 0, 36) on light 0
2025-11-25 14:13:04,885 [INFO] Setting color(213, 0, 42) on light 0
2025-11-25 14:13:04,930 [INFO] Setting color(204, 0, 51) on light 0
2025-11-25 14:13:04,973 [INFO] Setting color(198, 0, 57) on light 0
2025-11-25 14:13:05,016 [INFO] Setting color(192, 0, 63) on light 0
2025-11-25 14:13:05,061 [INFO] Setting color(186, 0, 69) on light 0
2025-11-25 14:13:05,103 [INFO] Setting color(177, 0, 78) on light 0
2025-11-25 14:13:05,149 [INFO] Setting color(171, 0, 84) on light 0
2025-11-25 14:13:05,194 [INFO] Setting color(165, 0, 90) on light 0
2025-11-25 14:13:05,240 [INFO] Setting color(159, 0, 96) on light 0
2025-11-25 14:13:05,284 [INFO] Setting color(150, 0, 105) on light 0
2025-11-25 14:13:05,327 [INFO] Setting color(144, 0, 111) on light 0
2025-11-25 14:13:05,372 [INFO] Setting color(138, 0, 117) on light 0
2025-11-25 14:13:05,416 [INFO] Setting color(132, 0, 123) on light 0
2025-11-25 14:13:05,461 [INFO] Setting color(123, 0, 132) on light 0
2025-11-25 14:13:05,507 [INFO] Setting color(117, 0, 138) on light 0
2025-11-25 14:13:05,551 [INFO] Setting color(111, 0, 144) on light 0
2025-11-25 14:13:05,592 [INFO] Setting color(105, 0, 150) on light 0
2025-11-25 14:13:05,637 [INFO] Setting color(96, 0, 159) on light 0
2025-11-25 14:13:05,682 [INFO] Setting color(90, 0, 165) on light 0
2025-11-25 14:13:05,723 [INFO] Setting color(84, 0, 171) on light 0
2025-11-25 14:13:05,769 [INFO] Setting color(78, 0, 177) on light 0
2025-11-25 14:13:05,810 [INFO] Setting color(69, 0, 186) on light 0
2025-11-25 14:13:05,855 [INFO] Setting color(63, 0, 192) on light 0
2025-11-25 14:13:05,901 [INFO] Setting color(57, 0, 198) on light 0
2025-11-25 14:13:05,943 [INFO] Setting color(51, 0, 204) on light 0
2025-11-25 14:13:05,985 [INFO] Setting color(45, 0, 210) on light 0
2025-11-25 14:13:06,030 [INFO] Setting color(36, 0, 219) on light 0
2025-11-25 14:13:06,073 [INFO] Setting color(30, 0, 225) on light 0
2025-11-25 14:13:06,118 [INFO] Setting color(24, 0, 231) on light 0
2025-11-25 14:13:06,161 [INFO] Setting color(18, 0, 237) on light 0
2025-11-25 14:13:06,207 [INFO] Setting color(9, 0, 246) on light 0
2025-11-25 14:13:06,251 [INFO] Setting color(3, 0, 252) on light 0
2025-11-25 14:13:06,297 [INFO] Setting color(0, 3, 252) on light 0
2025-11-25 14:13:06,341 [INFO] Setting color(0, 12, 243) on light 0
2025-11-25 14:13:06,383 [INFO] Setting color(0, 18, 237) on light 0
2025-11-25 14:13:06,429 [INFO] Setting color(0, 24, 231) on light 0
2025-11-25 14:13:06,471 [INFO] Setting color(0, 30, 225) on light 0
2025-11-25 14:13:06,517 [INFO] Setting color(0, 39, 216) on light 0
2025-11-25 14:13:06,561 [INFO] Setting color(0, 45, 210) on light 0
2025-11-25 14:13:06,603 [INFO] Setting color(0, 51, 204) on light 0
2025-11-25 14:13:06,645 [INFO] Setting color(0, 57, 198) on light 0
2025-11-25 14:13:06,688 [INFO] Setting color(0, 63, 192) on light 0
2025-11-25 14:13:06,733 [INFO] Setting color(0, 72, 183) on light 0
2025-11-25 14:13:06,776 [INFO] Setting color(0, 78, 177) on light 0
2025-11-25 14:13:06,821 [INFO] Setting color(0, 84, 171) on light 0
2025-11-25 14:13:06,866 [INFO] Setting color(0, 90, 165) on light 0
2025-11-25 14:13:06,910 [INFO] Setting color(0, 99, 156) on light 0
2025-11-25 14:13:06,955 [INFO] Setting color(0, 105, 150) on light 0
2025-11-25 14:13:07,000 [INFO] Setting color(0, 111, 144) on light 0
2025-11-25 14:13:07,046 [INFO] Setting color(0, 120, 135) on light 0
2025-11-25 14:13:07,090 [INFO] Setting color(0, 126, 129) on light 0
2025-11-25 14:13:07,136 [INFO] Setting color(0, 132, 123) on light 0
2025-11-25 14:13:07,179 [INFO] Setting color(0, 138, 117) on light 0
2025-11-25 14:13:07,222 [INFO] Setting color(0, 147, 108) on light 0
2025-11-25 14:13:07,267 [INFO] Setting color(0, 153, 102) on light 0
2025-11-25 14:13:07,313 [INFO] Setting color(0, 159, 96) on light 0
2025-11-25 14:13:07,357 [INFO] Setting color(0, 165, 90) on light 0
2025-11-25 14:13:07,402 [INFO] Setting color(0, 174, 81) on light 0
2025-11-25 14:13:07,448 [INFO] Setting color(0, 180, 75) on light 0
2025-11-25 14:13:07,493 [INFO] Setting color(0, 186, 69) on light 0
2025-11-25 14:13:07,538 [INFO] Setting color(0, 195, 60) on light 0
2025-11-25 14:13:07,579 [INFO] Setting color(0, 201, 54) on light 0
2025-11-25 14:13:07,625 [INFO] Setting color(0, 207, 48) on light 0
2025-11-25 14:13:07,669 [INFO] Setting color(0, 213, 42) on light 0
2025-11-25 14:13:07,713 [INFO] Setting color(0, 222, 33) on light 0
2025-11-25 14:13:07,759 [INFO] Setting color(0, 228, 27) on light 0
2025-11-25 14:13:07,804 [INFO] Setting color(0, 234, 21) on light 0
2025-11-25 14:13:07,846 [INFO] Setting color(0, 240, 15) on light 0
2025-11-25 14:13:07,891 [INFO] Setting color(0, 249, 6) on light 0
2025-11-25 14:13:07,935 [INFO] Setting color(0, 255, 0) on light 0
2025-11-25 14:13:07,980 [INFO] Setting color(6, 249, 0) on light 0
2025-11-25 14:13:08,023 [INFO] Setting color(12, 243, 0) on light 0
2025-11-25 14:13:08,066 [INFO] Setting color(21, 234, 0) on light 0
2025-11-25 14:13:08,112 [INFO] Setting color(27, 228, 0) on light 0
2025-11-25 14:13:08,155 [INFO] Setting color(33, 222, 0) on light 0
2025-11-25 14:13:08,199 [INFO] Setting color(39, 216, 0) on light 0
2025-11-25 14:13:08,245 [INFO] Setting color(48, 207, 0) on light 0
2025-11-25 14:13:08,290 [INFO] Setting color(54, 201, 0) on light 0
2025-11-25 14:13:08,336 [INFO] Setting color(60, 195, 0) on light 0
2025-11-25 14:13:08,381 [INFO] Setting color(69, 186, 0) on light 0
2025-11-25 14:13:08,427 [INFO] Setting color(75, 180, 0) on light 0
2025-11-25 14:13:08,472 [INFO] Setting color(81, 174, 0) on light 0
2025-11-25 14:13:08,518 [INFO] Setting color(90, 165, 0) on light 0
2025-11-25 14:13:08,563 [INFO] Setting color(96, 159, 0) on light 0
2025-11-25 14:13:08,609 [INFO] Setting color(102, 153, 0) on light 0
2025-11-25 14:13:08,654 [INFO] Setting color(111, 144, 0) on light 0
2025-11-25 14:13:08,699 [INFO] Setting color(117, 138, 0) on light 0
2025-11-25 14:13:08,745 [INFO] Setting color(123, 132, 0) on light 0
2025-11-25 14:13:08,789 [INFO] Setting color(129, 126, 0) on light 0
2025-11-25 14:13:08,834 [INFO] Setting color(138, 117, 0) on light 0
2025-11-25 14:13:08,879 [INFO] Setting color(144, 111, 0) on light 0
2025-11-25 14:13:08,921 [INFO] Setting color(150, 105, 0) on light 0
2025-11-25 14:13:08,966 [INFO] Setting color(159, 96, 0) on light 0
2025-11-25 14:13:09,008 [INFO] Setting color(165, 90, 0) on light 0
2025-11-25 14:13:09,050 [INFO] Setting color(171, 84, 0) on light 0
2025-11-25 14:13:09,091 [INFO] Setting color(177, 78, 0) on light 0
2025-11-25 14:13:09,134 [INFO] Setting color(183, 72, 0) on light 0
2025-11-25 14:13:09,179 [INFO] Setting color(189, 66, 0) on light 0
2025-11-25 14:13:09,221 [INFO] Setting color(195, 60, 0) on light 0
2025-11-25 14:13:09,265 [INFO] Setting color(204, 51, 0) on light 0
2025-11-25 14:13:09,311 [INFO] Setting color(210, 45, 0) on light 0
2025-11-25 14:13:09,357 [INFO] Setting color(216, 39, 0) on light 0
2025-11-25 14:13:09,401 [INFO] Setting color(225, 30, 0) on light 0
2025-11-25 14:13:09,447 [INFO] Setting color(231, 24, 0) on light 0
2025-11-25 14:13:09,492 [INFO] Setting color(237, 18, 0) on light 0
2025-11-25 14:13:09,536 [INFO] Setting color(246, 9, 0) on light 0
2025-11-25 14:13:09,580 [INFO] Setting color(252, 3, 0) on light 0
2025-11-25 14:13:09,626 [INFO] Setting color(252, 0, 3) on light 0
2025-11-25 14:13:09,670 [INFO] Setting color(246, 0, 9) on light 0
2025-11-25 14:13:09,713 [INFO] Setting color(237, 0, 18) on light 0
2025-11-25 14:13:09,758 [INFO] Setting color(231, 0, 24) on light 0
2025-11-25 14:13:09,801 [INFO] Setting color(225, 0, 30) on light 0
2025-11-25 14:13:09,846 [INFO] Setting color(219, 0, 36) on light 0
2025-11-25 14:13:09,892 [INFO] Setting color(210, 0, 45) on light 0
2025-11-25 14:13:09,938 [INFO] Setting color(204, 0, 51) on light 0
2025-11-25 14:13:09,983 [INFO] Setting color(198, 0, 57) on light 0
2025-11-25 14:13:10,027 [INFO] Setting color(189, 0, 66) on light 0
2025-11-25 14:13:10,072 [INFO] Setting color(183, 0, 72) on light 0
2025-11-25 14:13:10,113 [INFO] Setting color(177, 0, 78) on light 0
2025-11-25 14:13:10,159 [INFO] Setting color(171, 0, 84) on light 0
2025-11-25 14:13:10,202 [INFO] Setting color(162, 0, 93) on light 0
2025-11-25 14:13:10,248 [INFO] Setting color(156, 0, 99) on light 0
2025-11-25 14:13:10,291 [INFO] Setting color(150, 0, 105) on light 0
2025-11-25 14:13:10,337 [INFO] Setting color(144, 0, 111) on light 0
2025-11-25 14:13:10,382 [INFO] Setting color(135, 0, 120) on light 0
2025-11-25 14:13:10,428 [INFO] Setting color(129, 0, 126) on light 0
2025-11-25 14:13:10,470 [INFO] Setting color(123, 0, 132) on light 0
2025-11-25 14:13:10,514 [INFO] Setting color(117, 0, 138) on light 0
2025-11-25 14:13:10,559 [INFO] Setting color(108, 0, 147) on light 0
2025-11-25 14:13:10,605 [INFO] Setting color(102, 0, 153) on light 0
2025-11-25 14:13:10,646 [INFO] Setting color(96, 0, 159) on light 0
2025-11-25 14:13:10,690 [INFO] Setting color(90, 0, 165) on light 0
2025-11-25 14:13:10,736 [INFO] Setting color(81, 0, 174) on light 0
2025-11-25 14:13:10,781 [INFO] Setting color(75, 0, 180) on light 0
2025-11-25 14:13:10,825 [INFO] Setting color(69, 0, 186) on light 0
2025-11-25 14:13:10,871 [INFO] Setting color(60, 0, 195) on light 0
2025-11-25 14:13:10,915 [INFO] Setting color(54, 0, 201) on light 0
2025-11-25 14:13:10,961 [INFO] Setting color(48, 0, 207) on light 0
2025-11-25 14:13:11,003 [INFO] Setting color(42, 0, 213) on light 0
2025-11-25 14:13:11,045 [INFO] Setting color(33, 0, 222) on light 0
2025-11-25 14:13:11,089 [INFO] Setting color(27, 0, 228) on light 0
2025-11-25 14:13:11,135 [INFO] Setting color(21, 0, 234) on light 0
2025-11-25 14:13:11,179 [INFO] Setting color(15, 0, 240) on light 0
2025-11-25 14:13:11,220 [INFO] Setting color(9, 0, 246) on light 0
2025-11-25 14:13:11,265 [INFO] Setting color(0, 0, 255) on light 0
2025-11-25 14:13:11,306 [INFO] Setting color(0, 6, 249) on light 0
2025-11-25 14:13:11,352 [INFO] Setting color(0, 12, 243) on light 0
2025-11-25 14:13:11,397 [INFO] Setting color(0, 18, 237) on light 0
2025-11-25 14:13:11,439 [INFO] Setting color(0, 27, 228) on light 0
2025-11-25 14:13:11,485 [INFO] Setting color(0, 33, 222) on light 0
2025-11-25 14:13:11,530 [INFO] Setting color(0, 39, 216) on light 0
2025-11-25 14:13:11,574 [INFO] Setting color(0, 45, 210) on light 0
2025-11-25 14:13:11,618 [INFO] Setting color(0, 54, 201) on light 0
2025-11-25 14:13:11,664 [INFO] Setting color(0, 60, 195) on light 0
2025-11-25 14:13:11,707 [INFO] Setting color(0, 66, 189) on light 0
2025-11-25 14:13:11,751 [INFO] Setting color(0, 75, 180) on light 0
2025-11-25 14:13:11,793 [INFO] Setting color(0, 81, 174) on light 0
2025-11-25 14:13:11,839 [INFO] Setting color(0, 87, 168) on light 0
2025-11-25 14:13:11,884 [INFO] Setting color(0, 93, 162) on light 0
2025-11-25 14:13:11,929 [INFO] Setting color(0, 102, 153) on light 0
2025-11-25 14:13:11,972 [INFO] Setting color(0, 108, 147) on light 0
2025-11-25 14:13:12,013 [INFO] Setting color(0, 114, 141) on light 0
2025-11-25 14:13:12,057 [INFO] Setting color(0, 120, 135) on light 0
2025-11-25 14:13:12,100 [INFO] Setting color(0, 126, 129) on light 0
2025-11-25 14:13:12,144 [INFO] Setting color(0, 135, 120) on light 0
2025-11-25 14:13:12,187 [INFO] Setting color(0, 141, 114) on light 0
2025-11-25 14:13:12,233 [INFO] Setting color(0, 147, 108) on light 0
2025-11-25 14:13:12,278 [INFO] Setting color(0, 153, 102) on light 0
2025-11-25 14:13:12,321 [INFO] Setting color(0, 162, 93) on light 0
2025-11-25 14:13:12,362 [INFO] Setting color(0, 168, 87) on light 0
2025-11-25 14:13:12,407 [INFO] Setting color(0, 174, 81) on light 0
2025-11-25 14:13:12,448 [INFO] Setting color(0, 180, 75) on light 0
2025-11-25 14:13:12,490 [INFO] Setting color(0, 186, 69) on light 0
2025-11-25 14:13:12,533 [INFO] Setting color(0, 192, 63) on light 0
2025-11-25 14:13:12,578 [INFO] Setting color(0, 201, 54) on light 0
2025-11-25 14:13:12,622 [INFO] Setting color(0, 207, 48) on light 0
2025-11-25 14:13:12,667 [INFO] Setting color(0, 213, 42) on light 0
2025-11-25 14:13:12,710 [INFO] Setting color(0, 219, 36) on light 0
2025-11-25 14:13:12,751 [INFO] Setting color(0, 228, 27) on light 0
2025-11-25 14:13:12,797 [INFO] Setting color(0, 234, 21) on light 0
2025-11-25 14:13:12,838 [INFO] Setting color(0, 240, 15) on light 0
2025-11-25 14:13:12,881 [INFO] Setting color(0, 246, 9) on light 0
2025-11-25 14:13:12,926 [INFO] Setting color(0, 252, 3) on light 0
2025-11-25 14:13:12,968 [INFO] Setting color(6, 249, 0) on light 0
2025-11-25 14:13:13,009 [INFO] Setting color(12, 243, 0) on light 0
2025-11-25 14:13:13,054 [INFO] Setting color(18, 237, 0) on light 0
2025-11-25 14:13:13,097 [INFO] Setting color(24, 231, 0) on light 0
2025-11-25 14:13:13,142 [INFO] Setting color(30, 225, 0) on light 0
2025-11-25 14:13:13,185 [INFO] Setting color(39, 216, 0) on light 0
2025-11-25 14:13:13,226 [INFO] Setting color(45, 210, 0) on light 0
2025-11-25 14:13:13,272 [INFO] Setting color(51, 204, 0) on light 0
2025-11-25 14:13:13,317 [INFO] Setting color(57, 198, 0) on light 0
2025-11-25 14:13:13,361 [INFO] Setting color(66, 189, 0) on light 0
2025-11-25 14:13:13,407 [INFO] Setting color(72, 183, 0) on light 0
2025-11-25 14:13:13,450 [INFO] Setting color(78, 177, 0) on light 0
2025-11-25 14:13:13,494 [INFO] Setting color(84, 171, 0) on light 0
2025-11-25 14:13:13,538 [INFO] Setting color(93, 162, 0) on light 0
2025-11-25 14:13:13,583 [INFO] Setting color(99, 156, 0) on light 0
2025-11-25 14:13:13,627 [INFO] Setting color(105, 150, 0) on light 0
2025-11-25 14:13:13,672 [INFO] Setting color(114, 141, 0) on light 0
2025-11-25 14:13:13,714 [INFO] Setting color(120, 135, 0) on light 0
2025-11-25 14:13:13,759 [INFO] Setting color(126, 129, 0) on light 0
2025-11-25 14:13:13,801 [INFO] Setting color(132, 123, 0) on light 0
2025-11-25 14:13:13,846 [INFO] Setting color(138, 117, 0) on light 0
2025-11-25 14:13:13,889 [INFO] Setting color(147, 108, 0) on light 0
2025-11-25 14:13:13,934 [INFO] Setting color(153, 102, 0) on light 0
2025-11-25 14:13:13,980 [INFO] Setting color(159, 96, 0) on light 0
2025-11-25 14:13:14,021 [INFO] Setting color(165, 90, 0) on light 0
2025-11-25 14:13:14,066 [INFO] Setting color(174, 81, 0) on light 0
2025-11-25 14:13:14,111 [INFO] Setting color(180, 75, 0) on light 0
2025-11-25 14:13:14,154 [INFO] Setting color(186, 69, 0) on light 0
2025-11-25 14:13:14,198 [INFO] Setting color(192, 63, 0) on light 0
2025-11-25 14:13:14,240 [INFO] Setting color(198, 57, 0) on light 0
2025-11-25 14:13:14,285 [INFO] Setting color(207, 48, 0) on light 0
2025-11-25 14:13:14,330 [INFO] Setting color(213, 42, 0) on light 0
2025-11-25 14:13:14,372 [INFO] Setting color(219, 36, 0) on light 0
2025-11-25 14:13:14,416 [INFO] Setting color(225, 30, 0) on light 0
2025-11-25 14:13:14,460 [INFO] Setting color(234, 21, 0) on light 0
2025-11-25 14:13:14,504 [INFO] Setting color(240, 15, 0) on light 0
2025-11-25 14:13:14,549 [INFO] Setting color(246, 9, 0) on light 0
2025-11-25 14:13:14,593 [INFO] Setting color(252, 3, 0) on light 0
2025-11-25 14:13:14,635 [INFO] Setting color(249, 0, 6) on light 0
2025-11-25 14:13:14,676 [INFO] Setting color(243, 0, 12) on light 0
2025-11-25 14:13:14,720 [INFO] Setting color(237, 0, 18) on light 0
2025-11-25 14:13:14,766 [INFO] Setting color(231, 0, 24) on light 0
2025-11-25 14:13:14,812 [INFO] Setting color(222, 0, 33) on light 0
2025-11-25 14:13:14,855 [INFO] Setting color(216, 0, 39) on light 0
2025-11-25 14:13:14,901 [INFO] Setting color(210, 0, 45) on light 0
2025-11-25 14:13:14,942 [INFO] Setting color(204, 0, 51) on light 0
2025-11-25 14:13:14,984 [INFO] Setting color(198, 0, 57) on light 0
2025-11-25 14:13:15,029 [INFO] Setting color(189, 0, 66) on light 0
2025-11-25 14:13:15,074 [INFO] Setting color(183, 0, 72) on light 0
2025-11-25 14:13:15,120 [INFO] Setting color(177, 0, 78) on light 0
2025-11-25 14:13:15,165 [INFO] Setting color(168, 0, 87) on light 0
2025-11-25 14:13:15,206 [INFO] Setting color(162, 0, 93) on light 0
2025-11-25 14:13:15,251 [INFO] Setting color(156, 0, 99) on light 0
2025-11-25 14:13:15,296 [INFO] Setting color(150, 0, 105) on light 0
2025-11-25 14:13:15,337 [INFO] Setting color(144, 0, 111) on light 0
2025-11-25 14:13:15,378 [INFO] Setting color(135, 0, 120) on light 0
2025-11-25 14:13:15,422 [INFO] Setting color(129, 0, 126) on light 0
2025-11-25 14:13:15,467 [INFO] Setting color(123, 0, 132) on light 0
2025-11-25 14:13:15,512 [INFO] Setting color(117, 0, 138) on light 0
2025-11-25 14:13:15,555 [INFO] Setting color(108, 0, 147) on light 0
2025-11-25 14:13:15,599 [INFO] Setting color(102, 0, 153) on light 0
2025-11-25 14:13:15,645 [INFO] Setting color(96, 0, 159) on light 0
2025-11-25 14:13:15,686 [INFO] Setting color(90, 0, 165) on light 0
2025-11-25 14:13:15,727 [INFO] Setting color(84, 0, 171) on light 0
2025-11-25 14:13:15,772 [INFO] Setting color(75, 0, 180) on light 0
2025-11-25 14:13:15,814 [INFO] Setting color(69, 0, 186) on light 0
2025-11-25 14:13:15,859 [INFO] Setting color(63, 0, 192) on light 0
2025-11-25 14:13:15,902 [INFO] Setting color(57, 0, 198) on light 0
2025-11-25 14:13:15,948 [INFO] Setting color(48, 0, 207) on light 0
2025-11-25 14:13:15,993 [INFO] Setting color(42, 0, 213) on light 0
2025-11-25 14:13:16,037 [INFO] Setting color(36, 0, 219) on light 0
2025-11-25 14:13:16,079 [INFO] Setting color(30, 0, 225) on light 0
2025-11-25 14:13:16,124 [INFO] Setting color(21, 0, 234) on light 0
2025-11-25 14:13:16,166 [INFO] Setting color(15, 0, 240) on light 0
2025-11-25 14:13:16,210 [INFO] Setting color(9, 0, 246) on light 0
2025-11-25 14:13:16,255 [INFO] Setting color(3, 0, 252) on light 0
2025-11-25 14:13:16,298 [INFO] Setting color(0, 3, 252) on light 0
2025-11-25 14:13:16,343 [INFO] Setting color(0, 12, 243) on light 0
2025-11-25 14:13:16,387 [INFO] Setting color(0, 18, 237) on light 0
2025-11-25 14:13:16,431 [INFO] Setting color(0, 24, 231) on light 0
2025-11-25 14:13:16,472 [INFO] Setting color(0, 30, 225) on light 0
2025-11-25 14:13:16,517 [INFO] Setting color(0, 39, 216) on light 0
2025-11-25 14:13:16,562 [INFO] Setting color(0, 45, 210) on light 0
2025-11-25 14:13:16,604 [INFO] Setting color(0, 51, 204) on light 0
2025-11-25 14:13:16,645 [INFO] Setting color(0, 57, 198) on light 0
2025-11-25 14:13:16,688 [INFO] Setting color(0, 63, 192) on light 0
2025-11-25 14:13:16,731 [INFO] Setting color(0, 72, 183) on light 0
2025-11-25 14:13:16,774 [INFO] Setting color(0, 78, 177) on light 0
2025-11-25 14:13:16,820 [INFO] Setting color(0, 84, 171) on light 0
2025-11-25 14:13:16,865 [INFO] Setting color(0, 90, 165) on light 0
2025-11-25 14:13:16,910 [INFO] Setting color(0, 99, 156) on light 0
2025-11-25 14:13:16,952 [INFO] Setting color(0, 105, 150) on light 0
2025-11-25 14:13:16,997 [INFO] Setting color(0, 111, 144) on light 0
2025-11-25 14:13:17,042 [INFO] Setting color(0, 117, 138) on light 0
2025-11-25 14:13:17,087 [INFO] Setting color(0, 126, 129) on light 0
2025-11-25 14:13:17,132 [INFO] Setting color(0, 132, 123) on light 0
2025-11-25 14:13:17,178 [INFO] Setting color(0, 138, 117) on light 0
2025-11-25 14:13:17,223 [INFO] Setting color(0, 147, 108) on light 0
2025-11-25 14:13:17,266 [INFO] Setting color(0, 153, 102) on light 0
2025-11-25 14:13:17,312 [INFO] Setting color(0, 159, 96) on light 0
2025-11-25 14:13:17,357 [INFO] Setting color(0, 165, 90) on light 0
2025-11-25 14:13:17,402 [INFO] Setting color(0, 174, 81) on light 0
2025-11-25 14:13:17,446 [INFO] Setting color(0, 180, 75) on light 0
2025-11-25 14:13:17,491 [INFO] Setting color(0, 186, 69) on light 0
2025-11-25 14:13:17,537 [INFO] Setting color(0, 195, 60) on light 0
2025-11-25 14:13:17,582 [INFO] Setting color(0, 201, 54) on light 0
2025-11-25 14:13:17,623 [INFO] Setting color(0, 207, 48) on light 0
2025-11-25 14:13:17,669 [INFO] Setting color(0, 213, 42) on light 0
2025-11-25 14:13:17,713 [INFO] Setting color(0, 222, 33) on light 0
2025-11-25 14:13:17,757 [INFO] Setting color(0, 228, 27) on light 0
2025-11-25 14:13:17,799 [INFO] Setting color(0, 234, 21) on light 0
2025-11-25 14:13:17,845 [INFO] Setting color(0, 240, 15) on light 0
2025-11-25 14:13:17,890 [INFO] Setting color(0, 249, 6) on light 0
2025-11-25 14:13:17,936 [INFO] Setting color(0, 255, 0) on light 0
2025-11-25 14:13:17,979 [INFO] Setting color(6, 249, 0) on light 0
2025-11-25 14:13:18,021 [INFO] Setting color(12, 243, 0) on light 0
2025-11-25 14:13:18,065 [INFO] Setting color(21, 234, 0) on light 0
2025-11-25 14:13:18,108 [INFO] Setting color(27, 228, 0) on light 0
2025-11-25 14:13:18,149 [INFO] Setting color(33, 222, 0) on light 0
2025-11-25 14:13:18,193 [INFO] Setting color(39, 216, 0) on light 0
2025-11-25 14:13:18,237 [INFO] Setting color(45, 210, 0) on light 0
2025-11-25 14:13:18,283 [INFO] Setting color(54, 201, 0) on light 0
2025-11-25 14:13:18,328 [INFO] Setting color(60, 195, 0) on light 0
2025-11-25 14:13:18,373 [INFO] Setting color(66, 189, 0) on light 0
2025-11-25 14:13:18,415 [INFO] Setting color(72, 183, 0) on light 0
2025-11-25 14:13:18,460 [INFO] Setting color(81, 174, 0) on light 0
2025-11-25 14:13:18,502 [INFO] Setting color(87, 168, 0) on light 0
2025-11-25 14:13:18,547 [INFO] Setting color(93, 162, 0) on light 0
2025-11-25 14:13:18,592 [INFO] Setting color(99, 156, 0) on light 0
2025-11-25 14:13:18,636 [INFO] Setting color(108, 147, 0) on light 0
2025-11-25 14:13:18,681 [INFO] Setting color(114, 141, 0) on light 0
2025-11-25 14:13:18,722 [INFO] Setting color(120, 135, 0) on light 0
2025-11-25 14:13:18,767 [INFO] Setting color(126, 129, 0) on light 0
2025-11-25 14:13:18,813 [INFO] Setting color(135, 120, 0) on light 0
2025-11-25 14:13:18,857 [INFO] Setting color(141, 114, 0) on light 0
2025-11-25 14:13:18,899 [INFO] Setting color(147, 108, 0) on light 0
2025-11-25 14:13:18,944 [INFO] Setting color(153, 102, 0) on light 0
2025-11-25 14:13:18,990 [INFO] Setting color(162, 93, 0) on light 0
2025-11-25 14:13:19,035 [INFO] Setting color(168, 87, 0) on light 0
2025-11-25 14:13:19,078 [INFO] Setting color(174, 81, 0) on light 0
2025-11-25 14:13:19,124 [INFO] Setting color(183, 72, 0) on light 0
2025-11-25 14:13:19,168 [INFO] Setting color(189, 66, 0) on light 0
2025-11-25 14:13:19,211 [INFO] Setting color(195, 60, 0) on light 0
2025-11-25 14:13:19,255 [INFO] Setting color(201, 54, 0) on light 0
2025-11-25 14:13:19,296 [INFO] Setting color(207, 48, 0) on light 0
2025-11-25 14:13:19,340 [INFO] Setting color(216, 39, 0) on light 0
2025-11-25 14:13:19,384 [INFO] Setting color(222, 33, 0) on light 0
2025-11-25 14:13:19,430 [INFO] Setting color(228, 27, 0) on light 0
2025-11-25 14:13:19,471 [INFO] Setting color(234, 21, 0) on light 0
2025-11-25 14:13:19,516 [INFO] Setting color(243, 12, 0) on light 0
2025-11-25 14:13:19,561 [INFO] Setting color(249, 6, 0) on light 0
2025-11-25 14:13:19,607 [INFO] Setting color(255, 0, 0) on light 0
2025-11-25 14:13:19,652 [INFO] Setting color(249, 0, 6) on light 0
2025-11-25 14:13:19,696 [INFO] Setting color(240, 0, 15) on light 0
2025-11-25 14:13:19,740 [INFO] Setting color(234, 0, 21) on light 0
2025-11-25 14:13:19,786 [INFO] Setting color(228, 0, 27) on light 0
2025-11-25 14:13:19,831 [INFO] Setting color(219, 0, 36) on light 0
2025-11-25 14:13:19,877 [INFO] Setting color(213, 0, 42) on light 0
2025-11-25 14:13:19,918 [INFO] Setting color(207, 0, 48) on light 0
2025-11-25 14:13:19,964 [INFO] Setting color(201, 0, 54) on light 0
2025-11-25 14:13:20,007 [INFO] Setting color(192, 0, 63) on light 0
2025-11-25 14:13:20,053 [INFO] Setting color(186, 0, 69) on light 0
2025-11-25 14:13:20,097 [INFO] Setting color(180, 0, 75) on light 0
2025-11-25 14:13:20,142 [INFO] Setting color(174, 0, 81) on light 0
2025-11-25 14:13:20,185 [INFO] Setting color(165, 0, 90) on light 0
2025-11-25 14:13:20,230 [INFO] Setting color(159, 0, 96) on light 0
2025-11-25 14:13:20,272 [INFO] Setting color(153, 0, 102) on light 0
2025-11-25 14:13:20,317 [INFO] Setting color(147, 0, 108) on light 0
2025-11-25 14:13:20,363 [INFO] Setting color(138, 0, 117) on light 0
2025-11-25 14:13:20,406 [INFO] Setting color(132, 0, 123) on light 0
2025-11-25 14:13:20,450 [INFO] Setting color(126, 0, 129) on light 0
2025-11-25 14:13:20,496 [INFO] Setting color(117, 0, 138) on light 0
2025-11-25 14:13:20,538 [INFO] Setting color(111, 0, 144) on light 0
2025-11-25 14:13:20,582 [INFO] Setting color(105, 0, 150) on light 0
2025-11-25 14:13:20,627 [INFO] Setting color(99, 0, 156) on light 0
2025-11-25 14:13:20,672 [INFO] Setting color(93, 0, 162) on light 0
2025-11-25 14:13:20,717 [INFO] Setting color(84, 0, 171) on light 0
2025-11-25 14:13:20,761 [INFO] Setting color(78, 0, 177) on light 0
2025-11-25 14:13:20,807 [INFO] Setting color(72, 0, 183) on light 0
2025-11-25 14:13:20,853 [INFO] Setting color(63, 0, 192) on light 0
2025-11-25 14:13:20,896 [INFO] Setting color(57, 0, 198) on light 0
2025-11-25 14:13:20,941 [INFO] Setting color(51, 0, 204) on light 0
2025-11-25 14:13:20,985 [INFO] Setting color(45, 0, 210) on light 0
2025-11-25 14:13:21,026 [INFO] Setting color(36, 0, 219) on light 0
2025-11-25 14:13:21,070 [INFO] Setting color(30, 0, 225) on light 0
2025-11-25 14:13:21,112 [INFO] Setting color(24, 0, 231) on light 0
2025-11-25 14:13:21,156 [INFO] Setting color(18, 0, 237) on light 0
2025-11-25 14:13:21,201 [INFO] Setting color(12, 0, 243) on light 0
2025-11-25 14:13:21,244 [INFO] Setting color(3, 0, 252) on light 0
2025-11-25 14:13:21,289 [INFO] Setting color(0, 3, 252) on light 0
2025-11-25 14:13:21,334 [INFO] Setting color(0, 9, 246) on light 0
2025-11-25 14:13:21,378 [INFO] Setting color(0, 18, 237) on light 0
2025-11-25 14:13:21,419 [INFO] Setting color(0, 24, 231) on light 0
2025-11-25 14:13:21,464 [INFO] Setting color(0, 30, 225) on light 0
2025-11-25 14:13:21,509 [INFO] Setting color(0, 36, 219) on light 0
2025-11-25 14:13:21,555 [INFO] Setting color(0, 45, 210) on light 0
2025-11-25 14:13:21,600 [INFO] Setting color(0, 51, 204) on light 0
2025-11-25 14:13:21,645 [INFO] Setting color(0, 57, 198) on light 0
2025-11-25 14:13:21,690 [INFO] Setting color(0, 63, 192) on light 0
2025-11-25 14:13:21,734 [INFO] Setting color(0, 72, 183) on light 0
2025-11-25 14:13:21,779 [INFO] Setting color(0, 78, 177) on light 0
2025-11-25 14:13:21,824 [INFO] Setting color(0, 84, 171) on light 0
2025-11-25 14:13:21,865 [INFO] Setting color(0, 90, 165) on light 0
2025-11-25 14:13:21,906 [INFO] Setting color(0, 96, 159) on light 0
2025-11-25 14:13:21,949 [INFO] Setting color(0, 105, 150) on light 0
2025-11-25 14:13:21,990 [INFO] Setting color(0, 111, 144) on light 0
2025-11-25 14:13:22,036 [INFO] Setting color(0, 117, 138) on light 0
2025-11-25 14:13:22,080 [INFO] Setting color(0, 123, 132) on light 0
2025-11-25 14:13:22,123 [INFO] Setting color(0, 132, 123) on light 0
2025-11-25 14:13:22,167 [INFO] Setting color(0, 138, 117) on light 0
2025-11-25 14:13:22,212 [INFO] Setting color(0, 144, 111) on light 0
2025-11-25 14:13:22,257 [INFO] Setting color(0, 150, 105) on light 0
2025-11-25 14:13:22,300 [INFO] Setting color(0, 159, 96) on light 0
2025-11-25 14:13:22,345 [INFO] Setting color(0, 165, 90) on light 0
2025-11-25 14:13:22,390 [INFO] Setting color(0, 171, 84) on light 0
2025-11-25 14:13:22,434 [INFO] Setting color(0, 177, 78) on light 0
2025-11-25 14:13:22,479 [INFO] Setting color(0, 186, 69) on light 0
2025-11-25 14:13:22,524 [INFO] Setting color(0, 192, 63) on light 0
2025-11-25 14:13:22,565 [INFO] Setting color(0, 198, 57) on light 0
2025-11-25 14:13:22,609 [INFO] Setting color(0, 204, 51) on light 0
2025-11-25 14:13:22,651 [INFO] Setting color(0, 210, 45) on light 0
2025-11-25 14:13:22,697 [INFO] Setting color(0, 219, 36) on light 0
2025-11-25 14:13:22,741 [INFO] Setting color(0, 225, 30) on light 0
2025-11-25 14:13:22,787 [INFO] Setting color(0, 231, 24) on light 0
2025-11-25 14:13:22,832 [INFO] Setting color(0, 240, 15) on light 0
2025-11-25 14:13:22,878 [INFO] Setting color(0, 246, 9) on light 0
2025-11-25 14:13:22,920 [INFO] Setting color(0, 252, 3) on light 0
2025-11-25 14:13:22,966 [INFO] Setting color(3, 252, 0) on light 0
2025-11-25 14:13:23,011 [INFO] Setting color(12, 243, 0) on light 0
2025-11-25 14:13:23,052 [INFO] Setting color(18, 237, 0) on light 0
2025-11-25 14:13:23,097 [INFO] Setting color(24, 231, 0) on light 0
2025-11-25 14:13:23,142 [INFO] Setting color(30, 225, 0) on light 0
2025-11-25 14:13:23,185 [INFO] Setting color(39, 216, 0) on light 0
2025-11-25 14:13:23,230 [INFO] Setting color(45, 210, 0) on light 0
2025-11-25 14:13:23,274 [INFO] Setting color(51, 204, 0) on light 0
2025-11-25 14:13:23,315 [INFO] Setting color(57, 198, 0) on light 0
2025-11-25 14:13:23,360 [INFO] Setting color(66, 189, 0) on light 0
2025-11-25 14:13:23,404 [INFO] Setting color(72, 183, 0) on light 0
2025-11-25 14:13:23,449 [INFO] Setting color(78, 177, 0) on light 0
2025-11-25 14:13:23,493 [INFO] Setting color(84, 171, 0) on light 0
2025-11-25 14:13:23,539 [INFO] Setting color(93, 162, 0) on light 0
2025-11-25 14:13:23,585 [INFO] Setting color(99, 156, 0) on light 0
2025-11-25 14:13:23,630 [INFO] Setting color(105, 150, 0) on light 0
2025-11-25 14:13:23,676 [INFO] Setting color(114, 141, 0) on light 0
2025-11-25 14:13:23,717 [INFO] Setting color(120, 135, 0) on light 0
2025-11-25 14:13:23,760 [INFO] Setting color(126, 129, 0) on light 0
2025-11-25 14:13:23,804 [INFO] Setting color(132, 123, 0) on light 0
2025-11-25 14:13:23,849 [INFO] Setting color(141, 114, 0) on light 0
2025-11-25 14:13:23,894 [INFO] Setting color(147, 108, 0) on light 0
2025-11-25 14:13:23,940 [INFO] Setting color(153, 102, 0) on light 0
2025-11-25 14:13:23,981 [INFO] Setting color(159, 96, 0) on light 0
2025-11-25 14:13:24,027 [INFO] Setting color(168, 87, 0) on light 0
2025-11-25 14:13:24,072 [INFO] Setting color(174, 81, 0) on light 0
2025-11-25 14:13:24,114 [INFO] Setting color(180, 75, 0) on light 0
2025-11-25 14:13:24,156 [INFO] Setting color(186, 69, 0) on light 0
2025-11-25 14:13:24,200 [INFO] Setting color(192, 63, 0) on light 0
2025-11-25 14:13:24,242 [INFO] Setting color(201, 54, 0) on light 0
2025-11-25 14:13:24,286 [INFO] Setting color(207, 48, 0) on light 0
2025-11-25 14:13:24,327 [INFO] Setting color(213, 42, 0) on light 0
2025-11-25 14:13:24,372 [INFO] Setting color(219, 36, 0) on light 0
2025-11-25 14:13:24,417 [INFO] Setting color(225, 30, 0) on light 0
2025-11-25 14:13:24,462 [INFO] Setting color(234, 21, 0) on light 0
2025-11-25 14:13:24,508 [INFO] Setting color(240, 15, 0) on light 0
2025-11-25 14:13:24,551 [INFO] Setting color(246, 9, 0) on light 0
2025-11-25 14:13:24,597 [INFO] Setting color(255, 0, 0) on light 0
2025-11-25 14:13:24,642 [INFO] Setting color(249, 0, 6) on light 0
2025-11-25 14:13:24,687 [INFO] Setting color(243, 0, 12) on light 0
2025-11-25 14:13:24,732 [INFO] Setting color(234, 0, 21) on light 0
2025-11-25 14:13:24,773 [INFO] Setting color(228, 0, 27) on light 0
2025-11-25 14:13:24,818 [INFO] Setting color(222, 0, 33) on light 0
2025-11-25 14:13:24,864 [INFO] Setting color(216, 0, 39) on light 0
2025-11-25 14:13:24,905 [INFO] Setting color(210, 0, 45) on light 0
2025-11-25 14:13:24,950 [INFO] Setting color(201, 0, 54) on light 0
2025-11-25 14:13:24,993 [INFO] Setting color(195, 0, 60) on light 0
2025-11-25 14:13:25,036 [INFO] Setting color(189, 0, 66) on light 0
2025-11-25 14:13:25,080 [INFO] Setting color(183, 0, 72) on light 0
2025-11-25 14:13:25,121 [INFO] Setting color(177, 0, 78) on light 0
2025-11-25 14:13:25,163 [INFO] Setting color(168, 0, 87) on light 0
2025-11-25 14:13:25,204 [INFO] Setting color(162, 0, 93) on light 0
2025-11-25 14:13:25,250 [INFO] Setting color(156, 0, 99) on light 0
2025-11-25 14:13:25,295 [INFO] Setting color(150, 0, 105) on light 0
2025-11-25 14:13:25,340 [INFO] Setting color(141, 0, 114) on light 0
2025-11-25 14:13:25,381 [INFO] Setting color(135, 0, 120) on light 0
2025-11-25 14:13:25,426 [INFO] Setting color(129, 0, 126) on light 0
2025-11-25 14:13:25,469 [INFO] Setting color(123, 0, 132) on light 0
2025-11-25 14:13:25,514 [INFO] Setting color(117, 0, 138) on light 0
2025-11-25 14:13:25,556 [INFO] Setting color(108, 0, 147) on light 0
2025-11-25 14:13:25,598 [INFO] Setting color(102, 0, 153) on light 0
2025-11-25 14:13:25,644 [INFO] Setting color(96, 0, 159) on light 0
2025-11-25 14:13:25,685 [INFO] Setting color(90, 0, 165) on light 0
2025-11-25 14:13:25,730 [INFO] Setting color(84, 0, 171) on light 0
2025-11-25 14:13:25,774 [INFO] Setting color(75, 0, 180) on light 0
2025-11-25 14:13:25,819 [INFO] Setting color(69, 0, 186) on light 0
2025-11-25 14:13:25,863 [INFO] Setting color(63, 0, 192) on light 0
2025-11-25 14:13:25,906 [INFO] Setting color(57, 0, 198) on light 0
2025-11-25 14:13:25,951 [INFO] Setting color(48, 0, 207) on light 0
2025-11-25 14:13:25,997 [INFO] Setting color(42, 0, 213) on light 0
2025-11-25 14:13:26,041 [INFO] Setting color(36, 0, 219) on light 0
2025-11-25 14:13:26,084 [INFO] Setting color(27, 0, 228) on light 0
2025-11-25 14:13:26,128 [INFO] Setting color(21, 0, 234) on light 0
2025-11-25 14:13:26,174 [INFO] Setting color(15, 0, 240) on light 0
2025-11-25 14:13:26,219 [INFO] Setting color(9, 0, 246) on light 0
2025-11-25 14:13:26,264 [INFO] Setting color(0, 0, 255) on light 0
2025-11-25 14:13:26,306 [INFO] Setting color(0, 6, 249) on light 0
2025-11-25 14:13:26,351 [INFO] Setting color(0, 12, 243) on light 0
2025-11-25 14:13:26,392 [INFO] Setting color(0, 18, 237) on light 0
2025-11-25 14:13:26,435 [INFO] Setting color(0, 24, 231) on light 0
2025-11-25 14:13:26,480 [INFO] Setting color(0, 33, 222) on light 0
2025-11-25 14:13:26,520 [INFO] Setting color(0, 39, 216) on light 0
2025-11-25 14:13:26,562 [INFO] Setting color(0, 45, 210) on light 0
2025-11-25 14:13:26,603 [INFO] Setting color(0, 51, 204) on light 0
2025-11-25 14:13:26,644 [INFO] Setting color(0, 57, 198) on light 0
2025-11-25 14:13:26,689 [INFO] Setting color(0, 63, 192) on light 0
2025-11-25 14:13:26,734 [INFO] Setting color(0, 72, 183) on light 0
2025-11-25 14:13:26,779 [INFO] Setting color(0, 78, 177) on light 0
2025-11-25 14:13:26,824 [INFO] Setting color(0, 84, 171) on light 0
2025-11-25 14:13:26,868 [INFO] Setting color(0, 90, 165) on light 0
2025-11-25 14:13:26,912 [INFO] Setting color(0, 99, 156) on light 0
2025-11-25 14:13:26,957 [INFO] Setting color(0, 105, 150) on light 0
2025-11-25 14:13:27,002 [INFO] Setting color(0, 111, 144) on light 0
2025-11-25 14:13:27,044 [INFO] Setting color(0, 117, 138) on light 0
2025-11-25 14:13:27,090 [INFO] Setting color(0, 126, 129) on light 0
2025-11-25 14:13:27,135 [INFO] Setting color(0, 132, 123) on light 0
2025-11-25 14:13:27,177 [INFO] Setting color(0, 138, 117) on light 0
2025-11-25 14:13:27,218 [INFO] Setting color(0, 144, 111) on light 0
2025-11-25 14:13:27,259 [INFO] Setting color(0, 150, 105) on light 0
2025-11-25 14:13:27,304 [INFO] Setting color(0, 159, 96) on light 0
2025-11-25 14:13:27,349 [INFO] Setting color(0, 165, 90) on light 0
2025-11-25 14:13:27,395 [INFO] Setting color(0, 171, 84) on light 0
2025-11-25 14:13:27,440 [INFO] Setting color(0, 180, 75) on light 0
2025-11-25 14:13:27,485 [INFO] Setting color(0, 186, 69) on light 0
2025-11-25 14:13:27,530 [INFO] Setting color(0, 192, 63) on light 0
2025-11-25 14:13:27,575 [INFO] Setting color(0, 201, 54) on light 0
2025-11-25 14:13:27,618 [INFO] Setting color(0, 207, 48) on light 0
2025-11-25 14:13:27,662 [INFO] Setting color(0, 213, 42) on light 0
2025-11-25 14:13:27,707 [INFO] Setting color(0, 219, 36) on light 0
2025-11-25 14:13:27,752 [INFO] Setting color(0, 228, 27) on light 0
2025-11-25 14:13:27,797 [INFO] Setting color(0, 234, 21) on light 0
2025-11-25 14:13:27,841 [INFO] Setting color(0, 240, 15) on light 0
2025-11-25 14:13:27,886 [INFO] Setting color(0, 246, 9) on light 0
2025-11-25 14:13:27,927 [INFO] Setting color(0, 252, 3) on light 0
2025-11-25 14:13:27,971 [INFO] Setting color(6, 249, 0) on light 0
2025-11-25 14:13:28,016 [INFO] Setting color(12, 243, 0) on light 0
2025-11-25 14:13:28,060 [INFO] Setting color(18, 237, 0) on light 0
2025-11-25 14:13:28,104 [INFO] Setting color(27, 228, 0) on light 0
2025-11-25 14:13:28,149 [INFO] Setting color(33, 222, 0) on light 0
2025-11-25 14:13:28,195 [INFO] Setting color(39, 216, 0) on light 0
2025-11-25 14:13:28,240 [INFO] Setting color(45, 210, 0) on light 0
2025-11-25 14:13:28,286 [INFO] Setting color(54, 201, 0) on light 0
2025-11-25 14:13:28,329 [INFO] Setting color(60, 195, 0) on light 0
2025-11-25 14:13:28,371 [INFO] Setting color(66, 189, 0) on light 0
2025-11-25 14:13:28,416 [INFO] Setting color(72, 183, 0) on light 0
2025-11-25 14:13:28,462 [INFO] Setting color(81, 174, 0) on light 0
2025-11-25 14:13:28,507 [INFO] Setting color(87, 168, 0) on light 0
2025-11-25 14:13:28,552 [INFO] Setting color(93, 162, 0) on light 0
2025-11-25 14:13:28,598 [INFO] Setting color(102, 153, 0) on light 0
2025-11-25 14:13:28,638 [INFO] Setting color(108, 147, 0) on light 0
2025-11-25 14:13:28,682 [INFO] Setting color(114, 141, 0) on light 0
2025-11-25 14:13:28,728 [INFO] Setting color(120, 135, 0) on light 0
2025-11-25 14:13:28,772 [INFO] Setting color(129, 126, 0) on light 0
2025-11-25 14:13:28,817 [INFO] Setting color(135, 120, 0) on light 0
2025-11-25 14:13:28,862 [INFO] Setting color(141, 114, 0) on light 0
2025-11-25 14:13:28,907 [INFO] Setting color(147, 108, 0) on light 0
2025-11-25 14:13:28,951 [INFO] Setting color(156, 99, 0) on light 0
2025-11-25 14:13:28,997 [INFO] Setting color(162, 93, 0) on light 0
2025-11-25 14:13:29,042 [INFO] Setting color(168, 87, 0) on light 0
2025-11-25 14:13:29,086 [INFO] Setting color(177, 78, 0) on light 0
2025-11-25 14:13:29,131 [INFO] Setting color(183, 72, 0) on light 0
2025-11-25 14:13:29,175 [INFO] Setting color(189, 66, 0) on light 0
2025-11-25 14:13:29,220 [INFO] Setting color(195, 60, 0) on light 0
2025-11-25 14:13:29,266 [INFO] Setting color(204, 51, 0) on light 0
2025-11-25 14:13:29,311 [INFO] Setting color(210, 45, 0) on light 0
2025-11-25 14:13:29,357 [INFO] Setting color(216, 39, 0) on light 0
2025-11-25 14:13:29,398 [INFO] Setting color(225, 30, 0) on light 0
2025-11-25 14:13:29,440 [INFO] Setting color(231, 24, 0) on light 0
2025-11-25 14:13:29,484 [INFO] Setting color(237, 18, 0) on light 0
2025-11-25 14:13:29,530 [INFO] Setting color(243, 12, 0) on light 0
2025-11-25 14:13:29,575 [INFO] Setting color(252, 3, 0) on light 0
2025-11-25 14:13:29,616 [INFO] Setting color(252, 0, 3) on light 0
2025-11-25 14:13:29,661 [INFO] Setting color(246, 0, 9) on light 0
2025-11-25 14:13:29,703 [INFO] Setting color(240, 0, 15) on light 0
2025-11-25 14:13:29,745 [INFO] Setting color(234, 0, 21) on light 0
2025-11-25 14:13:29,791 [INFO] Setting color(225, 0, 30) on light 0
2025-11-25 14:13:29,833 [INFO] Setting color(219, 0, 36) on light 0
2025-11-25 14:13:29,879 [INFO] Setting color(213, 0, 42) on light 0
2025-11-25 14:13:29,923 [INFO] Setting color(207, 0, 48) on light 0
2025-11-25 14:13:29,969 [INFO] Setting color(198, 0, 57) on light 0
2025-11-25 14:13:30,013 [INFO] Setting color(192, 0, 63) on light 0
2025-11-25 14:13:30,057 [INFO] Setting color(186, 0, 69) on light 0
2025-11-25 14:13:30,102 [INFO] Setting color(180, 0, 75) on light 0
2025-11-25 14:13:30,146 [INFO] Setting color(171, 0, 84) on light 0
2025-11-25 14:13:30,189 [INFO] Setting color(165, 0, 90) on light 0
2025-11-25 14:13:30,230 [INFO] Setting color(159, 0, 96) on light 0
2025-11-25 14:13:30,275 [INFO] Setting color(153, 0, 102) on light 0
2025-11-25 14:13:30,317 [INFO] Setting color(147, 0, 108) on light 0
2025-11-25 14:13:30,362 [INFO] Setting color(138, 0, 117) on light 0
2025-11-25 14:13:30,408 [INFO] Setting color(132, 0, 123) on light 0
2025-11-25 14:13:30,452 [INFO] Setting color(126, 0, 129) on light 0
2025-11-25 14:13:30,498 [INFO] Setting color(117, 0, 138) on light 0
2025-11-25 14:13:30,543 [INFO] Setting color(111, 0, 144) on light 0
2025-11-25 14:13:30,587 [INFO] Setting color(105, 0, 150) on light 0
2025-11-25 14:13:30,632 [INFO] Setting color(99, 0, 156) on light 0
2025-11-25 14:13:30,673 [INFO] Setting color(90, 0, 165) on light 0
2025-11-25 14:13:30,718 [INFO] Setting color(84, 0, 171) on light 0
2025-11-25 14:13:30,762 [INFO] Setting color(78, 0, 177) on light 0
2025-11-25 14:13:30,804 [INFO] Setting color(72, 0, 183) on light 0
2025-11-25 14:13:30,849 [INFO] Setting color(63, 0, 192) on light 0
2025-11-25 14:13:30,892 [INFO] Setting color(57, 0, 198) on light 0
2025-11-25 14:13:30,937 [INFO] Setting color(51, 0, 204) on light 0
2025-11-25 14:13:30,982 [INFO] Setting color(45, 0, 210) on light 0
2025-11-25 14:13:31,028 [INFO] Setting color(36, 0, 219) on light 0
2025-11-25 14:13:31,072 [INFO] Setting color(30, 0, 225) on light 0
2025-11-25 14:13:31,117 [INFO] Setting color(24, 0, 231) on light 0
2025-11-25 14:13:31,163 [INFO] Setting color(15, 0, 240) on light 0
2025-11-25 14:13:31,209 [INFO] Setting color(9, 0, 246) on light 0
2025-11-25 14:13:31,254 [INFO] Setting color(3, 0, 252) on light 0
2025-11-25 14:13:31,299 [INFO] Setting color(0, 3, 252) on light 0
2025-11-25 14:13:31,345 [INFO] Setting color(0, 12, 243) on light 0
2025-11-25 14:13:31,390 [INFO] Setting color(0, 18, 237) on light 0
2025-11-25 14:13:31,434 [INFO] Setting color(0, 24, 231) on light 0
2025-11-25 14:13:31,475 [INFO] Setting color(0, 30, 225) on light 0
2025-11-25 14:13:31,520 [INFO] Setting color(0, 39, 216) on light 0
2025-11-25 14:13:31,566 [INFO] Setting color(0, 45, 210) on light 0
2025-11-25 14:13:31,607 [INFO] Setting color(0, 51, 204) on light 0
2025-11-25 14:13:31,650 [INFO] Setting color(0, 57, 198) on light 0
2025-11-25 14:13:31,696 [INFO] Setting color(0, 66, 189) on light 0
2025-11-25 14:13:31,738 [INFO] Setting color(0, 72, 183) on light 0
2025-11-25 14:13:31,781 [INFO] Setting color(0, 78, 177) on light 0
2025-11-25 14:13:31,824 [INFO] Setting color(0, 84, 171) on light 0
2025-11-25 14:13:31,869 [INFO] Setting color(0, 93, 162) on light 0
2025-11-25 14:13:31,915 [INFO] Setting color(0, 99, 156) on light 0
2025-11-25 14:13:31,955 [INFO] Setting color(0, 105, 150) on light 0
2025-11-25 14:13:31,998 [INFO] Setting color(0, 111, 144) on light 0
2025-11-25 14:13:32,041 [INFO] Setting color(0, 117, 138) on light 0
2025-11-25 14:13:32,083 [INFO] Setting color(0, 123, 132) on light 0
2025-11-25 14:13:32,128 [INFO] Setting color(0, 132, 123) on light 0
2025-11-25 14:13:32,169 [INFO] Setting color(0, 138, 117) on light 0
2025-11-25 14:13:32,211 [INFO] Setting color(0, 144, 111) on light 0
2025-11-25 14:13:32,257 [INFO] Setting color(0, 150, 105) on light 0
2025-11-25 14:13:32,302 [INFO] Setting color(0, 159, 96) on light 0
2025-11-25 14:13:32,346 [INFO] Setting color(0, 165, 90) on light 0
2025-11-25 14:13:32,388 [INFO] Setting color(0, 171, 84) on light 0
2025-11-25 14:13:32,429 [INFO] Setting color(0, 177, 78) on light 0
2025-11-25 14:13:32,474 [INFO] Setting color(0, 183, 72) on light 0
2025-11-25 14:13:32,515 [INFO] Setting color(0, 189, 66) on light 0
2025-11-25 14:13:32,560 [INFO] Setting color(0, 198, 57) on light 0
2025-11-25 14:13:32,602 [INFO] Setting color(0, 204, 51) on light 0
2025-11-25 14:13:32,645 [INFO] Setting color(0, 210, 45) on light 0
2025-11-25 14:13:32,690 [INFO] Setting color(0, 216, 39) on light 0
2025-11-25 14:13:32,733 [INFO] Setting color(0, 225, 30) on light 0
2025-11-25 14:13:32,775 [INFO] Setting color(0, 231, 24) on light 0
2025-11-25 14:13:32,818 [INFO] Setting color(0, 237, 18) on light 0
2025-11-25 14:13:32,864 [INFO] Setting color(0, 243, 12) on light 0
2025-11-25 14:13:32,908 [INFO] Setting color(0, 252, 3) on light 0
2025-11-25 14:13:32,949 [INFO] Setting color(3, 252, 0) on light 0
2025-11-25 14:13:32,992 [INFO] Setting color(9, 246, 0) on light 0
2025-11-25 14:13:33,037 [INFO] Setting color(15, 240, 0) on light 0
2025-11-25 14:13:33,080 [INFO] Setting color(21, 234, 0) on light 0
2025-11-25 14:13:33,125 [INFO] Setting color(30, 225, 0) on light 0
2025-11-25 14:13:33,170 [INFO] Setting color(36, 219, 0) on light 0
2025-11-25 14:13:33,213 [INFO] Setting color(42, 213, 0) on light 0
2025-11-25 14:13:33,258 [INFO] Setting color(48, 207, 0) on light 0
2025-11-25 14:13:33,304 [INFO] Setting color(57, 198, 0) on light 0
2025-11-25 14:13:33,349 [INFO] Setting color(63, 192, 0) on light 0
2025-11-25 14:13:33,390 [INFO] Setting color(69, 186, 0) on light 0
2025-11-25 14:13:33,435 [INFO] Setting color(75, 180, 0) on light 0
2025-11-25 14:13:33,480 [INFO] Setting color(84, 171, 0) on light 0
2025-11-25 14:13:33,521 [INFO] Setting color(90, 165, 0) on light 0
2025-11-25 14:13:33,567 [INFO] Setting color(96, 159, 0) on light 0
2025-11-25 14:13:33,610 [INFO] Setting color(102, 153, 0) on light 0
2025-11-25 14:13:33,656 [INFO] Setting color(111, 144, 0) on light 0
2025-11-25 14:13:33,701 [INFO] Setting color(117, 138, 0) on light 0
2025-11-25 14:13:33,743 [INFO] Setting color(123, 132, 0) on light 0
2025-11-25 14:13:33,788 [INFO] Setting color(129, 126, 0) on light 0
2025-11-25 14:13:33,833 [INFO] Setting color(138, 117, 0) on light 0
2025-11-25 14:13:33,876 [INFO] Setting color(144, 111, 0) on light 0
2025-11-25 14:13:33,917 [INFO] Setting color(150, 105, 0) on light 0
2025-11-25 14:13:33,961 [INFO] Setting color(156, 99, 0) on light 0
2025-11-25 14:13:34,007 [INFO] Setting color(165, 90, 0) on light 0
2025-11-25 14:13:34,052 [INFO] Setting color(171, 84, 0) on light 0
2025-11-25 14:13:34,097 [INFO] Setting color(177, 78, 0) on light 0
2025-11-25 14:13:34,143 [INFO] Setting color(186, 69, 0) on light 0
2025-11-25 14:13:34,186 [INFO] Setting color(192, 63, 0) on light 0
2025-11-25 14:13:34,231 [INFO] Setting color(198, 57, 0) on light 0
2025-11-25 14:13:34,275 [INFO] Setting color(204, 51, 0) on light 0
2025-11-25 14:13:34,319 [INFO] Setting color(213, 42, 0) on light 0
2025-11-25 14:13:34,364 [INFO] Setting color(219, 36, 0) on light 0
2025-11-25 14:13:34,406 [INFO] Setting color(225, 30, 0) on light 0
2025-11-25 14:13:34,449 [INFO] Setting color(231, 24, 0) on light 0
2025-11-25 14:13:34,495 [INFO] Setting color(237, 18, 0) on light 0
2025-11-25 14:13:34,537 [INFO] Setting color(246, 9, 0) on light 0
2025-11-25 14:13:34,582 [INFO] Setting color(252, 3, 0) on light 0
2025-11-25 14:13:34,627 [INFO] Setting color(252, 0, 3) on light 0
2025-11-25 14:13:34,672 [INFO] Setting color(246, 0, 9) on light 0
2025-11-25 14:13:34,714 [INFO] Setting color(237, 0, 18) on light 0
2025-11-25 14:13:34,759 [INFO] Setting color(231, 0, 24) on light 0
2025-11-25 14:13:34,804 [INFO] Setting color(225, 0, 30) on light 0
2025-11-25 14:13:34,849 [INFO] Setting color(216, 0, 39) on light 0
2025-11-25 14:13:34,894 [INFO] Setting color(210, 0, 45) on light 0
2025-11-25 14:13:34,938 [INFO] Setting color(204, 0, 51) on light 0
2025-11-25 14:13:34,984 [INFO] Setting color(198, 0, 57) on light 0
2025-11-25 14:13:35,026 [INFO] Setting color(189, 0, 66) on light 0
2025-11-25 14:13:35,070 [INFO] Setting color(183, 0, 72) on light 0
2025-11-25 14:13:35,115 [INFO] Setting color(177, 0, 78) on light 0
2025-11-25 14:13:35,161 [INFO] Setting color(171, 0, 84) on light 0
2025-11-25 14:13:35,204 [INFO] Setting color(162, 0, 93) on light 0
2025-11-25 14:13:35,247 [INFO] Setting color(156, 0, 99) on light 0
2025-11-25 14:13:35,291 [INFO] Setting color(150, 0, 105) on light 0
2025-11-25 14:13:35,335 [INFO] Setting color(144, 0, 111) on light 0
2025-11-25 14:13:35,380 [INFO] Setting color(135, 0, 120) on light 0
2025-11-25 14:13:35,424 [INFO] Setting color(129, 0, 126) on light 0
2025-11-25 14:13:35,468 [INFO] Setting color(123, 0, 132) on light 0
2025-11-25 14:13:35,511 [INFO] Setting color(117, 0, 138) on light 0
2025-11-25 14:13:35,557 [INFO] Setting color(108, 0, 147) on light 0
2025-11-25 14:13:35,602 [INFO] Setting color(102, 0, 153) on light 0
2025-11-25 14:13:35,646 [INFO] Setting color(96, 0, 159) on light 0
2025-11-25 14:13:35,692 [INFO] Setting color(87, 0, 168) on light 0
2025-11-25 14:13:35,735 [INFO] Setting color(81, 0, 174) on light 0
2025-11-25 14:13:35,780 [INFO] Setting color(75, 0, 180) on light 0
2025-11-25 14:13:35,825 [INFO] Setting color(69, 0, 186) on light 0
2025-11-25 14:13:35,868 [INFO] Setting color(63, 0, 192) on light 0
2025-11-25 14:13:35,913 [INFO] Setting color(54, 0, 201) on light 0
2025-11-25 14:13:35,956 [INFO] Setting color(48, 0, 207) on light 0
2025-11-25 14:13:36,000 [INFO] Setting color(42, 0, 213) on light 0
2025-11-25 14:13:36,041 [INFO] Setting color(36, 0, 219) on light 0
2025-11-25 14:13:36,085 [INFO] Setting color(27, 0, 228) on light 0
2025-11-25 14:13:36,130 [INFO] Setting color(21, 0, 234) on light 0
2025-11-25 14:13:36,173 [INFO] Setting color(15, 0, 240) on light 0
2025-11-25 14:13:36,219 [INFO] Setting color(9, 0, 246) on light 0
2025-11-25 14:13:36,263 [INFO] Setting color(0, 0, 255) on light 0
2025-11-25 14:13:36,306 [INFO] Setting color(0, 6, 249) on light 0
2025-11-25 14:13:36,352 [INFO] Setting color(0, 12, 243) on light 0
2025-11-25 14:13:36,396 [INFO] Setting color(0, 18, 237) on light 0
2025-11-25 14:13:36,441 [INFO] Setting color(0, 27, 228) on light 0
2025-11-25 14:13:36,485 [INFO] Setting color(0, 33, 222) on light 0
2025-11-25 14:13:36,530 [INFO] Setting color(0, 39, 216) on light 0
2025-11-25 14:13:36,573 [INFO] Setting color(0, 45, 210) on light 0
2025-11-25 14:13:36,613 [INFO] Setting color(0, 54, 201) on light 0
2025-11-25 14:13:36,657 [INFO] Setting color(0, 60, 195) on light 0
2025-11-25 14:13:36,701 [INFO] Setting color(0, 66, 189) on light 0
2025-11-25 14:13:36,745 [INFO] Setting color(0, 72, 183) on light 0
2025-11-25 14:13:36,787 [INFO] Setting color(0, 78, 177) on light 0
2025-11-25 14:13:36,833 [INFO] Setting color(0, 87, 168) on light 0
2025-11-25 14:13:36,878 [INFO] Setting color(0, 93, 162) on light 0
2025-11-25 14:13:36,923 [INFO] Setting color(0, 99, 156) on light 0
2025-11-25 14:13:36,968 [INFO] Setting color(0, 108, 147) on light 0
2025-11-25 14:13:37,012 [INFO] Setting color(0, 114, 141) on light 0
2025-11-25 14:13:37,057 [INFO] Setting color(0, 120, 135) on light 0
2025-11-25 14:13:37,102 [INFO] Setting color(0, 126, 129) on light 0
2025-11-25 14:13:37,148 [INFO] Setting color(0, 135, 120) on light 0
2025-11-25 14:13:37,193 [INFO] Setting color(0, 141, 114) on light 0
2025-11-25 14:13:37,239 [INFO] Setting color(0, 147, 108) on light 0
2025-11-25 14:13:37,285 [INFO] Setting color(0, 156, 99) on light 0
2025-11-25 14:13:37,330 [INFO] Setting color(0, 162, 93) on light 0
2025-11-25 14:13:37,372 [INFO] Setting color(0, 168, 87) on light 0
2025-11-25 14:13:37,417 [INFO] Setting color(0, 177, 78) on light 0
2025-11-25 14:13:37,463 [INFO] Setting color(0, 183, 72) on light 0
2025-11-25 14:13:37,505 [INFO] Setting color(0, 189, 66) on light 0
2025-11-25 14:13:37,549 [INFO] Setting color(0, 195, 60) on light 0
2025-11-25 14:13:37,595 [INFO] Setting color(0, 204, 51) on light 0
2025-11-25 14:13:37,637 [INFO] Setting color(0, 210, 45) on light 0
2025-11-25 14:13:37,682 [INFO] Setting color(0, 216, 39) on light 0
2025-11-25 14:13:37,728 [INFO] Setting color(0, 222, 33) on light 0
2025-11-25 14:13:37,773 [INFO] Setting color(0, 231, 24) on light 0
2025-11-25 14:13:37,818 [INFO] Setting color(0, 237, 18) on light 0
2025-11-25 14:13:37,864 [INFO] Setting color(0, 243, 12) on light 0
2025-11-25 14:13:37,906 [INFO] Setting color(0, 249, 6) on light 0
2025-11-25 14:13:37,952 [INFO] Setting color(3, 252, 0) on light 0
2025-11-25 14:13:37,995 [INFO] Setting color(9, 246, 0) on light 0
2025-11-25 14:13:38,041 [INFO] Setting color(15, 240, 0) on light 0
2025-11-25 14:13:38,082 [INFO] Setting color(21, 234, 0) on light 0
2025-11-25 14:13:38,127 [INFO] Setting color(30, 225, 0) on light 0
2025-11-25 14:13:38,170 [INFO] Setting color(36, 219, 0) on light 0
2025-11-25 14:13:38,216 [INFO] Setting color(42, 213, 0) on light 0
2025-11-25 14:13:38,262 [INFO] Setting color(51, 204, 0) on light 0
2025-11-25 14:13:38,305 [INFO] Setting color(57, 198, 0) on light 0
2025-11-25 14:13:38,348 [INFO] Setting color(63, 192, 0) on light 0
2025-11-25 14:13:38,394 [INFO] Setting color(69, 186, 0) on light 0
2025-11-25 14:13:38,437 [INFO] Setting color(75, 180, 0) on light 0
2025-11-25 14:13:38,480 [INFO] Setting color(84, 171, 0) on light 0
2025-11-25 14:13:38,524 [INFO] Setting color(90, 165, 0) on light 0
2025-11-25 14:13:38,568 [INFO] Setting color(96, 159, 0) on light 0
2025-11-25 14:13:38,614 [INFO] Setting color(105, 150, 0) on light 0
2025-11-25 14:13:38,656 [INFO] Setting color(111, 144, 0) on light 0
2025-11-25 14:13:38,699 [INFO] Setting color(117, 138, 0) on light 0
2025-11-25 14:13:38,745 [INFO] Setting color(123, 132, 0) on light 0
2025-11-25 14:13:38,786 [INFO] Setting color(129, 126, 0) on light 0
2025-11-25 14:13:38,831 [INFO] Setting color(138, 117, 0) on light 0
2025-11-25 14:13:38,876 [INFO] Setting color(144, 111, 0) on light 0
2025-11-25 14:13:38,922 [INFO] Setting color(150, 105, 0) on light 0
2025-11-25 14:13:38,967 [INFO] Setting color(159, 96, 0) on light 0
2025-11-25 14:13:39,012 [INFO] Setting color(165, 90, 0) on light 0
2025-11-25 14:13:39,055 [INFO] Setting color(171, 84, 0) on light 0
2025-11-25 14:13:39,100 [INFO] Setting color(177, 78, 0) on light 0
2025-11-25 14:13:39,144 [INFO] Setting color(186, 69, 0) on light 0
2025-11-25 14:13:39,188 [INFO] Setting color(192, 63, 0) on light 0
2025-11-25 14:13:39,230 [INFO] Setting color(198, 57, 0) on light 0
2025-11-25 14:13:39,274 [INFO] Setting color(204, 51, 0) on light 0
2025-11-25 14:13:39,320 [INFO] Setting color(213, 42, 0) on light 0
2025-11-25 14:13:39,363 [INFO] Setting color(219, 36, 0) on light 0
2025-11-25 14:13:39,407 [INFO] Setting color(225, 30, 0) on light 0
2025-11-25 14:13:39,452 [INFO] Setting color(231, 24, 0) on light 0
2025-11-25 14:13:39,497 [INFO] Setting color(240, 15, 0) on light 0
2025-11-25 14:13:39,541 [INFO] Setting color(246, 9, 0) on light 0
2025-11-25 14:13:39,587 [INFO] Setting color(252, 3, 0) on light 0
2025-11-25 14:13:39,632 [INFO] Setting color(252, 0, 3) on light 0
2025-11-25 14:13:39,675 [INFO] Setting color(243, 0, 12) on light 0
2025-11-25 14:13:39,721 [INFO] Setting color(237, 0, 18) on light 0
2025-11-25 14:13:39,762 [INFO] Setting color(231, 0, 24) on light 0
2025-11-25 14:13:39,805 [INFO] Setting color(225, 0, 30) on light 0
2025-11-25 14:13:39,849 [INFO] Setting color(216, 0, 39) on light 0
2025-11-25 14:13:39,895 [INFO] Setting color(210, 0, 45) on light 0
2025-11-25 14:13:39,940 [INFO] Setting color(204, 0, 51) on light 0
2025-11-25 14:13:39,982 [INFO] Setting color(198, 0, 57) on light 0
2025-11-25 14:13:40,027 [INFO] Setting color(189, 0, 66) on light 0
2025-11-25 14:13:40,072 [INFO] Setting color(183, 0, 72) on light 0
2025-11-25 14:13:40,118 [INFO] Setting color(177, 0, 78) on light 0
2025-11-25 14:13:40,163 [INFO] Setting color(168, 0, 87) on light 0
2025-11-25 14:13:40,208 [INFO] Setting color(162, 0, 93) on light 0
2025-11-25 14:13:40,250 [INFO] Setting color(156, 0, 99) on light 0
2025-11-25 14:13:40,295 [INFO] Setting color(150, 0, 105) on light 0
2025-11-25 14:13:40,340 [INFO] Setting color(141, 0, 114) on light 0
2025-11-25 14:13:40,381 [INFO] Setting color(135, 0, 120) on light 0
2025-11-25 14:13:40,426 [INFO] Setting color(129, 0, 126) on light 0
2025-11-25 14:13:40,472 [INFO] Setting color(123, 0, 132) on light 0
2025-11-25 14:13:40,517 [INFO] Setting color(114, 0, 141) on light 0
2025-11-25 14:13:40,562 [INFO] Setting color(108, 0, 147) on light 0
2025-11-25 14:13:40,603 [INFO] Setting color(102, 0, 153) on light 0
2025-11-25 14:13:40,646 [INFO] Setting color(96, 0, 159) on light 0
2025-11-25 14:13:40,690 [INFO] Setting color(90, 0, 165) on light 0
2025-11-25 14:13:40,735 [INFO] Setting color(81, 0, 174) on light 0
2025-11-25 14:13:40,781 [INFO] Setting color(75, 0, 180) on light 0
2025-11-25 14:13:40,826 [INFO] Setting color(69, 0, 186) on light 0
2025-11-25 14:13:40,871 [INFO] Setting color(60, 0, 195) on light 0
2025-11-25 14:13:40,916 [INFO] Setting color(54, 0, 201) on light 0
2025-11-25 14:13:40,960 [INFO] Setting color(48, 0, 207) on light 0
2025-11-25 14:13:41,002 [INFO] Setting color(42, 0, 213) on light 0
2025-11-25 14:13:41,048 [INFO] Setting color(33, 0, 222) on light 0
2025-11-25 14:13:41,089 [INFO] Setting color(27, 0, 228) on light 0
2025-11-25 14:13:41,134 [INFO] Setting color(21, 0, 234) on light 0
2025-11-25 14:13:41,177 [INFO] Setting color(15, 0, 240) on light 0
2025-11-25 14:13:41,221 [INFO] Setting color(6, 0, 249) on light 0
2025-11-25 14:13:41,266 [INFO] Setting color(0, 0, 255) on light 0
2025-11-25 14:13:41,308 [INFO] Setting color(0, 6, 249) on light 0
2025-11-25 14:13:41,350 [INFO] Setting color(0, 12, 243) on light 0
2025-11-25 14:13:41,394 [INFO] Setting color(0, 18, 237) on light 0
2025-11-25 14:13:41,437 [INFO] Setting color(0, 27, 228) on light 0
2025-11-25 14:13:41,479 [INFO] Setting color(0, 33, 222) on light 0
2025-11-25 14:13:41,525 [INFO] Setting color(0, 39, 216) on light 0
2025-11-25 14:13:41,569 [INFO] Setting color(0, 45, 210) on light 0
2025-11-25 14:13:41,613 [INFO] Setting color(0, 51, 204) on light 0
2025-11-25 14:13:41,657 [INFO] Setting color(0, 60, 195) on light 0
2025-11-25 14:13:41,657 [INFO] Setting color(0, 0, 0) on light 0
2025-11-25 14:13:44,946 [INFO] Sending PUT request to https://192.168.2.50/clip/v2/resource/entertainment_configuration/20b9f6d2-cf73-4fc1-a2db-87124e538dbc
2025-11-25 14:13:45,736 [INFO] Entertainment configuration updated successfully.
2025-11-25 14:13:57,392 [INFO] Fetching entertainment configurations
2025-11-25 14:13:57,392 [INFO] Sending GET request to https://192.168.2.50/clip/v2/resource/entertainment_configuration
2025-11-25 14:15:18,406 [INFO] Fetching entertainment configurations
2025-11-25 14:15:18,406 [INFO] Sending GET request to https://192.168.2.50/clip/v2/resource/entertainment_configuration
2025-11-25 14:16:50,939 [INFO] Creating bridge model…
2025-11-25 14:16:50,939 [INFO] Fetching entertainment configs…
2025-11-25 14:16:50,939 [INFO] Fetching entertainment configurations
2025-11-25 14:16:50,939 [INFO] Sending GET request to https://192.168.2.50/clip/v2/resource/entertainment_configuration
2025-11-25 14:28:08,778 [INFO] Creating bridge model…
2025-11-25 14:28:08,779 [INFO] Fetching entertainment configs…
2025-11-25 14:28:08,779 [INFO] Fetching entertainment configurations
2025-11-25 14:28:08,779 [INFO] Sending GET request to https://192.168.2.50/clip/v2/resource/entertainment_configuration
2025-11-25 14:30:41,610 [INFO] Creating bridge model…
2025-11-25 14:30:41,610 [INFO] Fetching entertainment configs…
2025-11-25 14:30:41,611 [INFO] Fetching entertainment configurations
2025-11-25 14:30:41,611 [INFO] Sending GET request to https://192.168.2.50/clip/v2/resource/entertainment_configuration
2025-11-25 14:30:50,158 [INFO] Creating bridge model…
2025-11-25 14:30:50,158 [INFO] Fetching entertainment configs…
2025-11-25 14:30:50,158 [INFO] Fetching entertainment configurations
2025-11-25 14:30:50,158 [INFO] Sending GET request to https://192.168.2.50/clip/v2/resource/entertainment_configuration
2025-11-25 14:30:50,269 [INFO] Using entertainment area: Guestbath (id=20b9f6d2-cf73-4fc1-a2db-87124e538dbc)
2025-11-25 14:30:50,269 [INFO] Lights in entertainment area: [0]
2025-11-25 14:30:50,269 [INFO] Starting entertainment stream…
2025-11-25 14:30:50,269 [INFO] Sending PUT request to https://192.168.2.50/clip/v2/resource/entertainment_configuration/20b9f6d2-cf73-4fc1-a2db-87124e538dbc
2025-11-25 14:30:50,479 [INFO] Entertainment configuration updated successfully.
2025-11-25 14:30:50,479 [INFO] Creating DTLS socket and context
2025-11-25 14:30:50,481 [INFO] Starting DTLS handshake
2025-11-25 14:30:51,105 [INFO] DTLS handshake established
2025-11-25 14:30:51,106 [INFO] Setting color(0, 254, 0) on light 0
2025-11-25 14:30:51,129 [INFO] Setting color(0, 254, 0) on light 0
2025-11-25 14:30:51,150 [INFO] Setting color(0, 254, 0) on light 0
2025-11-25 14:30:51,176 [INFO] Setting color(1, 253, 0) on light 0
2025-11-25 14:30:51,197 [INFO] Setting color(1, 253, 0) on light 0
2025-11-25 14:30:51,221 [INFO] Setting color(1, 253, 0) on light 0
2025-11-25 14:30:51,247 [INFO] Setting color(2, 252, 0) on light 0
2025-11-25 14:30:51,270 [INFO] Setting color(2, 252, 0) on light 0
2025-11-25 14:30:51,293 [INFO] Setting color(2, 252, 0) on light 0
2025-11-25 14:30:51,317 [INFO] Setting color(3, 251, 0) on light 0
2025-11-25 14:30:51,343 [INFO] Setting color(3, 251, 0) on light 0
2025-11-25 14:30:51,365 [INFO] Setting color(3, 251, 0) on light 0
2025-11-25 14:30:51,391 [INFO] Setting color(4, 250, 0) on light 0
2025-11-25 14:30:51,414 [INFO] Setting color(4, 250, 0) on light 0
2025-11-25 14:30:51,439 [INFO] Setting color(5, 249, 0) on light 0
2025-11-25 14:30:51,463 [INFO] Setting color(5, 249, 0) on light 0
2025-11-25 14:30:51,484 [INFO] Setting color(5, 249, 0) on light 0
2025-11-25 14:30:51,510 [INFO] Setting color(6, 248, 0) on light 0
2025-11-25 14:30:51,534 [INFO] Setting color(6, 248, 0) on light 0
2025-11-25 14:30:51,557 [INFO] Setting color(6, 248, 0) on light 0
2025-11-25 14:30:51,580 [INFO] Setting color(7, 247, 0) on light 0
2025-11-25 14:30:51,602 [INFO] Setting color(7, 247, 0) on light 0
2025-11-25 14:30:51,626 [INFO] Setting color(7, 247, 0) on light 0
2025-11-25 14:30:51,651 [INFO] Setting color(8, 246, 0) on light 0
2025-11-25 14:30:51,676 [INFO] Setting color(8, 246, 0) on light 0
2025-11-25 14:30:51,702 [INFO] Setting color(9, 245, 0) on light 0
2025-11-25 14:30:51,726 [INFO] Setting color(9, 245, 0) on light 0
2025-11-25 14:30:51,752 [INFO] Setting color(9, 245, 0) on light 0
2025-11-25 14:30:51,778 [INFO] Setting color(10, 244, 0) on light 0
2025-11-25 14:30:51,803 [INFO] Setting color(10, 244, 0) on light 0
2025-11-25 14:30:51,826 [INFO] Setting color(11, 243, 0) on light 0
2025-11-25 14:30:51,852 [INFO] Setting color(11, 243, 0) on light 0
2025-11-25 14:30:51,877 [INFO] Setting color(11, 243, 0) on light 0
2025-11-25 14:30:51,899 [INFO] Setting color(12, 242, 0) on light 0
2025-11-25 14:30:51,925 [INFO] Setting color(12, 242, 0) on light 0
2025-11-25 14:30:51,950 [INFO] Setting color(12, 242, 0) on light 0
2025-11-25 14:30:51,976 [INFO] Setting color(13, 241, 0) on light 0
2025-11-25 14:30:52,001 [INFO] Setting color(13, 241, 0) on light 0
2025-11-25 14:30:52,026 [INFO] Setting color(14, 240, 0) on light 0
2025-11-25 14:30:52,049 [INFO] Setting color(14, 240, 0) on light 0
2025-11-25 14:30:52,074 [INFO] Setting color(14, 240, 0) on light 0
2025-11-25 14:30:52,099 [INFO] Setting color(15, 239, 0) on light 0
2025-11-25 14:30:52,123 [INFO] Setting color(15, 239, 0) on light 0
2025-11-25 14:30:52,148 [INFO] Setting color(16, 238, 0) on light 0
2025-11-25 14:30:52,172 [INFO] Setting color(16, 238, 0) on light 0
2025-11-25 14:30:52,193 [INFO] Setting color(16, 238, 0) on light 0
2025-11-25 14:30:52,217 [INFO] Setting color(17, 237, 0) on light 0
2025-11-25 14:30:52,243 [INFO] Setting color(17, 237, 0) on light 0
2025-11-25 14:30:52,269 [INFO] Setting color(17, 237, 0) on light 0
2025-11-25 14:30:52,293 [INFO] Setting color(18, 236, 0) on light 0
2025-11-25 14:30:52,319 [INFO] Setting color(18, 236, 0) on light 0
2025-11-25 14:30:52,340 [INFO] Setting color(18, 236, 0) on light 0
2025-11-25 14:30:52,361 [INFO] Setting color(19, 235, 0) on light 0
2025-11-25 14:30:52,383 [INFO] Setting color(19, 235, 0) on light 0
2025-11-25 14:30:52,408 [INFO] Setting color(19, 235, 0) on light 0
2025-11-25 14:30:52,434 [INFO] Setting color(20, 234, 0) on light 0
2025-11-25 14:30:52,459 [INFO] Setting color(20, 234, 0) on light 0
2025-11-25 14:30:52,481 [INFO] Setting color(21, 233, 0) on light 0
2025-11-25 14:30:52,506 [INFO] Setting color(21, 233, 0) on light 0
2025-11-25 14:30:52,532 [INFO] Setting color(21, 233, 0) on light 0
2025-11-25 14:30:52,557 [INFO] Setting color(22, 232, 0) on light 0
2025-11-25 14:30:52,581 [INFO] Setting color(22, 232, 0) on light 0
2025-11-25 14:30:52,604 [INFO] Setting color(23, 231, 0) on light 0
2025-11-25 14:30:52,626 [INFO] Setting color(23, 231, 0) on light 0
2025-11-25 14:30:52,651 [INFO] Setting color(23, 231, 0) on light 0
2025-11-25 14:30:52,676 [INFO] Setting color(24, 230, 0) on light 0
2025-11-25 14:30:52,697 [INFO] Setting color(24, 230, 0) on light 0
2025-11-25 14:30:52,719 [INFO] Setting color(24, 230, 0) on light 0
2025-11-25 14:30:52,745 [INFO] Setting color(25, 229, 0) on light 0
2025-11-25 14:30:52,769 [INFO] Setting color(25, 229, 0) on light 0
2025-11-25 14:30:52,794 [INFO] Setting color(25, 229, 0) on light 0
2025-11-25 14:30:52,820 [INFO] Setting color(26, 228, 0) on light 0
2025-11-25 14:30:52,845 [INFO] Setting color(26, 228, 0) on light 0
2025-11-25 14:30:52,867 [INFO] Setting color(27, 227, 0) on light 0
2025-11-25 14:30:52,893 [INFO] Setting color(27, 227, 0) on light 0
2025-11-25 14:30:52,917 [INFO] Setting color(27, 227, 0) on light 0
2025-11-25 14:30:52,943 [INFO] Setting color(28, 226, 0) on light 0
2025-11-25 14:30:52,966 [INFO] Setting color(28, 226, 0) on light 0
2025-11-25 14:30:52,991 [INFO] Setting color(28, 226, 0) on light 0
2025-11-25 14:30:53,017 [INFO] Setting color(29, 225, 0) on light 0
2025-11-25 14:30:53,041 [INFO] Setting color(29, 225, 0) on light 0
2025-11-25 14:30:53,065 [INFO] Setting color(30, 224, 0) on light 0
2025-11-25 14:30:53,091 [INFO] Setting color(30, 224, 0) on light 0
2025-11-25 14:30:53,115 [INFO] Setting color(30, 224, 0) on light 0
2025-11-25 14:30:53,141 [INFO] Setting color(31, 223, 0) on light 0
2025-11-25 14:30:53,166 [INFO] Setting color(31, 223, 0) on light 0
2025-11-25 14:30:53,191 [INFO] Setting color(32, 222, 0) on light 0
2025-11-25 14:30:53,215 [INFO] Setting color(32, 222, 0) on light 0
2025-11-25 14:30:53,241 [INFO] Setting color(32, 222, 0) on light 0
2025-11-25 14:30:53,263 [INFO] Setting color(33, 221, 0) on light 0
2025-11-25 14:30:53,289 [INFO] Setting color(33, 221, 0) on light 0
2025-11-25 14:30:53,311 [INFO] Setting color(33, 221, 0) on light 0
2025-11-25 14:30:53,334 [INFO] Setting color(34, 220, 0) on light 0
2025-11-25 14:30:53,359 [INFO] Setting color(34, 220, 0) on light 0
2025-11-25 14:30:53,382 [INFO] Setting color(34, 220, 0) on light 0
2025-11-25 14:30:53,408 [INFO] Setting color(35, 219, 0) on light 0
2025-11-25 14:30:53,433 [INFO] Setting color(35, 219, 0) on light 0
2025-11-25 14:30:53,457 [INFO] Setting color(36, 218, 0) on light 0
2025-11-25 14:30:53,480 [INFO] Setting color(36, 218, 0) on light 0
2025-11-25 14:30:53,503 [INFO] Setting color(36, 218, 0) on light 0
2025-11-25 14:30:53,529 [INFO] Setting color(37, 217, 0) on light 0
2025-11-25 14:30:53,553 [INFO] Setting color(37, 217, 0) on light 0
2025-11-25 14:30:53,576 [INFO] Setting color(37, 217, 0) on light 0
2025-11-25 14:30:53,598 [INFO] Setting color(38, 216, 0) on light 0
2025-11-25 14:30:53,623 [INFO] Setting color(38, 216, 0) on light 0
2025-11-25 14:30:53,646 [INFO] Setting color(39, 215, 0) on light 0
2025-11-25 14:30:53,669 [INFO] Setting color(39, 215, 0) on light 0
2025-11-25 14:30:53,690 [INFO] Setting color(39, 215, 0) on light 0
2025-11-25 14:30:53,714 [INFO] Setting color(40, 214, 0) on light 0
2025-11-25 14:30:53,740 [INFO] Setting color(40, 214, 0) on light 0
2025-11-25 14:30:53,766 [INFO] Setting color(40, 214, 0) on light 0
2025-11-25 14:30:53,792 [INFO] Setting color(41, 213, 0) on light 0
2025-11-25 14:30:53,817 [INFO] Setting color(41, 213, 0) on light 0
2025-11-25 14:30:53,841 [INFO] Setting color(41, 213, 0) on light 0
2025-11-25 14:30:53,862 [INFO] Setting color(42, 212, 0) on light 0
2025-11-25 14:30:53,887 [INFO] Setting color(42, 212, 0) on light 0
2025-11-25 14:30:53,913 [INFO] Setting color(43, 211, 0) on light 0
2025-11-25 14:30:53,937 [INFO] Setting color(43, 211, 0) on light 0
2025-11-25 14:30:53,960 [INFO] Setting color(43, 211, 0) on light 0
2025-11-25 14:30:53,983 [INFO] Setting color(44, 210, 0) on light 0
2025-11-25 14:30:54,003 [INFO] Setting color(44, 210, 0) on light 0
2025-11-25 14:30:54,026 [INFO] Setting color(44, 210, 0) on light 0
2025-11-25 14:30:54,048 [INFO] Setting color(45, 209, 0) on light 0
2025-11-25 14:30:54,074 [INFO] Setting color(45, 209, 0) on light 0
2025-11-25 14:30:54,100 [INFO] Setting color(45, 209, 0) on light 0
2025-11-25 14:30:54,125 [INFO] Setting color(46, 208, 0) on light 0
2025-11-25 14:30:54,151 [INFO] Setting color(46, 208, 0) on light 0
2025-11-25 14:30:54,176 [INFO] Setting color(47, 207, 0) on light 0
2025-11-25 14:30:54,201 [INFO] Setting color(47, 207, 0) on light 0
2025-11-25 14:30:54,225 [INFO] Setting color(47, 207, 0) on light 0
2025-11-25 14:30:54,246 [INFO] Setting color(48, 206, 0) on light 0
2025-11-25 14:30:54,268 [INFO] Setting color(48, 206, 0) on light 0
2025-11-25 14:30:54,293 [INFO] Setting color(48, 206, 0) on light 0
2025-11-25 14:30:54,317 [INFO] Setting color(49, 205, 0) on light 0
2025-11-25 14:30:54,343 [INFO] Setting color(49, 205, 0) on light 0
2025-11-25 14:30:54,368 [INFO] Setting color(50, 204, 0) on light 0
2025-11-25 14:30:54,392 [INFO] Setting color(50, 204, 0) on light 0
2025-11-25 14:30:54,415 [INFO] Setting color(50, 204, 0) on light 0
2025-11-25 14:30:54,441 [INFO] Setting color(51, 203, 0) on light 0
2025-11-25 14:30:54,462 [INFO] Setting color(51, 203, 0) on light 0
2025-11-25 14:30:54,486 [INFO] Setting color(51, 203, 0) on light 0
2025-11-25 14:30:54,509 [INFO] Setting color(52, 202, 0) on light 0
2025-11-25 14:30:54,535 [INFO] Setting color(52, 202, 0) on light 0
2025-11-25 14:30:54,557 [INFO] Setting color(53, 201, 0) on light 0
2025-11-25 14:30:54,582 [INFO] Setting color(53, 201, 0) on light 0
2025-11-25 14:30:54,607 [INFO] Setting color(53, 201, 0) on light 0
2025-11-25 14:30:54,632 [INFO] Setting color(54, 200, 0) on light 0
2025-11-25 14:30:54,657 [INFO] Setting color(54, 200, 0) on light 0
2025-11-25 14:30:54,683 [INFO] Setting color(54, 200, 0) on light 0
2025-11-25 14:30:54,708 [INFO] Setting color(55, 199, 0) on light 0
2025-11-25 14:30:54,733 [INFO] Setting color(55, 199, 0) on light 0
2025-11-25 14:30:54,759 [INFO] Setting color(56, 198, 0) on light 0
2025-11-25 14:30:54,784 [INFO] Setting color(56, 198, 0) on light 0
2025-11-25 14:30:54,806 [INFO] Setting color(56, 198, 0) on light 0
2025-11-25 14:30:54,832 [INFO] Setting color(57, 197, 0) on light 0
2025-11-25 14:30:54,857 [INFO] Setting color(57, 197, 0) on light 0
2025-11-25 14:30:54,883 [INFO] Setting color(58, 196, 0) on light 0
2025-11-25 14:30:54,904 [INFO] Setting color(58, 196, 0) on light 0
2025-11-25 14:30:54,926 [INFO] Setting color(58, 196, 0) on light 0
2025-11-25 14:30:54,951 [INFO] Setting color(59, 195, 0) on light 0
2025-11-25 14:30:54,972 [INFO] Setting color(59, 195, 0) on light 0
2025-11-25 14:30:54,996 [INFO] Setting color(59, 195, 0) on light 0
2025-11-25 14:30:55,021 [INFO] Setting color(60, 194, 0) on light 0
2025-11-25 14:30:55,047 [INFO] Setting color(60, 194, 0) on light 0
2025-11-25 14:30:55,068 [INFO] Setting color(60, 194, 0) on light 0
2025-11-25 14:30:55,093 [INFO] Setting color(61, 193, 0) on light 0
2025-11-25 14:30:55,118 [INFO] Setting color(61, 193, 0) on light 0
2025-11-25 14:30:55,143 [INFO] Setting color(62, 192, 0) on light 0
2025-11-25 14:30:55,165 [INFO] Setting color(62, 192, 0) on light 0
2025-11-25 14:30:55,191 [INFO] Setting color(62, 192, 0) on light 0
2025-11-25 14:30:55,216 [INFO] Setting color(63, 191, 0) on light 0
2025-11-25 14:30:55,238 [INFO] Setting color(63, 191, 0) on light 0
2025-11-25 14:30:55,261 [INFO] Setting color(63, 191, 0) on light 0
2025-11-25 14:30:55,283 [INFO] Setting color(64, 190, 0) on light 0
2025-11-25 14:30:55,305 [INFO] Setting color(64, 190, 0) on light 0
2025-11-25 14:30:55,331 [INFO] Setting color(64, 190, 0) on light 0
2025-11-25 14:30:55,355 [INFO] Setting color(65, 189, 0) on light 0
2025-11-25 14:30:55,381 [INFO] Setting color(65, 189, 0) on light 0
2025-11-25 14:30:55,402 [INFO] Setting color(65, 189, 0) on light 0
2025-11-25 14:30:55,424 [INFO] Setting color(66, 188, 0) on light 0
2025-11-25 14:30:55,448 [INFO] Setting color(66, 188, 0) on light 0
2025-11-25 14:30:55,471 [INFO] Setting color(67, 187, 0) on light 0
2025-11-25 14:30:55,496 [INFO] Setting color(67, 187, 0) on light 0
2025-11-25 14:30:55,522 [INFO] Setting color(67, 187, 0) on light 0
2025-11-25 14:30:55,546 [INFO] Setting color(68, 186, 0) on light 0
2025-11-25 14:30:55,569 [INFO] Setting color(68, 186, 0) on light 0
2025-11-25 14:30:55,591 [INFO] Setting color(68, 186, 0) on light 0
2025-11-25 14:30:55,617 [INFO] Setting color(69, 185, 0) on light 0
2025-11-25 14:30:55,639 [INFO] Setting color(69, 185, 0) on light 0
2025-11-25 14:30:55,660 [INFO] Setting color(69, 185, 0) on light 0
2025-11-25 14:30:55,682 [INFO] Setting color(70, 184, 0) on light 0
2025-11-25 14:30:55,708 [INFO] Setting color(70, 184, 0) on light 0
2025-11-25 14:30:55,732 [INFO] Setting color(71, 183, 0) on light 0
2025-11-25 14:30:55,758 [INFO] Setting color(71, 183, 0) on light 0
2025-11-25 14:30:55,782 [INFO] Setting color(71, 183, 0) on light 0
2025-11-25 14:30:55,807 [INFO] Setting color(72, 182, 0) on light 0
2025-11-25 14:30:55,832 [INFO] Setting color(72, 182, 0) on light 0
2025-11-25 14:30:55,858 [INFO] Setting color(72, 182, 0) on light 0
2025-11-25 14:30:55,882 [INFO] Setting color(73, 181, 0) on light 0
2025-11-25 14:30:55,907 [INFO] Setting color(73, 181, 0) on light 0
2025-11-25 14:30:55,929 [INFO] Setting color(74, 180, 0) on light 0
2025-11-25 14:30:55,953 [INFO] Setting color(74, 180, 0) on light 0
2025-11-25 14:30:55,977 [INFO] Setting color(74, 180, 0) on light 0
2025-11-25 14:30:56,002 [INFO] Setting color(75, 179, 0) on light 0
2025-11-25 14:30:56,028 [INFO] Setting color(75, 179, 0) on light 0
2025-11-25 14:30:56,053 [INFO] Setting color(75, 179, 0) on light 0
2025-11-25 14:30:56,078 [INFO] Setting color(76, 178, 0) on light 0
2025-11-25 14:30:56,103 [INFO] Setting color(76, 178, 0) on light 0
2025-11-25 14:30:56,129 [INFO] Setting color(77, 177, 0) on light 0
2025-11-25 14:30:56,154 [INFO] Setting color(77, 177, 0) on light 0
2025-11-25 14:30:56,179 [INFO] Setting color(77, 177, 0) on light 0
2025-11-25 14:30:56,204 [INFO] Setting color(78, 176, 0) on light 0
2025-11-25 14:30:56,230 [INFO] Setting color(78, 176, 0) on light 0
2025-11-25 14:30:56,253 [INFO] Setting color(79, 175, 0) on light 0
2025-11-25 14:30:56,278 [INFO] Setting color(79, 175, 0) on light 0
2025-11-25 14:30:56,302 [INFO] Setting color(79, 175, 0) on light 0
2025-11-25 14:30:56,324 [INFO] Setting color(80, 174, 0) on light 0
2025-11-25 14:30:56,350 [INFO] Setting color(80, 174, 0) on light 0
2025-11-25 14:30:56,375 [INFO] Setting color(80, 174, 0) on light 0
2025-11-25 14:30:56,399 [INFO] Setting color(81, 173, 0) on light 0
2025-11-25 14:30:56,424 [INFO] Setting color(81, 173, 0) on light 0
2025-11-25 14:30:56,447 [INFO] Setting color(82, 172, 0) on light 0
2025-11-25 14:30:56,473 [INFO] Setting color(82, 172, 0) on light 0
2025-11-25 14:30:56,498 [INFO] Setting color(82, 172, 0) on light 0
2025-11-25 14:30:56,524 [INFO] Setting color(83, 171, 0) on light 0
2025-11-25 14:30:56,549 [INFO] Setting color(83, 171, 0) on light 0
2025-11-25 14:30:56,571 [INFO] Setting color(83, 171, 0) on light 0
2025-11-25 14:30:56,597 [INFO] Setting color(84, 170, 0) on light 0
2025-11-25 14:30:56,622 [INFO] Setting color(84, 170, 0) on light 0
2025-11-25 14:30:56,643 [INFO] Setting color(85, 169, 0) on light 0
2025-11-25 14:30:56,668 [INFO] Setting color(85, 169, 0) on light 0
2025-11-25 14:30:56,694 [INFO] Setting color(85, 169, 0) on light 0
2025-11-25 14:30:56,717 [INFO] Setting color(86, 168, 0) on light 0
2025-11-25 14:30:56,743 [INFO] Setting color(86, 168, 0) on light 0
2025-11-25 14:30:56,765 [INFO] Setting color(86, 168, 0) on light 0
2025-11-25 14:30:56,790 [INFO] Setting color(87, 167, 0) on light 0
2025-11-25 14:30:56,816 [INFO] Setting color(87, 167, 0) on light 0
2025-11-25 14:30:56,841 [INFO] Setting color(88, 166, 0) on light 0
2025-11-25 14:30:56,862 [INFO] Setting color(88, 166, 0) on light 0
2025-11-25 14:30:56,883 [INFO] Setting color(88, 166, 0) on light 0
2025-11-25 14:30:56,906 [INFO] Setting color(89, 165, 0) on light 0
2025-11-25 14:30:56,932 [INFO] Setting color(89, 165, 0) on light 0
2025-11-25 14:30:56,957 [INFO] Setting color(89, 165, 0) on light 0
2025-11-25 14:30:56,983 [INFO] Setting color(90, 164, 0) on light 0
2025-11-25 14:30:57,005 [INFO] Setting color(90, 164, 0) on light 0
2025-11-25 14:30:57,030 [INFO] Setting color(90, 164, 0) on light 0
2025-11-25 14:30:57,052 [INFO] Setting color(91, 163, 0) on light 0
2025-11-25 14:30:57,077 [INFO] Setting color(91, 163, 0) on light 0
2025-11-25 14:30:57,101 [INFO] Setting color(92, 162, 0) on light 0
2025-11-25 14:30:57,126 [INFO] Setting color(92, 162, 0) on light 0
2025-11-25 14:30:57,150 [INFO] Setting color(92, 162, 0) on light 0
2025-11-25 14:30:57,175 [INFO] Setting color(93, 161, 0) on light 0
2025-11-25 14:30:57,201 [INFO] Setting color(93, 161, 0) on light 0
2025-11-25 14:30:57,226 [INFO] Setting color(94, 160, 0) on light 0
2025-11-25 14:30:57,251 [INFO] Setting color(94, 160, 0) on light 0
2025-11-25 14:30:57,276 [INFO] Setting color(94, 160, 0) on light 0
2025-11-25 14:30:57,299 [INFO] Setting color(95, 159, 0) on light 0
2025-11-25 14:30:57,325 [INFO] Setting color(95, 159, 0) on light 0
2025-11-25 14:30:57,350 [INFO] Setting color(95, 159, 0) on light 0
2025-11-25 14:30:57,375 [INFO] Setting color(96, 158, 0) on light 0
2025-11-25 14:30:57,400 [INFO] Setting color(96, 158, 0) on light 0
2025-11-25 14:30:57,424 [INFO] Setting color(97, 157, 0) on light 0
2025-11-25 14:30:57,448 [INFO] Setting color(97, 157, 0) on light 0
2025-11-25 14:30:57,473 [INFO] Setting color(97, 157, 0) on light 0
2025-11-25 14:30:57,498 [INFO] Setting color(98, 156, 0) on light 0
2025-11-25 14:30:57,521 [INFO] Setting color(98, 156, 0) on light 0
2025-11-25 14:30:57,546 [INFO] Setting color(98, 156, 0) on light 0
2025-11-25 14:30:57,571 [INFO] Setting color(99, 155, 0) on light 0
2025-11-25 14:30:57,593 [INFO] Setting color(99, 155, 0) on light 0
2025-11-25 14:30:57,617 [INFO] Setting color(100, 154, 0) on light 0
2025-11-25 14:30:57,643 [INFO] Setting color(100, 154, 0) on light 0
2025-11-25 14:30:57,667 [INFO] Setting color(100, 154, 0) on light 0
2025-11-25 14:30:57,693 [INFO] Setting color(101, 153, 0) on light 0
2025-11-25 14:30:57,717 [INFO] Setting color(101, 153, 0) on light 0
2025-11-25 14:30:57,740 [INFO] Setting color(101, 153, 0) on light 0
2025-11-25 14:30:57,763 [INFO] Setting color(102, 152, 0) on light 0
2025-11-25 14:30:57,789 [INFO] Setting color(102, 152, 0) on light 0
2025-11-25 14:30:57,814 [INFO] Setting color(103, 151, 0) on light 0
2025-11-25 14:30:57,840 [INFO] Setting color(103, 151, 0) on light 0
2025-11-25 14:30:57,865 [INFO] Setting color(103, 151, 0) on light 0
2025-11-25 14:30:57,889 [INFO] Setting color(104, 150, 0) on light 0
2025-11-25 14:30:57,914 [INFO] Setting color(104, 150, 0) on light 0
2025-11-25 14:30:57,939 [INFO] Setting color(104, 150, 0) on light 0
2025-11-25 14:30:57,965 [INFO] Setting color(105, 149, 0) on light 0
2025-11-25 14:30:57,991 [INFO] Setting color(105, 149, 0) on light 0
2025-11-25 14:30:58,013 [INFO] Setting color(106, 148, 0) on light 0
2025-11-25 14:30:58,035 [INFO] Setting color(106, 148, 0) on light 0
2025-11-25 14:30:58,061 [INFO] Setting color(106, 148, 0) on light 0
2025-11-25 14:30:58,085 [INFO] Setting color(107, 147, 0) on light 0
2025-11-25 14:30:58,109 [INFO] Setting color(107, 147, 0) on light 0
2025-11-25 14:30:58,135 [INFO] Setting color(107, 147, 0) on light 0
2025-11-25 14:30:58,160 [INFO] Setting color(108, 146, 0) on light 0
2025-11-25 14:30:58,186 [INFO] Setting color(108, 146, 0) on light 0
2025-11-25 14:30:58,211 [INFO] Setting color(109, 145, 0) on light 0
2025-11-25 14:30:58,237 [INFO] Setting color(109, 145, 0) on light 0
2025-11-25 14:30:58,259 [INFO] Setting color(109, 145, 0) on light 0
2025-11-25 14:30:58,284 [INFO] Setting color(110, 144, 0) on light 0
2025-11-25 14:30:58,310 [INFO] Setting color(110, 144, 0) on light 0
2025-11-25 14:30:58,333 [INFO] Setting color(111, 143, 0) on light 0
2025-11-25 14:30:58,356 [INFO] Setting color(111, 143, 0) on light 0
2025-11-25 14:30:58,381 [INFO] Setting color(111, 143, 0) on light 0
2025-11-25 14:30:58,402 [INFO] Setting color(112, 142, 0) on light 0
2025-11-25 14:30:58,428 [INFO] Setting color(112, 142, 0) on light 0
2025-11-25 14:30:58,453 [INFO] Setting color(112, 142, 0) on light 0
2025-11-25 14:30:58,479 [INFO] Setting color(113, 141, 0) on light 0
2025-11-25 14:30:58,500 [INFO] Setting color(113, 141, 0) on light 0
2025-11-25 14:30:58,525 [INFO] Setting color(113, 141, 0) on light 0
2025-11-25 14:30:58,551 [INFO] Setting color(114, 140, 0) on light 0
2025-11-25 14:30:58,576 [INFO] Setting color(114, 140, 0) on light 0
2025-11-25 14:30:58,602 [INFO] Setting color(115, 139, 0) on light 0
2025-11-25 14:30:58,628 [INFO] Setting color(115, 139, 0) on light 0
2025-11-25 14:30:58,652 [INFO] Setting color(115, 139, 0) on light 0
2025-11-25 14:30:58,677 [INFO] Setting color(116, 138, 0) on light 0
2025-11-25 14:30:58,699 [INFO] Setting color(116, 138, 0) on light 0
2025-11-25 14:30:58,725 [INFO] Setting color(117, 137, 0) on light 0
2025-11-25 14:30:58,750 [INFO] Setting color(117, 137, 0) on light 0
2025-11-25 14:30:58,775 [INFO] Setting color(117, 137, 0) on light 0
2025-11-25 14:30:58,801 [INFO] Setting color(118, 136, 0) on light 0
2025-11-25 14:30:58,822 [INFO] Setting color(118, 136, 0) on light 0
2025-11-25 14:30:58,848 [INFO] Setting color(118, 136, 0) on light 0
2025-11-25 14:30:58,870 [INFO] Setting color(119, 135, 0) on light 0
2025-11-25 14:30:58,892 [INFO] Setting color(119, 135, 0) on light 0
2025-11-25 14:30:58,912 [INFO] Setting color(119, 135, 0) on light 0
2025-11-25 14:30:58,938 [INFO] Setting color(120, 134, 0) on light 0
2025-11-25 14:30:58,963 [INFO] Setting color(120, 134, 0) on light 0
2025-11-25 14:30:58,989 [INFO] Setting color(121, 133, 0) on light 0
2025-11-25 14:30:59,010 [INFO] Setting color(121, 133, 0) on light 0
2025-11-25 14:30:59,035 [INFO] Setting color(121, 133, 0) on light 0
2025-11-25 14:30:59,061 [INFO] Setting color(122, 132, 0) on light 0
2025-11-25 14:30:59,083 [INFO] Setting color(122, 132, 0) on light 0
2025-11-25 14:30:59,109 [INFO] Setting color(122, 132, 0) on light 0
2025-11-25 14:30:59,134 [INFO] Setting color(123, 131, 0) on light 0
2025-11-25 14:30:59,160 [INFO] Setting color(123, 131, 0) on light 0
2025-11-25 14:30:59,181 [INFO] Setting color(124, 130, 0) on light 0
2025-11-25 14:30:59,205 [INFO] Setting color(124, 130, 0) on light 0
2025-11-25 14:30:59,226 [INFO] Setting color(124, 130, 0) on light 0
2025-11-25 14:30:59,251 [INFO] Setting color(125, 129, 0) on light 0
2025-11-25 14:30:59,275 [INFO] Setting color(125, 129, 0) on light 0
2025-11-25 14:30:59,297 [INFO] Setting color(125, 129, 0) on light 0
2025-11-25 14:30:59,319 [INFO] Setting color(126, 128, 0) on light 0
2025-11-25 14:30:59,340 [INFO] Setting color(126, 128, 0) on light 0
2025-11-25 14:30:59,366 [INFO] Setting color(126, 128, 0) on light 0
2025-11-25 14:30:59,391 [INFO] Setting color(127, 127, 0) on light 0
2025-11-25 14:30:59,415 [INFO] Setting color(127, 127, 0) on light 0
2025-11-25 14:30:59,440 [INFO] Setting color(128, 126, 0) on light 0
2025-11-25 14:30:59,465 [INFO] Setting color(128, 126, 0) on light 0
2025-11-25 14:30:59,491 [INFO] Setting color(128, 126, 0) on light 0
2025-11-25 14:30:59,514 [INFO] Setting color(129, 125, 0) on light 0
2025-11-25 14:30:59,539 [INFO] Setting color(129, 125, 0) on light 0
2025-11-25 14:30:59,563 [INFO] Setting color(129, 125, 0) on light 0
2025-11-25 14:30:59,585 [INFO] Setting color(130, 124, 0) on light 0
2025-11-25 14:30:59,609 [INFO] Setting color(130, 124, 0) on light 0
2025-11-25 14:30:59,634 [INFO] Setting color(130, 124, 0) on light 0
2025-11-25 14:30:59,657 [INFO] Setting color(131, 123, 0) on light 0
2025-11-25 14:30:59,682 [INFO] Setting color(131, 123, 0) on light 0
2025-11-25 14:30:59,708 [INFO] Setting color(132, 122, 0) on light 0
2025-11-25 14:30:59,729 [INFO] Setting color(132, 122, 0) on light 0
2025-11-25 14:30:59,752 [INFO] Setting color(132, 122, 0) on light 0
2025-11-25 14:30:59,777 [INFO] Setting color(133, 121, 0) on light 0
2025-11-25 14:30:59,803 [INFO] Setting color(133, 121, 0) on light 0
2025-11-25 14:30:59,827 [INFO] Setting color(133, 121, 0) on light 0
2025-11-25 14:30:59,851 [INFO] Setting color(134, 120, 0) on light 0
2025-11-25 14:30:59,876 [INFO] Setting color(134, 120, 0) on light 0
2025-11-25 14:30:59,898 [INFO] Setting color(135, 119, 0) on light 0
2025-11-25 14:30:59,921 [INFO] Setting color(135, 119, 0) on light 0
2025-11-25 14:30:59,947 [INFO] Setting color(135, 119, 0) on light 0
2025-11-25 14:30:59,972 [INFO] Setting color(136, 118, 0) on light 0
2025-11-25 14:30:59,997 [INFO] Setting color(136, 118, 0) on light 0
2025-11-25 14:31:00,018 [INFO] Setting color(136, 118, 0) on light 0
2025-11-25 14:31:00,044 [INFO] Setting color(137, 117, 0) on light 0
2025-11-25 14:31:00,067 [INFO] Setting color(137, 117, 0) on light 0
2025-11-25 14:31:00,093 [INFO] Setting color(138, 116, 0) on light 0
2025-11-25 14:31:00,115 [INFO] Setting color(138, 116, 0) on light 0
2025-11-25 14:31:00,140 [INFO] Setting color(138, 116, 0) on light 0
2025-11-25 14:31:00,163 [INFO] Setting color(139, 115, 0) on light 0
2025-11-25 14:31:00,189 [INFO] Setting color(139, 115, 0) on light 0
2025-11-25 14:31:00,212 [INFO] Setting color(139, 115, 0) on light 0
2025-11-25 14:31:00,236 [INFO] Setting color(140, 114, 0) on light 0
2025-11-25 14:31:00,262 [INFO] Setting color(140, 114, 0) on light 0
2025-11-25 14:31:00,285 [INFO] Setting color(140, 114, 0) on light 0
2025-11-25 14:31:00,309 [INFO] Setting color(141, 113, 0) on light 0
2025-11-25 14:31:00,330 [INFO] Setting color(141, 113, 0) on light 0
2025-11-25 14:31:00,352 [INFO] Setting color(142, 112, 0) on light 0
2025-11-25 14:31:00,378 [INFO] Setting color(142, 112, 0) on light 0
2025-11-25 14:31:00,399 [INFO] Setting color(142, 112, 0) on light 0
2025-11-25 14:31:00,424 [INFO] Setting color(143, 111, 0) on light 0
2025-11-25 14:31:00,446 [INFO] Setting color(143, 111, 0) on light 0
2025-11-25 14:31:00,467 [INFO] Setting color(143, 111, 0) on light 0
2025-11-25 14:31:00,493 [INFO] Setting color(144, 110, 0) on light 0
2025-11-25 14:31:00,518 [INFO] Setting color(144, 110, 0) on light 0
2025-11-25 14:31:00,544 [INFO] Setting color(144, 110, 0) on light 0
2025-11-25 14:31:00,569 [INFO] Setting color(145, 109, 0) on light 0
2025-11-25 14:31:00,591 [INFO] Setting color(145, 109, 0) on light 0
2025-11-25 14:31:00,615 [INFO] Setting color(146, 108, 0) on light 0
2025-11-25 14:31:00,641 [INFO] Setting color(146, 108, 0) on light 0
2025-11-25 14:31:00,663 [INFO] Setting color(146, 108, 0) on light 0
2025-11-25 14:31:00,689 [INFO] Setting color(147, 107, 0) on light 0
2025-11-25 14:31:00,714 [INFO] Setting color(147, 107, 0) on light 0
2025-11-25 14:31:00,740 [INFO] Setting color(147, 107, 0) on light 0
2025-11-25 14:31:00,765 [INFO] Setting color(148, 106, 0) on light 0
2025-11-25 14:31:00,791 [INFO] Setting color(148, 106, 0) on light 0
2025-11-25 14:31:00,815 [INFO] Setting color(149, 105, 0) on light 0
2025-11-25 14:31:00,841 [INFO] Setting color(149, 105, 0) on light 0
2025-11-25 14:31:00,865 [INFO] Setting color(149, 105, 0) on light 0
2025-11-25 14:31:00,891 [INFO] Setting color(150, 104, 0) on light 0
2025-11-25 14:31:00,916 [INFO] Setting color(150, 104, 0) on light 0
2025-11-25 14:31:00,941 [INFO] Setting color(151, 103, 0) on light 0
2025-11-25 14:31:00,967 [INFO] Setting color(151, 103, 0) on light 0
2025-11-25 14:31:00,990 [INFO] Setting color(151, 103, 0) on light 0
2025-11-25 14:31:01,015 [INFO] Setting color(152, 102, 0) on light 0
2025-11-25 14:31:01,041 [INFO] Setting color(152, 102, 0) on light 0
2025-11-25 14:31:01,065 [INFO] Setting color(152, 102, 0) on light 0
2025-11-25 14:31:01,090 [INFO] Setting color(153, 101, 0) on light 0
2025-11-25 14:31:01,115 [INFO] Setting color(153, 101, 0) on light 0
2025-11-25 14:31:01,140 [INFO] Setting color(154, 100, 0) on light 0
2025-11-25 14:31:01,166 [INFO] Setting color(154, 100, 0) on light 0
2025-11-25 14:31:01,191 [INFO] Setting color(154, 100, 0) on light 0
2025-11-25 14:31:01,216 [INFO] Setting color(155, 99, 0) on light 0
2025-11-25 14:31:01,242 [INFO] Setting color(155, 99, 0) on light 0
2025-11-25 14:31:01,267 [INFO] Setting color(156, 98, 0) on light 0
2025-11-25 14:31:01,293 [INFO] Setting color(156, 98, 0) on light 0
2025-11-25 14:31:01,319 [INFO] Setting color(156, 98, 0) on light 0
2025-11-25 14:31:01,342 [INFO] Setting color(157, 97, 0) on light 0
2025-11-25 14:31:01,367 [INFO] Setting color(157, 97, 0) on light 0
2025-11-25 14:31:01,391 [INFO] Setting color(157, 97, 0) on light 0
2025-11-25 14:31:01,413 [INFO] Setting color(158, 96, 0) on light 0
2025-11-25 14:31:01,434 [INFO] Setting color(158, 96, 0) on light 0
2025-11-25 14:31:01,458 [INFO] Setting color(159, 95, 0) on light 0
2025-11-25 14:31:01,484 [INFO] Setting color(159, 95, 0) on light 0
2025-11-25 14:31:01,509 [INFO] Setting color(159, 95, 0) on light 0
2025-11-25 14:31:01,535 [INFO] Setting color(160, 94, 0) on light 0
2025-11-25 14:31:01,560 [INFO] Setting color(160, 94, 0) on light 0
2025-11-25 14:31:01,584 [INFO] Setting color(160, 94, 0) on light 0
2025-11-25 14:31:01,610 [INFO] Setting color(161, 93, 0) on light 0
2025-11-25 14:31:01,631 [INFO] Setting color(161, 93, 0) on light 0
2025-11-25 14:31:01,655 [INFO] Setting color(162, 92, 0) on light 0
2025-11-25 14:31:01,680 [INFO] Setting color(162, 92, 0) on light 0
2025-11-25 14:31:01,706 [INFO] Setting color(162, 92, 0) on light 0
2025-11-25 14:31:01,731 [INFO] Setting color(163, 91, 0) on light 0
2025-11-25 14:31:01,757 [INFO] Setting color(163, 91, 0) on light 0
2025-11-25 14:31:01,782 [INFO] Setting color(163, 91, 0) on light 0
2025-11-25 14:31:01,808 [INFO] Setting color(164, 90, 0) on light 0
2025-11-25 14:31:01,834 [INFO] Setting color(164, 90, 0) on light 0
2025-11-25 14:31:01,857 [INFO] Setting color(165, 89, 0) on light 0
2025-11-25 14:31:01,881 [INFO] Setting color(165, 89, 0) on light 0
2025-11-25 14:31:01,904 [INFO] Setting color(165, 89, 0) on light 0
2025-11-25 14:31:01,927 [INFO] Setting color(166, 88, 0) on light 0
2025-11-25 14:31:01,949 [INFO] Setting color(166, 88, 0) on light 0
2025-11-25 14:31:01,973 [INFO] Setting color(166, 88, 0) on light 0
2025-11-25 14:31:01,998 [INFO] Setting color(167, 87, 0) on light 0
2025-11-25 14:31:02,024 [INFO] Setting color(167, 87, 0) on light 0
2025-11-25 14:31:02,049 [INFO] Setting color(168, 86, 0) on light 0
2025-11-25 14:31:02,071 [INFO] Setting color(168, 86, 0) on light 0
2025-11-25 14:31:02,097 [INFO] Setting color(168, 86, 0) on light 0
2025-11-25 14:31:02,120 [INFO] Setting color(169, 85, 0) on light 0
2025-11-25 14:31:02,146 [INFO] Setting color(169, 85, 0) on light 0
2025-11-25 14:31:02,169 [INFO] Setting color(169, 85, 0) on light 0
2025-11-25 14:31:02,193 [INFO] Setting color(170, 84, 0) on light 0
2025-11-25 14:31:02,218 [INFO] Setting color(170, 84, 0) on light 0
2025-11-25 14:31:02,239 [INFO] Setting color(171, 83, 0) on light 0
2025-11-25 14:31:02,261 [INFO] Setting color(171, 83, 0) on light 0
2025-11-25 14:31:02,282 [INFO] Setting color(171, 83, 0) on light 0
2025-11-25 14:31:02,308 [INFO] Setting color(172, 82, 0) on light 0
2025-11-25 14:31:02,332 [INFO] Setting color(172, 82, 0) on light 0
2025-11-25 14:31:02,358 [INFO] Setting color(172, 82, 0) on light 0
2025-11-25 14:31:02,382 [INFO] Setting color(173, 81, 0) on light 0
2025-11-25 14:31:02,407 [INFO] Setting color(173, 81, 0) on light 0
2025-11-25 14:31:02,433 [INFO] Setting color(173, 81, 0) on light 0
2025-11-25 14:31:02,455 [INFO] Setting color(174, 80, 0) on light 0
2025-11-25 14:31:02,478 [INFO] Setting color(174, 80, 0) on light 0
2025-11-25 14:31:02,503 [INFO] Setting color(175, 79, 0) on light 0
2025-11-25 14:31:02,529 [INFO] Setting color(175, 79, 0) on light 0
2025-11-25 14:31:02,552 [INFO] Setting color(175, 79, 0) on light 0
2025-11-25 14:31:02,576 [INFO] Setting color(176, 78, 0) on light 0
2025-11-25 14:31:02,600 [INFO] Setting color(176, 78, 0) on light 0
2025-11-25 14:31:02,626 [INFO] Setting color(176, 78, 0) on light 0
2025-11-25 14:31:02,652 [INFO] Setting color(177, 77, 0) on light 0
2025-11-25 14:31:02,677 [INFO] Setting color(177, 77, 0) on light 0
2025-11-25 14:31:02,701 [INFO] Setting color(178, 76, 0) on light 0
2025-11-25 14:31:02,727 [INFO] Setting color(178, 76, 0) on light 0
2025-11-25 14:31:02,752 [INFO] Setting color(178, 76, 0) on light 0
2025-11-25 14:31:02,776 [INFO] Setting color(179, 75, 0) on light 0
2025-11-25 14:31:02,797 [INFO] Setting color(179, 75, 0) on light 0
2025-11-25 14:31:02,821 [INFO] Setting color(179, 75, 0) on light 0
2025-11-25 14:31:02,847 [INFO] Setting color(180, 74, 0) on light 0
2025-11-25 14:31:02,871 [INFO] Setting color(180, 74, 0) on light 0
2025-11-25 14:31:02,893 [INFO] Setting color(181, 73, 0) on light 0
2025-11-25 14:31:02,914 [INFO] Setting color(181, 73, 0) on light 0
2025-11-25 14:31:02,935 [INFO] Setting color(181, 73, 0) on light 0
2025-11-25 14:31:02,957 [INFO] Setting color(182, 72, 0) on light 0
2025-11-25 14:31:02,978 [INFO] Setting color(182, 72, 0) on light 0
2025-11-25 14:31:03,002 [INFO] Setting color(182, 72, 0) on light 0
2025-11-25 14:31:03,028 [INFO] Setting color(183, 71, 0) on light 0
2025-11-25 14:31:03,051 [INFO] Setting color(183, 71, 0) on light 0
2025-11-25 14:31:03,072 [INFO] Setting color(183, 71, 0) on light 0
2025-11-25 14:31:03,096 [INFO] Setting color(184, 70, 0) on light 0
2025-11-25 14:31:03,120 [INFO] Setting color(184, 70, 0) on light 0
2025-11-25 14:31:03,145 [INFO] Setting color(184, 70, 0) on light 0
2025-11-25 14:31:03,169 [INFO] Setting color(185, 69, 0) on light 0
2025-11-25 14:31:03,194 [INFO] Setting color(185, 69, 0) on light 0
2025-11-25 14:31:03,216 [INFO] Setting color(185, 69, 0) on light 0
2025-11-25 14:31:03,241 [INFO] Setting color(186, 68, 0) on light 0
2025-11-25 14:31:03,267 [INFO] Setting color(186, 68, 0) on light 0
2025-11-25 14:31:03,288 [INFO] Setting color(187, 67, 0) on light 0
2025-11-25 14:31:03,313 [INFO] Setting color(187, 67, 0) on light 0
2025-11-25 14:31:03,337 [INFO] Setting color(187, 67, 0) on light 0
2025-11-25 14:31:03,358 [INFO] Setting color(188, 66, 0) on light 0
2025-11-25 14:31:03,382 [INFO] Setting color(188, 66, 0) on light 0
2025-11-25 14:31:03,408 [INFO] Setting color(188, 66, 0) on light 0
2025-11-25 14:31:03,432 [INFO] Setting color(189, 65, 0) on light 0
2025-11-25 14:31:03,458 [INFO] Setting color(189, 65, 0) on light 0
2025-11-25 14:31:03,482 [INFO] Setting color(190, 64, 0) on light 0
2025-11-25 14:31:03,508 [INFO] Setting color(190, 64, 0) on light 0
2025-11-25 14:31:03,530 [INFO] Setting color(190, 64, 0) on light 0
2025-11-25 14:31:03,553 [INFO] Setting color(191, 63, 0) on light 0
2025-11-25 14:31:03,578 [INFO] Setting color(191, 63, 0) on light 0
2025-11-25 14:31:03,604 [INFO] Setting color(191, 63, 0) on light 0
2025-11-25 14:31:03,629 [INFO] Setting color(192, 62, 0) on light 0
2025-11-25 14:31:03,653 [INFO] Setting color(192, 62, 0) on light 0
2025-11-25 14:31:03,679 [INFO] Setting color(193, 61, 0) on light 0
2025-11-25 14:31:03,704 [INFO] Setting color(193, 61, 0) on light 0
2025-11-25 14:31:03,730 [INFO] Setting color(193, 61, 0) on light 0
2025-11-25 14:31:03,755 [INFO] Setting color(194, 60, 0) on light 0
2025-11-25 14:31:03,780 [INFO] Setting color(194, 60, 0) on light 0
2025-11-25 14:31:03,804 [INFO] Setting color(195, 59, 0) on light 0
2025-11-25 14:31:03,826 [INFO] Setting color(195, 59, 0) on light 0
2025-11-25 14:31:03,851 [INFO] Setting color(195, 59, 0) on light 0
2025-11-25 14:31:03,877 [INFO] Setting color(196, 58, 0) on light 0
2025-11-25 14:31:03,899 [INFO] Setting color(196, 58, 0) on light 0
2025-11-25 14:31:03,922 [INFO] Setting color(196, 58, 0) on light 0
2025-11-25 14:31:03,947 [INFO] Setting color(197, 57, 0) on light 0
2025-11-25 14:31:03,968 [INFO] Setting color(197, 57, 0) on light 0
2025-11-25 14:31:03,990 [INFO] Setting color(197, 57, 0) on light 0
2025-11-25 14:31:04,015 [INFO] Setting color(198, 56, 0) on light 0
2025-11-25 14:31:04,036 [INFO] Setting color(198, 56, 0) on light 0
2025-11-25 14:31:04,057 [INFO] Setting color(198, 56, 0) on light 0
2025-11-25 14:31:04,082 [INFO] Setting color(199, 55, 0) on light 0
2025-11-25 14:31:04,106 [INFO] Setting color(199, 55, 0) on light 0
2025-11-25 14:31:04,127 [INFO] Setting color(199, 55, 0) on light 0
2025-11-25 14:31:04,149 [INFO] Setting color(200, 54, 0) on light 0
2025-11-25 14:31:04,173 [INFO] Setting color(200, 54, 0) on light 0
2025-11-25 14:31:04,196 [INFO] Setting color(201, 53, 0) on light 0
2025-11-25 14:31:04,221 [INFO] Setting color(201, 53, 0) on light 0
2025-11-25 14:31:04,245 [INFO] Setting color(201, 53, 0) on light 0
2025-11-25 14:31:04,267 [INFO] Setting color(202, 52, 0) on light 0
2025-11-25 14:31:04,292 [INFO] Setting color(202, 52, 0) on light 0
2025-11-25 14:31:04,315 [INFO] Setting color(202, 52, 0) on light 0
2025-11-25 14:31:04,341 [INFO] Setting color(203, 51, 0) on light 0
2025-11-25 14:31:04,366 [INFO] Setting color(203, 51, 0) on light 0
2025-11-25 14:31:04,390 [INFO] Setting color(204, 50, 0) on light 0
2025-11-25 14:31:04,415 [INFO] Setting color(204, 50, 0) on light 0
2025-11-25 14:31:04,441 [INFO] Setting color(204, 50, 0) on light 0
2025-11-25 14:31:04,465 [INFO] Setting color(205, 49, 0) on light 0
2025-11-25 14:31:04,490 [INFO] Setting color(205, 49, 0) on light 0
2025-11-25 14:31:04,515 [INFO] Setting color(205, 49, 0) on light 0
2025-11-25 14:31:04,541 [INFO] Setting color(206, 48, 0) on light 0
2025-11-25 14:31:04,566 [INFO] Setting color(206, 48, 0) on light 0
2025-11-25 14:31:04,592 [INFO] Setting color(207, 47, 0) on light 0
2025-11-25 14:31:04,617 [INFO] Setting color(207, 47, 0) on light 0
2025-11-25 14:31:04,643 [INFO] Setting color(207, 47, 0) on light 0
2025-11-25 14:31:04,667 [INFO] Setting color(208, 46, 0) on light 0
2025-11-25 14:31:04,693 [INFO] Setting color(208, 46, 0) on light 0
2025-11-25 14:31:04,713 [INFO] Setting color(209, 45, 0) on light 0
2025-11-25 14:31:04,739 [INFO] Setting color(209, 45, 0) on light 0
2025-11-25 14:31:04,765 [INFO] Setting color(209, 45, 0) on light 0
2025-11-25 14:31:04,788 [INFO] Setting color(210, 44, 0) on light 0
2025-11-25 14:31:04,814 [INFO] Setting color(210, 44, 0) on light 0
2025-11-25 14:31:04,839 [INFO] Setting color(210, 44, 0) on light 0
2025-11-25 14:31:04,865 [INFO] Setting color(211, 43, 0) on light 0
2025-11-25 14:31:04,886 [INFO] Setting color(211, 43, 0) on light 0
2025-11-25 14:31:04,911 [INFO] Setting color(212, 42, 0) on light 0
2025-11-25 14:31:04,935 [INFO] Setting color(212, 42, 0) on light 0
2025-11-25 14:31:04,961 [INFO] Setting color(212, 42, 0) on light 0
2025-11-25 14:31:04,982 [INFO] Setting color(213, 41, 0) on light 0
2025-11-25 14:31:05,006 [INFO] Setting color(213, 41, 0) on light 0
2025-11-25 14:31:05,032 [INFO] Setting color(213, 41, 0) on light 0
2025-11-25 14:31:05,054 [INFO] Setting color(214, 40, 0) on light 0
2025-11-25 14:31:05,080 [INFO] Setting color(214, 40, 0) on light 0
2025-11-25 14:31:05,106 [INFO] Setting color(215, 39, 0) on light 0
2025-11-25 14:31:05,127 [INFO] Setting color(215, 39, 0) on light 0
2025-11-25 14:31:05,150 [INFO] Setting color(215, 39, 0) on light 0
2025-11-25 14:31:05,175 [INFO] Setting color(216, 38, 0) on light 0
2025-11-25 14:31:05,197 [INFO] Setting color(216, 38, 0) on light 0
2025-11-25 14:31:05,217 [INFO] Setting color(216, 38, 0) on light 0
2025-11-25 14:31:05,240 [INFO] Setting color(217, 37, 0) on light 0
2025-11-25 14:31:05,265 [INFO] Setting color(217, 37, 0) on light 0
2025-11-25 14:31:05,291 [INFO] Setting color(217, 37, 0) on light 0
2025-11-25 14:31:05,313 [INFO] Setting color(218, 36, 0) on light 0
2025-11-25 14:31:05,335 [INFO] Setting color(218, 36, 0) on light 0
2025-11-25 14:31:05,360 [INFO] Setting color(218, 36, 0) on light 0
2025-11-25 14:31:05,384 [INFO] Setting color(219, 35, 0) on light 0
2025-11-25 14:31:05,410 [INFO] Setting color(219, 35, 0) on light 0
2025-11-25 14:31:05,435 [INFO] Setting color(220, 34, 0) on light 0
2025-11-25 14:31:05,461 [INFO] Setting color(220, 34, 0) on light 0
2025-11-25 14:31:05,485 [INFO] Setting color(220, 34, 0) on light 0
2025-11-25 14:31:05,506 [INFO] Setting color(221, 33, 0) on light 0
2025-11-25 14:31:05,528 [INFO] Setting color(221, 33, 0) on light 0
2025-11-25 14:31:05,548 [INFO] Setting color(221, 33, 0) on light 0
2025-11-25 14:31:05,573 [INFO] Setting color(222, 32, 0) on light 0
2025-11-25 14:31:05,597 [INFO] Setting color(222, 32, 0) on light 0
2025-11-25 14:31:05,621 [INFO] Setting color(222, 32, 0) on light 0
2025-11-25 14:31:05,646 [INFO] Setting color(223, 31, 0) on light 0
2025-11-25 14:31:05,671 [INFO] Setting color(223, 31, 0) on light 0
2025-11-25 14:31:05,692 [INFO] Setting color(224, 30, 0) on light 0
2025-11-25 14:31:05,717 [INFO] Setting color(224, 30, 0) on light 0
2025-11-25 14:31:05,739 [INFO] Setting color(224, 30, 0) on light 0
2025-11-25 14:31:05,765 [INFO] Setting color(225, 29, 0) on light 0
2025-11-25 14:31:05,791 [INFO] Setting color(225, 29, 0) on light 0
2025-11-25 14:31:05,816 [INFO] Setting color(225, 29, 0) on light 0
2025-11-25 14:31:05,841 [INFO] Setting color(226, 28, 0) on light 0
2025-11-25 14:31:05,865 [INFO] Setting color(226, 28, 0) on light 0
2025-11-25 14:31:05,886 [INFO] Setting color(227, 27, 0) on light 0
2025-11-25 14:31:05,908 [INFO] Setting color(227, 27, 0) on light 0
2025-11-25 14:31:05,931 [INFO] Setting color(227, 27, 0) on light 0
2025-11-25 14:31:05,954 [INFO] Setting color(228, 26, 0) on light 0
2025-11-25 14:31:05,979 [INFO] Setting color(228, 26, 0) on light 0
2025-11-25 14:31:06,001 [INFO] Setting color(228, 26, 0) on light 0
2025-11-25 14:31:06,022 [INFO] Setting color(229, 25, 0) on light 0
2025-11-25 14:31:06,047 [INFO] Setting color(229, 25, 0) on light 0
2025-11-25 14:31:06,069 [INFO] Setting color(229, 25, 0) on light 0
2025-11-25 14:31:06,091 [INFO] Setting color(230, 24, 0) on light 0
2025-11-25 14:31:06,113 [INFO] Setting color(230, 24, 0) on light 0
2025-11-25 14:31:06,136 [INFO] Setting color(230, 24, 0) on light 0
2025-11-25 14:31:06,158 [INFO] Setting color(231, 23, 0) on light 0
2025-11-25 14:31:06,182 [INFO] Setting color(231, 23, 0) on light 0
2025-11-25 14:31:06,208 [INFO] Setting color(231, 23, 0) on light 0
2025-11-25 14:31:06,230 [INFO] Setting color(232, 22, 0) on light 0
2025-11-25 14:31:06,256 [INFO] Setting color(232, 22, 0) on light 0
2025-11-25 14:31:06,281 [INFO] Setting color(233, 21, 0) on light 0
2025-11-25 14:31:06,307 [INFO] Setting color(233, 21, 0) on light 0
2025-11-25 14:31:06,332 [INFO] Setting color(233, 21, 0) on light 0
2025-11-25 14:31:06,353 [INFO] Setting color(234, 20, 0) on light 0
2025-11-25 14:31:06,379 [INFO] Setting color(234, 20, 0) on light 0
2025-11-25 14:31:06,401 [INFO] Setting color(234, 20, 0) on light 0
2025-11-25 14:31:06,426 [INFO] Setting color(235, 19, 0) on light 0
2025-11-25 14:31:06,450 [INFO] Setting color(235, 19, 0) on light 0
2025-11-25 14:31:06,475 [INFO] Setting color(236, 18, 0) on light 0
2025-11-25 14:31:06,501 [INFO] Setting color(236, 18, 0) on light 0
2025-11-25 14:31:06,527 [INFO] Setting color(236, 18, 0) on light 0
2025-11-25 14:31:06,549 [INFO] Setting color(237, 17, 0) on light 0
2025-11-25 14:31:06,574 [INFO] Setting color(237, 17, 0) on light 0
2025-11-25 14:31:06,597 [INFO] Setting color(237, 17, 0) on light 0
2025-11-25 14:31:06,618 [INFO] Setting color(238, 16, 0) on light 0
2025-11-25 14:31:06,639 [INFO] Setting color(238, 16, 0) on light 0
2025-11-25 14:31:06,665 [INFO] Setting color(238, 16, 0) on light 0
2025-11-25 14:31:06,687 [INFO] Setting color(239, 15, 0) on light 0
2025-11-25 14:31:06,713 [INFO] Setting color(239, 15, 0) on light 0
2025-11-25 14:31:06,737 [INFO] Setting color(240, 14, 0) on light 0
2025-11-25 14:31:06,762 [INFO] Setting color(240, 14, 0) on light 0
2025-11-25 14:31:06,786 [INFO] Setting color(240, 14, 0) on light 0
2025-11-25 14:31:06,810 [INFO] Setting color(241, 13, 0) on light 0
2025-11-25 14:31:06,835 [INFO] Setting color(241, 13, 0) on light 0
2025-11-25 14:31:06,856 [INFO] Setting color(241, 13, 0) on light 0
2025-11-25 14:31:06,879 [INFO] Setting color(242, 12, 0) on light 0
2025-11-25 14:31:06,901 [INFO] Setting color(242, 12, 0) on light 0
2025-11-25 14:31:06,926 [INFO] Setting color(242, 12, 0) on light 0
2025-11-25 14:31:06,952 [INFO] Setting color(243, 11, 0) on light 0
2025-11-25 14:31:06,977 [INFO] Setting color(243, 11, 0) on light 0
2025-11-25 14:31:07,002 [INFO] Setting color(244, 10, 0) on light 0
2025-11-25 14:31:07,028 [INFO] Setting color(244, 10, 0) on light 0
2025-11-25 14:31:07,049 [INFO] Setting color(244, 10, 0) on light 0
2025-11-25 14:31:07,071 [INFO] Setting color(245, 9, 0) on light 0
2025-11-25 14:31:07,096 [INFO] Setting color(245, 9, 0) on light 0
2025-11-25 14:31:07,122 [INFO] Setting color(245, 9, 0) on light 0
2025-11-25 14:31:07,143 [INFO] Setting color(246, 8, 0) on light 0
2025-11-25 14:31:07,165 [INFO] Setting color(246, 8, 0) on light 0
2025-11-25 14:31:07,187 [INFO] Setting color(247, 7, 0) on light 0
2025-11-25 14:31:07,208 [INFO] Setting color(247, 7, 0) on light 0
2025-11-25 14:31:07,230 [INFO] Setting color(247, 7, 0) on light 0
2025-11-25 14:31:07,252 [INFO] Setting color(247, 7, 0) on light 0
2025-11-25 14:31:07,273 [INFO] Setting color(248, 6, 0) on light 0
2025-11-25 14:31:07,299 [INFO] Setting color(248, 6, 0) on light 0
2025-11-25 14:31:07,320 [INFO] Setting color(249, 5, 0) on light 0
2025-11-25 14:31:07,342 [INFO] Setting color(249, 5, 0) on light 0
2025-11-25 14:31:07,365 [INFO] Setting color(249, 5, 0) on light 0
2025-11-25 14:31:07,391 [INFO] Setting color(250, 4, 0) on light 0
2025-11-25 14:31:07,415 [INFO] Setting color(250, 4, 0) on light 0
2025-11-25 14:31:07,441 [INFO] Setting color(250, 4, 0) on light 0
2025-11-25 14:31:07,465 [INFO] Setting color(251, 3, 0) on light 0
2025-11-25 14:31:07,491 [INFO] Setting color(251, 3, 0) on light 0
2025-11-25 14:31:07,514 [INFO] Setting color(252, 2, 0) on light 0
2025-11-25 14:31:07,535 [INFO] Setting color(252, 2, 0) on light 0
2025-11-25 14:31:07,556 [INFO] Setting color(252, 2, 0) on light 0
2025-11-25 14:31:07,579 [INFO] Setting color(253, 1, 0) on light 0
2025-11-25 14:31:07,601 [INFO] Setting color(253, 1, 0) on light 0
2025-11-25 14:31:07,626 [INFO] Setting color(253, 1, 0) on light 0
2025-11-25 14:31:07,652 [INFO] Setting color(254, 0, 0) on light 0
2025-11-25 14:31:07,677 [INFO] Setting color(254, 0, 0) on light 0
2025-11-25 14:31:07,702 [INFO] Setting color(254, 0, 0) on light 0
2025-11-25 14:31:07,726 [INFO] Setting color(254, 0, 0) on light 0
2025-11-25 14:31:07,747 [INFO] Setting color(254, 0, 0) on light 0
2025-11-25 14:31:07,771 [INFO] Setting color(254, 0, 0) on light 0
2025-11-25 14:31:07,793 [INFO] Setting color(253, 0, 1) on light 0
2025-11-25 14:31:07,814 [INFO] Setting color(253, 0, 1) on light 0
2025-11-25 14:31:07,840 [INFO] Setting color(252, 0, 2) on light 0
2025-11-25 14:31:07,862 [INFO] Setting color(252, 0, 2) on light 0
2025-11-25 14:31:07,883 [INFO] Setting color(252, 0, 2) on light 0
2025-11-25 14:31:07,909 [INFO] Setting color(251, 0, 3) on light 0
2025-11-25 14:31:07,930 [INFO] Setting color(251, 0, 3) on light 0
2025-11-25 14:31:07,954 [INFO] Setting color(251, 0, 3) on light 0
2025-11-25 14:31:07,977 [INFO] Setting color(250, 0, 4) on light 0
2025-11-25 14:31:08,002 [INFO] Setting color(250, 0, 4) on light 0
2025-11-25 14:31:08,027 [INFO] Setting color(250, 0, 4) on light 0
2025-11-25 14:31:08,050 [INFO] Setting color(249, 0, 5) on light 0
2025-11-25 14:31:08,074 [INFO] Setting color(249, 0, 5) on light 0
2025-11-25 14:31:08,099 [INFO] Setting color(248, 0, 6) on light 0
2025-11-25 14:31:08,124 [INFO] Setting color(248, 0, 6) on light 0
2025-11-25 14:31:08,150 [INFO] Setting color(248, 0, 6) on light 0
2025-11-25 14:31:08,176 [INFO] Setting color(247, 0, 7) on light 0
2025-11-25 14:31:08,201 [INFO] Setting color(247, 0, 7) on light 0
2025-11-25 14:31:08,223 [INFO] Setting color(247, 0, 7) on light 0
2025-11-25 14:31:08,245 [INFO] Setting color(246, 0, 8) on light 0
2025-11-25 14:31:08,269 [INFO] Setting color(246, 0, 8) on light 0
2025-11-25 14:31:08,294 [INFO] Setting color(245, 0, 9) on light 0
2025-11-25 14:31:08,318 [INFO] Setting color(245, 0, 9) on light 0
2025-11-25 14:31:08,342 [INFO] Setting color(245, 0, 9) on light 0
2025-11-25 14:31:08,365 [INFO] Setting color(244, 0, 10) on light 0
2025-11-25 14:31:08,391 [INFO] Setting color(244, 0, 10) on light 0
2025-11-25 14:31:08,417 [INFO] Setting color(244, 0, 10) on light 0
2025-11-25 14:31:08,442 [INFO] Setting color(243, 0, 11) on light 0
2025-11-25 14:31:08,465 [INFO] Setting color(243, 0, 11) on light 0
2025-11-25 14:31:08,490 [INFO] Setting color(242, 0, 12) on light 0
2025-11-25 14:31:08,515 [INFO] Setting color(242, 0, 12) on light 0
2025-11-25 14:31:08,541 [INFO] Setting color(242, 0, 12) on light 0
2025-11-25 14:31:08,565 [INFO] Setting color(241, 0, 13) on light 0
2025-11-25 14:31:08,591 [INFO] Setting color(241, 0, 13) on light 0
2025-11-25 14:31:08,615 [INFO] Setting color(241, 0, 13) on light 0
2025-11-25 14:31:08,641 [INFO] Setting color(240, 0, 14) on light 0
2025-11-25 14:31:08,664 [INFO] Setting color(240, 0, 14) on light 0
2025-11-25 14:31:08,689 [INFO] Setting color(239, 0, 15) on light 0
2025-11-25 14:31:08,711 [INFO] Setting color(239, 0, 15) on light 0
2025-11-25 14:31:08,734 [INFO] Setting color(239, 0, 15) on light 0
2025-11-25 14:31:08,760 [INFO] Setting color(238, 0, 16) on light 0
2025-11-25 14:31:08,782 [INFO] Setting color(238, 0, 16) on light 0
2025-11-25 14:31:08,808 [INFO] Setting color(238, 0, 16) on light 0
2025-11-25 14:31:08,832 [INFO] Setting color(237, 0, 17) on light 0
2025-11-25 14:31:08,857 [INFO] Setting color(237, 0, 17) on light 0
2025-11-25 14:31:08,882 [INFO] Setting color(236, 0, 18) on light 0
2025-11-25 14:31:08,908 [INFO] Setting color(236, 0, 18) on light 0
2025-11-25 14:31:08,932 [INFO] Setting color(236, 0, 18) on light 0
2025-11-25 14:31:08,954 [INFO] Setting color(235, 0, 19) on light 0
2025-11-25 14:31:08,976 [INFO] Setting color(235, 0, 19) on light 0
2025-11-25 14:31:09,001 [INFO] Setting color(235, 0, 19) on light 0
2025-11-25 14:31:09,027 [INFO] Setting color(234, 0, 20) on light 0
2025-11-25 14:31:09,048 [INFO] Setting color(234, 0, 20) on light 0
2025-11-25 14:31:09,073 [INFO] Setting color(234, 0, 20) on light 0
2025-11-25 14:31:09,099 [INFO] Setting color(233, 0, 21) on light 0
2025-11-25 14:31:09,124 [INFO] Setting color(233, 0, 21) on light 0
2025-11-25 14:31:09,149 [INFO] Setting color(232, 0, 22) on light 0
2025-11-25 14:31:09,174 [INFO] Setting color(232, 0, 22) on light 0
2025-11-25 14:31:09,196 [INFO] Setting color(232, 0, 22) on light 0
2025-11-25 14:31:09,221 [INFO] Setting color(231, 0, 23) on light 0
2025-11-25 14:31:09,245 [INFO] Setting color(231, 0, 23) on light 0
2025-11-25 14:31:09,270 [INFO] Setting color(231, 0, 23) on light 0
2025-11-25 14:31:09,291 [INFO] Setting color(230, 0, 24) on light 0
2025-11-25 14:31:09,315 [INFO] Setting color(230, 0, 24) on light 0
2025-11-25 14:31:09,340 [INFO] Setting color(229, 0, 25) on light 0
2025-11-25 14:31:09,362 [INFO] Setting color(229, 0, 25) on light 0
2025-11-25 14:31:09,388 [INFO] Setting color(229, 0, 25) on light 0
2025-11-25 14:31:09,409 [INFO] Setting color(228, 0, 26) on light 0
2025-11-25 14:31:09,432 [INFO] Setting color(228, 0, 26) on light 0
2025-11-25 14:31:09,458 [INFO] Setting color(228, 0, 26) on light 0
2025-11-25 14:31:09,482 [INFO] Setting color(227, 0, 27) on light 0
2025-11-25 14:31:09,507 [INFO] Setting color(227, 0, 27) on light 0
2025-11-25 14:31:09,528 [INFO] Setting color(227, 0, 27) on light 0
2025-11-25 14:31:09,553 [INFO] Setting color(226, 0, 28) on light 0
2025-11-25 14:31:09,578 [INFO] Setting color(226, 0, 28) on light 0
2025-11-25 14:31:09,603 [INFO] Setting color(225, 0, 29) on light 0
2025-11-25 14:31:09,629 [INFO] Setting color(225, 0, 29) on light 0
2025-11-25 14:31:09,652 [INFO] Setting color(225, 0, 29) on light 0
2025-11-25 14:31:09,676 [INFO] Setting color(224, 0, 30) on light 0
2025-11-25 14:31:09,700 [INFO] Setting color(224, 0, 30) on light 0
2025-11-25 14:31:09,722 [INFO] Setting color(224, 0, 30) on light 0
2025-11-25 14:31:09,747 [INFO] Setting color(223, 0, 31) on light 0
2025-11-25 14:31:09,772 [INFO] Setting color(223, 0, 31) on light 0
2025-11-25 14:31:09,794 [INFO] Setting color(222, 0, 32) on light 0
2025-11-25 14:31:09,819 [INFO] Setting color(222, 0, 32) on light 0
2025-11-25 14:31:09,843 [INFO] Setting color(222, 0, 32) on light 0
2025-11-25 14:31:09,867 [INFO] Setting color(221, 0, 33) on light 0
2025-11-25 14:31:09,889 [INFO] Setting color(221, 0, 33) on light 0
2025-11-25 14:31:09,914 [INFO] Setting color(221, 0, 33) on light 0
2025-11-25 14:31:09,936 [INFO] Setting color(220, 0, 34) on light 0
2025-11-25 14:31:09,962 [INFO] Setting color(220, 0, 34) on light 0
2025-11-25 14:31:09,984 [INFO] Setting color(220, 0, 34) on light 0
2025-11-25 14:31:10,009 [INFO] Setting color(219, 0, 35) on light 0
2025-11-25 14:31:10,032 [INFO] Setting color(219, 0, 35) on light 0
2025-11-25 14:31:10,058 [INFO] Setting color(218, 0, 36) on light 0
2025-11-25 14:31:10,083 [INFO] Setting color(218, 0, 36) on light 0
2025-11-25 14:31:10,108 [INFO] Setting color(218, 0, 36) on light 0
2025-11-25 14:31:10,129 [INFO] Setting color(217, 0, 37) on light 0
2025-11-25 14:31:10,152 [INFO] Setting color(217, 0, 37) on light 0
2025-11-25 14:31:10,178 [INFO] Setting color(217, 0, 37) on light 0
2025-11-25 14:31:10,202 [INFO] Setting color(216, 0, 38) on light 0
2025-11-25 14:31:10,228 [INFO] Setting color(216, 0, 38) on light 0
2025-11-25 14:31:10,253 [INFO] Setting color(215, 0, 39) on light 0
2025-11-25 14:31:10,276 [INFO] Setting color(215, 0, 39) on light 0
2025-11-25 14:31:10,302 [INFO] Setting color(215, 0, 39) on light 0
2025-11-25 14:31:10,326 [INFO] Setting color(214, 0, 40) on light 0
2025-11-25 14:31:10,349 [INFO] Setting color(214, 0, 40) on light 0
2025-11-25 14:31:10,370 [INFO] Setting color(214, 0, 40) on light 0
2025-11-25 14:31:10,393 [INFO] Setting color(213, 0, 41) on light 0
2025-11-25 14:31:10,416 [INFO] Setting color(213, 0, 41) on light 0
2025-11-25 14:31:10,440 [INFO] Setting color(213, 0, 41) on light 0
2025-11-25 14:31:10,463 [INFO] Setting color(212, 0, 42) on light 0
2025-11-25 14:31:10,488 [INFO] Setting color(212, 0, 42) on light 0
2025-11-25 14:31:10,510 [INFO] Setting color(211, 0, 43) on light 0
2025-11-25 14:31:10,531 [INFO] Setting color(211, 0, 43) on light 0
2025-11-25 14:31:10,556 [INFO] Setting color(211, 0, 43) on light 0
2025-11-25 14:31:10,582 [INFO] Setting color(210, 0, 44) on light 0
2025-11-25 14:31:10,608 [INFO] Setting color(210, 0, 44) on light 0
2025-11-25 14:31:10,630 [INFO] Setting color(210, 0, 44) on light 0
2025-11-25 14:31:10,655 [INFO] Setting color(209, 0, 45) on light 0
2025-11-25 14:31:10,681 [INFO] Setting color(209, 0, 45) on light 0
2025-11-25 14:31:10,706 [INFO] Setting color(208, 0, 46) on light 0
2025-11-25 14:31:10,730 [INFO] Setting color(208, 0, 46) on light 0
2025-11-25 14:31:10,753 [INFO] Setting color(208, 0, 46) on light 0
2025-11-25 14:31:10,776 [INFO] Setting color(207, 0, 47) on light 0
2025-11-25 14:31:10,799 [INFO] Setting color(207, 0, 47) on light 0
2025-11-25 14:31:10,825 [INFO] Setting color(207, 0, 47) on light 0
2025-11-25 14:31:10,850 [INFO] Setting color(206, 0, 48) on light 0
2025-11-25 14:31:10,876 [INFO] Setting color(206, 0, 48) on light 0
2025-11-25 14:31:10,898 [INFO] Setting color(206, 0, 48) on light 0
2025-11-25 14:31:10,918 [INFO] Setting color(205, 0, 49) on light 0
2025-11-25 14:31:10,940 [INFO] Setting color(205, 0, 49) on light 0
2025-11-25 14:31:10,965 [INFO] Setting color(204, 0, 50) on light 0
2025-11-25 14:31:10,991 [INFO] Setting color(204, 0, 50) on light 0
2025-11-25 14:31:11,016 [INFO] Setting color(204, 0, 50) on light 0
2025-11-25 14:31:11,041 [INFO] Setting color(203, 0, 51) on light 0
2025-11-25 14:31:11,065 [INFO] Setting color(203, 0, 51) on light 0
2025-11-25 14:31:11,091 [INFO] Setting color(203, 0, 51) on light 0
2025-11-25 14:31:11,113 [INFO] Stopping entertainment stream…
2025-11-25 14:31:19,611 [INFO] Sending PUT request to https://192.168.2.50/clip/v2/resource/entertainment_configuration/20b9f6d2-cf73-4fc1-a2db-87124e538dbc
2025-11-25 14:31:20,174 [INFO] Entertainment configuration updated successfully.
2025-11-25 14:31:20,175 [INFO] Done.
2025-11-25 14:33:29,733 [INFO] Fetching entertainment configurations
2025-11-25 14:33:29,733 [INFO] Sending GET request to https://192.168.2.50/clip/v2/resource/entertainment_configuration
2025-11-25 14:33:29,844 [INFO] Sending PUT request to https://192.168.2.50/clip/v2/resource/entertainment_configuration/20b9f6d2-cf73-4fc1-a2db-87124e538dbc
2025-11-25 14:33:30,058 [INFO] Entertainment configuration updated successfully.
2025-11-25 14:33:30,059 [INFO] Creating DTLS socket and context
2025-11-25 14:33:30,061 [INFO] Starting DTLS handshake
2025-11-25 14:33:30,680 [INFO] DTLS handshake established
2025-11-25 14:33:30,681 [INFO] Setting color(0, 255, 0) on light 0
2025-11-25 14:33:30,724 [INFO] Setting color(6, 249, 0) on light 0
2025-11-25 14:33:30,768 [INFO] Setting color(12, 243, 0) on light 0
2025-11-25 14:33:30,813 [INFO] Setting color(18, 237, 0) on light 0
2025-11-25 14:33:30,857 [INFO] Setting color(24, 231, 0) on light 0
2025-11-25 14:33:30,898 [INFO] Setting color(33, 222, 0) on light 0
2025-11-25 14:33:30,941 [INFO] Setting color(39, 216, 0) on light 0
2025-11-25 14:33:30,986 [INFO] Setting color(45, 210, 0) on light 0
2025-11-25 14:33:31,032 [INFO] Setting color(51, 204, 0) on light 0
2025-11-25 14:33:31,077 [INFO] Setting color(60, 195, 0) on light 0
2025-11-25 14:33:31,122 [INFO] Setting color(66, 189, 0) on light 0
2025-11-25 14:33:31,168 [INFO] Setting color(72, 183, 0) on light 0
2025-11-25 14:33:31,210 [INFO] Setting color(78, 177, 0) on light 0
2025-11-25 14:33:31,256 [INFO] Setting color(87, 168, 0) on light 0
2025-11-25 14:33:31,301 [INFO] Setting color(93, 162, 0) on light 0
2025-11-25 14:33:31,347 [INFO] Setting color(99, 156, 0) on light 0
2025-11-25 14:33:31,390 [INFO] Setting color(108, 147, 0) on light 0
2025-11-25 14:33:31,436 [INFO] Setting color(114, 141, 0) on light 0
2025-11-25 14:33:31,478 [INFO] Setting color(120, 135, 0) on light 0
2025-11-25 14:33:31,519 [INFO] Setting color(126, 129, 0) on light 0
2025-11-25 14:33:31,565 [INFO] Setting color(135, 120, 0) on light 0
2025-11-25 14:33:31,610 [INFO] Setting color(141, 114, 0) on light 0
2025-11-25 14:33:31,652 [INFO] Setting color(147, 108, 0) on light 0
2025-11-25 14:33:31,698 [INFO] Setting color(153, 102, 0) on light 0
2025-11-25 14:33:31,743 [INFO] Setting color(162, 93, 0) on light 0
2025-11-25 14:33:31,784 [INFO] Setting color(168, 87, 0) on light 0
2025-11-25 14:33:31,826 [INFO] Setting color(174, 81, 0) on light 0
2025-11-25 14:33:31,870 [INFO] Setting color(180, 75, 0) on light 0
2025-11-25 14:33:31,914 [INFO] Setting color(186, 69, 0) on light 0
2025-11-25 14:33:31,956 [INFO] Setting color(192, 63, 0) on light 0
2025-11-25 14:33:32,001 [INFO] Setting color(201, 54, 0) on light 0
2025-11-25 14:33:32,046 [INFO] Setting color(207, 48, 0) on light 0
2025-11-25 14:33:32,091 [INFO] Setting color(213, 42, 0) on light 0
2025-11-25 14:33:32,137 [INFO] Setting color(222, 33, 0) on light 0
2025-11-25 14:33:32,181 [INFO] Setting color(228, 27, 0) on light 0
2025-11-25 14:33:32,226 [INFO] Setting color(234, 21, 0) on light 0
2025-11-25 14:33:32,270 [INFO] Setting color(243, 12, 0) on light 0
2025-11-25 14:33:32,314 [INFO] Setting color(249, 6, 0) on light 0
2025-11-25 14:33:32,357 [INFO] Setting color(255, 0, 0) on light 0
2025-11-25 14:33:32,403 [INFO] Setting color(249, 0, 6) on light 0
2025-11-25 14:33:32,448 [INFO] Setting color(240, 0, 15) on light 0
2025-11-25 14:33:32,492 [INFO] Setting color(234, 0, 21) on light 0
2025-11-25 14:33:32,534 [INFO] Setting color(228, 0, 27) on light 0
2025-11-25 14:33:32,576 [INFO] Setting color(222, 0, 33) on light 0
2025-11-25 14:33:32,620 [INFO] Setting color(216, 0, 39) on light 0
2025-11-25 14:33:32,666 [INFO] Setting color(207, 0, 48) on light 0
2025-11-25 14:33:32,710 [INFO] Setting color(201, 0, 54) on light 0
2025-11-25 14:33:32,753 [INFO] Setting color(195, 0, 60) on light 0
2025-11-25 14:33:32,797 [INFO] Setting color(189, 0, 66) on light 0
2025-11-25 14:33:32,838 [INFO] Setting color(180, 0, 75) on light 0
2025-11-25 14:33:32,883 [INFO] Setting color(174, 0, 81) on light 0
2025-11-25 14:33:32,929 [INFO] Setting color(168, 0, 87) on light 0
2025-11-25 14:33:32,974 [INFO] Setting color(162, 0, 93) on light 0
2025-11-25 14:33:33,020 [INFO] Setting color(153, 0, 102) on light 0
2025-11-25 14:33:33,065 [INFO] Setting color(147, 0, 108) on light 0
2025-11-25 14:33:33,111 [INFO] Setting color(141, 0, 114) on light 0
2025-11-25 14:33:33,156 [INFO] Setting color(132, 0, 123) on light 0
2025-11-25 14:33:33,200 [INFO] Setting color(126, 0, 129) on light 0
2025-11-25 14:33:33,243 [INFO] Setting color(120, 0, 135) on light 0
2025-11-25 14:33:33,284 [INFO] Setting color(114, 0, 141) on light 0
2025-11-25 14:33:33,328 [INFO] Setting color(105, 0, 150) on light 0
2025-11-25 14:33:33,374 [INFO] Setting color(99, 0, 156) on light 0
2025-11-25 14:33:33,420 [INFO] Setting color(93, 0, 162) on light 0
2025-11-25 14:33:33,465 [INFO] Setting color(87, 0, 168) on light 0
2025-11-25 14:33:33,506 [INFO] Setting color(78, 0, 177) on light 0
2025-11-25 14:33:33,549 [INFO] Setting color(72, 0, 183) on light 0
2025-11-25 14:33:33,594 [INFO] Setting color(66, 0, 189) on light 0
2025-11-25 14:33:33,634 [INFO] Setting color(60, 0, 195) on light 0
2025-11-25 14:33:33,680 [INFO] Setting color(54, 0, 201) on light 0
2025-11-25 14:33:33,722 [INFO] Setting color(45, 0, 210) on light 0
2025-11-25 14:33:33,764 [INFO] Setting color(39, 0, 216) on light 0
2025-11-25 14:33:33,810 [INFO] Setting color(33, 0, 222) on light 0
2025-11-25 14:33:33,855 [INFO] Setting color(27, 0, 228) on light 0
2025-11-25 14:33:33,900 [INFO] Setting color(18, 0, 237) on light 0
2025-11-25 14:33:33,943 [INFO] Setting color(12, 0, 243) on light 0
2025-11-25 14:33:33,984 [INFO] Setting color(6, 0, 249) on light 0
2025-11-25 14:33:34,027 [INFO] Setting color(0, 0, 255) on light 0
2025-11-25 14:33:34,071 [INFO] Setting color(0, 6, 249) on light 0
2025-11-25 14:33:34,115 [INFO] Setting color(0, 15, 240) on light 0
2025-11-25 14:33:34,161 [INFO] Setting color(0, 21, 234) on light 0
2025-11-25 14:33:34,206 [INFO] Setting color(0, 27, 228) on light 0
2025-11-25 14:33:34,250 [INFO] Setting color(0, 36, 219) on light 0
2025-11-25 14:33:34,295 [INFO] Setting color(0, 42, 213) on light 0
2025-11-25 14:33:34,340 [INFO] Setting color(0, 48, 207) on light 0
2025-11-25 14:33:34,385 [INFO] Setting color(0, 54, 201) on light 0
2025-11-25 14:33:34,428 [INFO] Setting color(0, 63, 192) on light 0
2025-11-25 14:33:34,474 [INFO] Setting color(0, 69, 186) on light 0
2025-11-25 14:33:34,519 [INFO] Setting color(0, 75, 180) on light 0
2025-11-25 14:33:34,560 [INFO] Setting color(0, 81, 174) on light 0
2025-11-25 14:33:34,606 [INFO] Setting color(0, 90, 165) on light 0
2025-11-25 14:33:34,651 [INFO] Setting color(0, 96, 159) on light 0
2025-11-25 14:33:34,693 [INFO] Setting color(0, 102, 153) on light 0
2025-11-25 14:33:34,734 [INFO] Setting color(0, 108, 147) on light 0
2025-11-25 14:33:34,776 [INFO] Setting color(0, 114, 141) on light 0
2025-11-25 14:33:34,821 [INFO] Setting color(0, 123, 132) on light 0
2025-11-25 14:33:34,864 [INFO] Setting color(0, 129, 126) on light 0
2025-11-25 14:33:34,910 [INFO] Setting color(0, 135, 120) on light 0
2025-11-25 14:33:34,955 [INFO] Setting color(0, 141, 114) on light 0
2025-11-25 14:33:34,997 [INFO] Setting color(0, 150, 105) on light 0
2025-11-25 14:33:35,038 [INFO] Setting color(0, 156, 99) on light 0
2025-11-25 14:33:35,083 [INFO] Setting color(0, 162, 93) on light 0
2025-11-25 14:33:35,128 [INFO] Setting color(0, 168, 87) on light 0
2025-11-25 14:33:35,174 [INFO] Setting color(0, 177, 78) on light 0
2025-11-25 14:33:35,219 [INFO] Setting color(0, 183, 72) on light 0
2025-11-25 14:33:35,264 [INFO] Setting color(0, 189, 66) on light 0
2025-11-25 14:33:35,307 [INFO] Setting color(0, 195, 60) on light 0
2025-11-25 14:33:35,349 [INFO] Setting color(0, 204, 51) on light 0
2025-11-25 14:33:35,395 [INFO] Setting color(0, 210, 45) on light 0
2025-11-25 14:33:35,436 [INFO] Setting color(0, 216, 39) on light 0
2025-11-25 14:33:35,479 [INFO] Setting color(0, 222, 33) on light 0
2025-11-25 14:33:35,523 [INFO] Setting color(0, 228, 27) on light 0
2025-11-25 14:33:35,567 [INFO] Setting color(0, 237, 18) on light 0
2025-11-25 14:33:35,613 [INFO] Setting color(0, 243, 12) on light 0
2025-11-25 14:33:35,654 [INFO] Setting color(0, 249, 6) on light 0
2025-11-25 14:33:35,696 [INFO] Setting color(0, 255, 0) on light 0
2025-11-25 14:33:35,741 [INFO] Setting color(9, 246, 0) on light 0
2025-11-25 14:33:35,784 [INFO] Setting color(15, 240, 0) on light 0
2025-11-25 14:33:35,829 [INFO] Setting color(21, 234, 0) on light 0
2025-11-25 14:33:35,875 [INFO] Setting color(27, 228, 0) on light 0
2025-11-25 14:33:35,921 [INFO] Setting color(36, 219, 0) on light 0
2025-11-25 14:33:35,964 [INFO] Setting color(42, 213, 0) on light 0
2025-11-25 14:33:36,010 [INFO] Setting color(48, 207, 0) on light 0
2025-11-25 14:33:36,054 [INFO] Setting color(57, 198, 0) on light 0
2025-11-25 14:33:36,099 [INFO] Setting color(63, 192, 0) on light 0
2025-11-25 14:33:36,144 [INFO] Setting color(69, 186, 0) on light 0
2025-11-25 14:33:36,185 [INFO] Setting color(75, 180, 0) on light 0
2025-11-25 14:33:36,226 [INFO] Setting color(81, 174, 0) on light 0
2025-11-25 14:33:36,269 [INFO] Setting color(87, 168, 0) on light 0
2025-11-25 14:33:36,315 [INFO] Setting color(96, 159, 0) on light 0
2025-11-25 14:33:36,360 [INFO] Setting color(102, 153, 0) on light 0
2025-11-25 14:33:36,403 [INFO] Setting color(108, 147, 0) on light 0
2025-11-25 14:33:36,445 [INFO] Setting color(114, 141, 0) on light 0
2025-11-25 14:33:36,489 [INFO] Setting color(123, 132, 0) on light 0
2025-11-25 14:33:36,535 [INFO] Setting color(129, 126, 0) on light 0
2025-11-25 14:33:36,578 [INFO] Setting color(135, 120, 0) on light 0
2025-11-25 14:33:36,623 [INFO] Setting color(144, 111, 0) on light 0
2025-11-25 14:33:36,664 [INFO] Setting color(150, 105, 0) on light 0
2025-11-25 14:33:36,710 [INFO] Setting color(156, 99, 0) on light 0
2025-11-25 14:33:36,752 [INFO] Setting color(162, 93, 0) on light 0
2025-11-25 14:33:36,796 [INFO] Setting color(168, 87, 0) on light 0
2025-11-25 14:33:36,841 [INFO] Setting color(177, 78, 0) on light 0
2025-11-25 14:33:36,885 [INFO] Setting color(183, 72, 0) on light 0
2025-11-25 14:33:36,931 [INFO] Setting color(189, 66, 0) on light 0
2025-11-25 14:33:36,976 [INFO] Setting color(198, 57, 0) on light 0
2025-11-25 14:33:37,021 [INFO] Setting color(204, 51, 0) on light 0
2025-11-25 14:33:37,066 [INFO] Setting color(210, 45, 0) on light 0
2025-11-25 14:33:37,111 [INFO] Setting color(216, 39, 0) on light 0
2025-11-25 14:33:37,152 [INFO] Setting color(225, 30, 0) on light 0
2025-11-25 14:33:37,193 [INFO] Setting color(231, 24, 0) on light 0
2025-11-25 14:33:37,235 [INFO] Setting color(237, 18, 0) on light 0
2025-11-25 14:33:37,281 [INFO] Setting color(243, 12, 0) on light 0
2025-11-25 14:33:37,324 [INFO] Setting color(249, 6, 0) on light 0
2025-11-25 14:33:37,369 [INFO] Setting color(252, 0, 3) on light 0
2025-11-25 14:33:37,410 [INFO] Setting color(246, 0, 9) on light 0
2025-11-25 14:33:37,455 [INFO] Setting color(240, 0, 15) on light 0
2025-11-25 14:33:37,500 [INFO] Setting color(234, 0, 21) on light 0
2025-11-25 14:33:37,546 [INFO] Setting color(225, 0, 30) on light 0
2025-11-25 14:33:37,590 [INFO] Setting color(219, 0, 36) on light 0
2025-11-25 14:33:37,634 [INFO] Setting color(213, 0, 42) on light 0
2025-11-25 14:33:37,680 [INFO] Setting color(207, 0, 48) on light 0
2025-11-25 14:33:37,725 [INFO] Setting color(198, 0, 57) on light 0
2025-11-25 14:33:37,768 [INFO] Setting color(192, 0, 63) on light 0
2025-11-25 14:33:37,813 [INFO] Setting color(186, 0, 69) on light 0
2025-11-25 14:33:37,856 [INFO] Setting color(180, 0, 75) on light 0
2025-11-25 14:33:37,902 [INFO] Setting color(171, 0, 84) on light 0
2025-11-25 14:33:37,946 [INFO] Setting color(165, 0, 90) on light 0
2025-11-25 14:33:37,990 [INFO] Setting color(159, 0, 96) on light 0
2025-11-25 14:33:38,034 [INFO] Setting color(150, 0, 105) on light 0
2025-11-25 14:33:38,077 [INFO] Setting color(144, 0, 111) on light 0
2025-11-25 14:33:38,119 [INFO] Setting color(138, 0, 117) on light 0
2025-11-25 14:33:38,163 [INFO] Setting color(132, 0, 123) on light 0
2025-11-25 14:33:38,208 [INFO] Setting color(126, 0, 129) on light 0
2025-11-25 14:33:38,251 [INFO] Setting color(117, 0, 138) on light 0
2025-11-25 14:33:38,296 [INFO] Setting color(111, 0, 144) on light 0
2025-11-25 14:33:38,338 [INFO] Setting color(105, 0, 150) on light 0
2025-11-25 14:33:38,381 [INFO] Setting color(99, 0, 156) on light 0
2025-11-25 14:33:38,424 [INFO] Setting color(93, 0, 162) on light 0
2025-11-25 14:33:38,465 [INFO] Setting color(87, 0, 168) on light 0
2025-11-25 14:33:38,507 [INFO] Setting color(78, 0, 177) on light 0
2025-11-25 14:33:38,552 [INFO] Setting color(72, 0, 183) on light 0
2025-11-25 14:33:38,595 [INFO] Setting color(66, 0, 189) on light 0
2025-11-25 14:33:38,641 [INFO] Setting color(60, 0, 195) on light 0
2025-11-25 14:33:38,686 [INFO] Setting color(51, 0, 204) on light 0
2025-11-25 14:33:38,732 [INFO] Setting color(45, 0, 210) on light 0
2025-11-25 14:33:38,776 [INFO] Setting color(39, 0, 216) on light 0
2025-11-25 14:33:38,822 [INFO] Setting color(30, 0, 225) on light 0
2025-11-25 14:33:38,867 [INFO] Setting color(24, 0, 231) on light 0
2025-11-25 14:33:38,913 [INFO] Setting color(18, 0, 237) on light 0
2025-11-25 14:33:38,954 [INFO] Setting color(12, 0, 243) on light 0
2025-11-25 14:33:38,998 [INFO] Setting color(3, 0, 252) on light 0
2025-11-25 14:33:39,043 [INFO] Setting color(0, 3, 252) on light 0
2025-11-25 14:33:39,084 [INFO] Setting color(0, 9, 246) on light 0
2025-11-25 14:33:39,126 [INFO] Setting color(0, 15, 240) on light 0
2025-11-25 14:33:39,167 [INFO] Setting color(0, 21, 234) on light 0
2025-11-25 14:33:39,209 [INFO] Setting color(0, 27, 228) on light 0
2025-11-25 14:33:39,254 [INFO] Setting color(0, 36, 219) on light 0
2025-11-25 14:33:39,295 [INFO] Setting color(0, 42, 213) on light 0
2025-11-25 14:33:39,341 [INFO] Setting color(0, 48, 207) on light 0
2025-11-25 14:33:39,383 [INFO] Setting color(0, 54, 201) on light 0
2025-11-25 14:33:39,428 [INFO] Setting color(0, 63, 192) on light 0
2025-11-25 14:33:39,474 [INFO] Setting color(0, 69, 186) on light 0
2025-11-25 14:33:39,517 [INFO] Setting color(0, 75, 180) on light 0
2025-11-25 14:33:39,561 [INFO] Setting color(0, 81, 174) on light 0
2025-11-25 14:33:39,606 [INFO] Setting color(0, 90, 165) on light 0
2025-11-25 14:33:39,647 [INFO] Setting color(0, 96, 159) on light 0
2025-11-25 14:33:39,691 [INFO] Setting color(0, 102, 153) on light 0
2025-11-25 14:33:39,734 [INFO] Setting color(0, 108, 147) on light 0
2025-11-25 14:33:39,776 [INFO] Setting color(0, 114, 141) on light 0
2025-11-25 14:33:39,821 [INFO] Setting color(0, 123, 132) on light 0
2025-11-25 14:33:39,867 [INFO] Setting color(0, 129, 126) on light 0
2025-11-25 14:33:39,911 [INFO] Setting color(0, 135, 120) on light 0
2025-11-25 14:33:39,953 [INFO] Setting color(0, 141, 114) on light 0
2025-11-25 14:33:39,999 [INFO] Setting color(0, 150, 105) on light 0
2025-11-25 14:33:40,043 [INFO] Setting color(0, 156, 99) on light 0
2025-11-25 14:33:40,086 [INFO] Setting color(0, 162, 93) on light 0
2025-11-25 14:33:40,132 [INFO] Setting color(0, 168, 87) on light 0
2025-11-25 14:33:40,176 [INFO] Setting color(0, 177, 78) on light 0
2025-11-25 14:33:40,219 [INFO] Setting color(0, 183, 72) on light 0
2025-11-25 14:33:40,265 [INFO] Setting color(0, 189, 66) on light 0
2025-11-25 14:33:40,310 [INFO] Setting color(0, 198, 57) on light 0
2025-11-25 14:33:40,355 [INFO] Setting color(0, 204, 51) on light 0
2025-11-25 14:33:40,396 [INFO] Setting color(0, 210, 45) on light 0
2025-11-25 14:33:40,442 [INFO] Setting color(0, 216, 39) on light 0
2025-11-25 14:33:40,485 [INFO] Setting color(0, 222, 33) on light 0
2025-11-25 14:33:40,530 [INFO] Setting color(0, 231, 24) on light 0
2025-11-25 14:33:40,573 [INFO] Setting color(0, 237, 18) on light 0
2025-11-25 14:33:40,619 [INFO] Setting color(0, 243, 12) on light 0
2025-11-25 14:33:40,663 [INFO] Setting color(0, 252, 3) on light 0
2025-11-25 14:33:40,708 [INFO] Setting color(3, 252, 0) on light 0
2025-11-25 14:33:40,753 [INFO] Setting color(9, 246, 0) on light 0
2025-11-25 14:33:40,798 [INFO] Setting color(15, 240, 0) on light 0
2025-11-25 14:33:40,841 [INFO] Setting color(24, 231, 0) on light 0
2025-11-25 14:33:40,882 [INFO] Setting color(30, 225, 0) on light 0
2025-11-25 14:33:40,926 [INFO] Setting color(36, 219, 0) on light 0
2025-11-25 14:33:40,972 [INFO] Setting color(42, 213, 0) on light 0
2025-11-25 14:33:41,013 [INFO] Setting color(48, 207, 0) on light 0
2025-11-25 14:33:41,059 [INFO] Setting color(57, 198, 0) on light 0
2025-11-25 14:33:41,104 [INFO] Setting color(63, 192, 0) on light 0
2025-11-25 14:33:41,149 [INFO] Setting color(69, 186, 0) on light 0
2025-11-25 14:33:41,194 [INFO] Setting color(78, 177, 0) on light 0
2025-11-25 14:33:41,240 [INFO] Setting color(84, 171, 0) on light 0
2025-11-25 14:33:41,282 [INFO] Setting color(90, 165, 0) on light 0
2025-11-25 14:33:41,326 [INFO] Setting color(96, 159, 0) on light 0
2025-11-25 14:33:41,371 [INFO] Setting color(105, 150, 0) on light 0
2025-11-25 14:33:41,415 [INFO] Setting color(111, 144, 0) on light 0
2025-11-25 14:33:41,457 [INFO] Setting color(117, 138, 0) on light 0
2025-11-25 14:33:41,502 [INFO] Setting color(123, 132, 0) on light 0
2025-11-25 14:33:41,546 [INFO] Setting color(132, 123, 0) on light 0
2025-11-25 14:33:41,590 [INFO] Setting color(138, 117, 0) on light 0
2025-11-25 14:33:41,634 [INFO] Setting color(144, 111, 0) on light 0
2025-11-25 14:33:41,676 [INFO] Setting color(150, 105, 0) on light 0
2025-11-25 14:33:41,722 [INFO] Setting color(159, 96, 0) on light 0
2025-11-25 14:33:41,767 [INFO] Setting color(165, 90, 0) on light 0
2025-11-25 14:33:41,812 [INFO] Setting color(171, 84, 0) on light 0
2025-11-25 14:33:41,856 [INFO] Setting color(177, 78, 0) on light 0
2025-11-25 14:33:41,902 [INFO] Setting color(186, 69, 0) on light 0
2025-11-25 14:33:41,947 [INFO] Setting color(192, 63, 0) on light 0
2025-11-25 14:33:41,993 [INFO] Setting color(198, 57, 0) on light 0
2025-11-25 14:33:42,036 [INFO] Setting color(207, 48, 0) on light 0
2025-11-25 14:33:42,076 [INFO] Setting color(213, 42, 0) on light 0
2025-11-25 14:33:42,118 [INFO] Setting color(219, 36, 0) on light 0
2025-11-25 14:33:42,159 [INFO] Setting color(225, 30, 0) on light 0
2025-11-25 14:33:42,202 [INFO] Setting color(231, 24, 0) on light 0
2025-11-25 14:33:42,247 [INFO] Setting color(237, 18, 0) on light 0
2025-11-25 14:33:42,292 [INFO] Setting color(246, 9, 0) on light 0
2025-11-25 14:33:42,335 [INFO] Setting color(252, 3, 0) on light 0
2025-11-25 14:33:42,381 [INFO] Setting color(252, 0, 3) on light 0
2025-11-25 14:33:42,426 [INFO] Setting color(243, 0, 12) on light 0
2025-11-25 14:33:42,470 [INFO] Setting color(237, 0, 18) on light 0
2025-11-25 14:33:42,515 [INFO] Setting color(231, 0, 24) on light 0
2025-11-25 14:33:42,561 [INFO] Setting color(225, 0, 30) on light 0
2025-11-25 14:33:42,602 [INFO] Setting color(219, 0, 36) on light 0
2025-11-25 14:33:42,644 [INFO] Setting color(210, 0, 45) on light 0
2025-11-25 14:33:42,685 [INFO] Setting color(204, 0, 51) on light 0
2025-11-25 14:33:42,728 [INFO] Setting color(198, 0, 57) on light 0
2025-11-25 14:33:42,771 [INFO] Setting color(192, 0, 63) on light 0
2025-11-25 14:33:42,815 [INFO] Setting color(186, 0, 69) on light 0
2025-11-25 14:33:42,861 [INFO] Setting color(177, 0, 78) on light 0
2025-11-25 14:33:42,906 [INFO] Setting color(171, 0, 84) on light 0
2025-11-25 14:33:42,951 [INFO] Setting color(165, 0, 90) on light 0
2025-11-25 14:33:42,996 [INFO] Setting color(156, 0, 99) on light 0
2025-11-25 14:33:43,037 [INFO] Setting color(150, 0, 105) on light 0
2025-11-25 14:33:43,080 [INFO] Setting color(144, 0, 111) on light 0
2025-11-25 14:33:43,126 [INFO] Setting color(138, 0, 117) on light 0
2025-11-25 14:33:43,171 [INFO] Setting color(132, 0, 123) on light 0
2025-11-25 14:33:43,216 [INFO] Setting color(123, 0, 132) on light 0
2025-11-25 14:33:43,261 [INFO] Setting color(117, 0, 138) on light 0
2025-11-25 14:33:43,301 [INFO] Setting color(111, 0, 144) on light 0
2025-11-25 14:33:43,347 [INFO] Setting color(105, 0, 150) on light 0
2025-11-25 14:33:43,392 [INFO] Setting color(96, 0, 159) on light 0
2025-11-25 14:33:43,438 [INFO] Setting color(90, 0, 165) on light 0
2025-11-25 14:33:43,480 [INFO] Setting color(84, 0, 171) on light 0
2025-11-25 14:33:43,526 [INFO] Setting color(75, 0, 180) on light 0
2025-11-25 14:33:43,568 [INFO] Setting color(69, 0, 186) on light 0
2025-11-25 14:33:43,613 [INFO] Setting color(63, 0, 192) on light 0
2025-11-25 14:33:43,657 [INFO] Setting color(57, 0, 198) on light 0
2025-11-25 14:33:43,700 [INFO] Setting color(51, 0, 204) on light 0
2025-11-25 14:33:43,742 [INFO] Setting color(42, 0, 213) on light 0
2025-11-25 14:33:43,785 [INFO] Setting color(36, 0, 219) on light 0
2025-11-25 14:33:43,826 [INFO] Setting color(30, 0, 225) on light 0
2025-11-25 14:33:43,869 [INFO] Setting color(24, 0, 231) on light 0
2025-11-25 14:33:43,911 [INFO] Setting color(18, 0, 237) on light 0
2025-11-25 14:33:43,957 [INFO] Setting color(9, 0, 246) on light 0
2025-11-25 14:33:44,000 [INFO] Setting color(3, 0, 252) on light 0
2025-11-25 14:33:44,041 [INFO] Setting color(0, 3, 252) on light 0
2025-11-25 14:33:44,084 [INFO] Setting color(0, 9, 246) on light 0
2025-11-25 14:33:44,129 [INFO] Setting color(0, 15, 240) on light 0
2025-11-25 14:33:44,173 [INFO] Setting color(0, 24, 231) on light 0
2025-11-25 14:33:44,219 [INFO] Setting color(0, 30, 225) on light 0
2025-11-25 14:33:44,263 [INFO] Setting color(0, 36, 219) on light 0
2025-11-25 14:33:44,308 [INFO] Setting color(0, 42, 213) on light 0
2025-11-25 14:33:44,351 [INFO] Setting color(0, 51, 204) on light 0
2025-11-25 14:33:44,396 [INFO] Setting color(0, 57, 198) on light 0
2025-11-25 14:33:44,442 [INFO] Setting color(0, 63, 192) on light 0
2025-11-25 14:33:44,484 [INFO] Setting color(0, 69, 186) on light 0
2025-11-25 14:33:44,530 [INFO] Setting color(0, 78, 177) on light 0
2025-11-25 14:33:44,575 [INFO] Setting color(0, 84, 171) on light 0
2025-11-25 14:33:44,621 [INFO] Setting color(0, 90, 165) on light 0
2025-11-25 14:33:44,666 [INFO] Setting color(0, 99, 156) on light 0
2025-11-25 14:33:44,712 [INFO] Setting color(0, 105, 150) on light 0
2025-11-25 14:33:44,757 [INFO] Setting color(0, 111, 144) on light 0
2025-11-25 14:33:44,800 [INFO] Setting color(0, 120, 135) on light 0
2025-11-25 14:33:44,842 [INFO] Setting color(0, 126, 129) on light 0
2025-11-25 14:33:44,891 [INFO] Setting color(0, 132, 123) on light 0
2025-11-25 14:33:44,933 [INFO] Setting color(0, 138, 117) on light 0
2025-11-25 14:33:44,979 [INFO] Setting color(0, 147, 108) on light 0
2025-11-25 14:33:45,020 [INFO] Setting color(0, 153, 102) on light 0
2025-11-25 14:33:45,066 [INFO] Setting color(0, 159, 96) on light 0
2025-11-25 14:33:45,110 [INFO] Setting color(0, 165, 90) on light 0
2025-11-25 14:33:45,155 [INFO] Setting color(0, 174, 81) on light 0
2025-11-25 14:33:45,199 [INFO] Setting color(0, 180, 75) on light 0
2025-11-25 14:33:45,241 [INFO] Setting color(0, 186, 69) on light 0
2025-11-25 14:33:45,282 [INFO] Setting color(0, 192, 63) on light 0
2025-11-25 14:33:45,325 [INFO] Setting color(0, 198, 57) on light 0
2025-11-25 14:33:45,371 [INFO] Setting color(0, 207, 48) on light 0
2025-11-25 14:33:45,412 [INFO] Setting color(0, 213, 42) on light 0
2025-11-25 14:33:45,453 [INFO] Setting color(0, 219, 36) on light 0
2025-11-25 14:33:45,496 [INFO] Setting color(0, 225, 30) on light 0
2025-11-25 14:33:45,538 [INFO] Setting color(0, 231, 24) on light 0
2025-11-25 14:33:45,582 [INFO] Setting color(0, 237, 18) on light 0
2025-11-25 14:33:45,627 [INFO] Setting color(0, 246, 9) on light 0
2025-11-25 14:33:45,673 [INFO] Setting color(0, 252, 3) on light 0
2025-11-25 14:33:45,716 [INFO] Setting color(3, 252, 0) on light 0
2025-11-25 14:33:45,762 [INFO] Setting color(12, 243, 0) on light 0
2025-11-25 14:33:45,807 [INFO] Setting color(18, 237, 0) on light 0
2025-11-25 14:33:45,853 [INFO] Setting color(24, 231, 0) on light 0
2025-11-25 14:33:45,897 [INFO] Setting color(30, 225, 0) on light 0
2025-11-25 14:33:45,942 [INFO] Setting color(39, 216, 0) on light 0
2025-11-25 14:33:45,986 [INFO] Setting color(45, 210, 0) on light 0
2025-11-25 14:33:46,028 [INFO] Setting color(51, 204, 0) on light 0
2025-11-25 14:33:46,071 [INFO] Setting color(57, 198, 0) on light 0
2025-11-25 14:33:46,114 [INFO] Setting color(66, 189, 0) on light 0
2025-11-25 14:33:46,159 [INFO] Setting color(72, 183, 0) on light 0
2025-11-25 14:33:46,200 [INFO] Setting color(78, 177, 0) on light 0
2025-11-25 14:33:46,243 [INFO] Setting color(84, 171, 0) on light 0
2025-11-25 14:33:46,289 [INFO] Setting color(90, 165, 0) on light 0
2025-11-25 14:33:46,334 [INFO] Setting color(99, 156, 0) on light 0
2025-11-25 14:33:46,377 [INFO] Setting color(105, 150, 0) on light 0
2025-11-25 14:33:46,422 [INFO] Setting color(111, 144, 0) on light 0
2025-11-25 14:33:46,468 [INFO] Setting color(120, 135, 0) on light 0
2025-11-25 14:33:46,511 [INFO] Setting color(126, 129, 0) on light 0
2025-11-25 14:33:46,554 [INFO] Setting color(132, 123, 0) on light 0
2025-11-25 14:33:46,600 [INFO] Setting color(138, 117, 0) on light 0
2025-11-25 14:33:46,645 [INFO] Setting color(147, 108, 0) on light 0
2025-11-25 14:33:46,687 [INFO] Setting color(153, 102, 0) on light 0
2025-11-25 14:33:46,732 [INFO] Setting color(159, 96, 0) on light 0
2025-11-25 14:33:46,775 [INFO] Setting color(165, 90, 0) on light 0
2025-11-25 14:33:46,820 [INFO] Setting color(174, 81, 0) on light 0
2025-11-25 14:33:46,862 [INFO] Setting color(180, 75, 0) on light 0
2025-11-25 14:33:46,908 [INFO] Setting color(186, 69, 0) on light 0
2025-11-25 14:33:46,953 [INFO] Setting color(192, 63, 0) on light 0
2025-11-25 14:33:46,997 [INFO] Setting color(201, 54, 0) on light 0
2025-11-25 14:33:47,042 [INFO] Setting color(207, 48, 0) on light 0
2025-11-25 14:33:47,088 [INFO] Setting color(213, 42, 0) on light 0
2025-11-25 14:33:47,134 [INFO] Setting color(222, 33, 0) on light 0
2025-11-25 14:33:47,176 [INFO] Setting color(228, 27, 0) on light 0
2025-11-25 14:33:47,221 [INFO] Setting color(234, 21, 0) on light 0
2025-11-25 14:33:47,264 [INFO] Setting color(240, 15, 0) on light 0
2025-11-25 14:33:47,310 [INFO] Setting color(249, 6, 0) on light 0
2025-11-25 14:33:47,353 [INFO] Setting color(255, 0, 0) on light 0
2025-11-25 14:33:47,399 [INFO] Setting color(249, 0, 6) on light 0
2025-11-25 14:33:47,442 [INFO] Setting color(243, 0, 12) on light 0
2025-11-25 14:33:47,488 [INFO] Setting color(234, 0, 21) on light 0
2025-11-25 14:33:47,534 [INFO] Setting color(228, 0, 27) on light 0
2025-11-25 14:33:47,577 [INFO] Setting color(222, 0, 33) on light 0
2025-11-25 14:33:47,623 [INFO] Setting color(213, 0, 42) on light 0
2025-11-25 14:33:47,666 [INFO] Setting color(207, 0, 48) on light 0
2025-11-25 14:33:47,711 [INFO] Setting color(201, 0, 54) on light 0
2025-11-25 14:33:47,756 [INFO] Setting color(195, 0, 60) on light 0
2025-11-25 14:33:47,802 [INFO] Setting color(186, 0, 69) on light 0
2025-11-25 14:33:47,845 [INFO] Setting color(180, 0, 75) on light 0
2025-11-25 14:33:47,887 [INFO] Setting color(174, 0, 81) on light 0
2025-11-25 14:33:47,931 [INFO] Setting color(168, 0, 87) on light 0
2025-11-25 14:33:47,976 [INFO] Setting color(159, 0, 96) on light 0
2025-11-25 14:33:48,021 [INFO] Setting color(153, 0, 102) on light 0
2025-11-25 14:33:48,063 [INFO] Setting color(147, 0, 108) on light 0
2025-11-25 14:33:48,106 [INFO] Setting color(141, 0, 114) on light 0
2025-11-25 14:33:48,150 [INFO] Setting color(135, 0, 120) on light 0
2025-11-25 14:33:48,195 [INFO] Setting color(126, 0, 129) on light 0
2025-11-25 14:33:48,241 [INFO] Setting color(120, 0, 135) on light 0
2025-11-25 14:33:48,286 [INFO] Setting color(114, 0, 141) on light 0
2025-11-25 14:33:48,331 [INFO] Setting color(105, 0, 150) on light 0
2025-11-25 14:33:48,372 [INFO] Setting color(99, 0, 156) on light 0
2025-11-25 14:33:48,418 [INFO] Setting color(93, 0, 162) on light 0
2025-11-25 14:33:48,463 [INFO] Setting color(87, 0, 168) on light 0
2025-11-25 14:33:48,508 [INFO] Setting color(78, 0, 177) on light 0
2025-11-25 14:33:48,554 [INFO] Setting color(72, 0, 183) on light 0
2025-11-25 14:33:48,600 [INFO] Setting color(66, 0, 189) on light 0
2025-11-25 14:33:48,642 [INFO] Setting color(57, 0, 198) on light 0
2025-11-25 14:33:48,687 [INFO] Setting color(51, 0, 204) on light 0
2025-11-25 14:33:48,731 [INFO] Setting color(45, 0, 210) on light 0
2025-11-25 14:33:48,778 [INFO] Setting color(39, 0, 216) on light 0
2025-11-25 14:33:48,823 [INFO] Setting color(30, 0, 225) on light 0
2025-11-25 14:33:48,868 [INFO] Setting color(24, 0, 231) on light 0
2025-11-25 14:33:48,913 [INFO] Setting color(18, 0, 237) on light 0
2025-11-25 14:33:48,956 [INFO] Setting color(9, 0, 246) on light 0
2025-11-25 14:33:49,001 [INFO] Setting color(3, 0, 252) on light 0
2025-11-25 14:33:49,045 [INFO] Setting color(0, 3, 252) on light 0
2025-11-25 14:33:49,090 [INFO] Setting color(0, 9, 246) on light 0
2025-11-25 14:33:49,133 [INFO] Setting color(0, 18, 237) on light 0
2025-11-25 14:33:49,179 [INFO] Setting color(0, 24, 231) on light 0
2025-11-25 14:33:49,221 [INFO] Setting color(0, 30, 225) on light 0
2025-11-25 14:33:49,266 [INFO] Setting color(0, 36, 219) on light 0
2025-11-25 14:33:49,310 [INFO] Setting color(0, 45, 210) on light 0
2025-11-25 14:33:49,355 [INFO] Setting color(0, 51, 204) on light 0
2025-11-25 14:33:49,400 [INFO] Setting color(0, 57, 198) on light 0
2025-11-25 14:33:49,443 [INFO] Setting color(0, 63, 192) on light 0
2025-11-25 14:33:49,487 [INFO] Setting color(0, 72, 183) on light 0
2025-11-25 14:33:49,531 [INFO] Setting color(0, 78, 177) on light 0
2025-11-25 14:33:49,576 [INFO] Setting color(0, 84, 171) on light 0
2025-11-25 14:33:49,618 [INFO] Setting color(0, 90, 165) on light 0
2025-11-25 14:33:49,661 [INFO] Setting color(0, 96, 159) on light 0
2025-11-25 14:33:49,705 [INFO] Setting color(0, 105, 150) on light 0
2025-11-25 14:33:49,751 [INFO] Setting color(0, 111, 144) on light 0
2025-11-25 14:33:49,796 [INFO] Setting color(0, 117, 138) on light 0
2025-11-25 14:33:49,838 [INFO] Setting color(0, 126, 129) on light 0
2025-11-25 14:33:49,884 [INFO] Setting color(0, 132, 123) on light 0
2025-11-25 14:33:49,926 [INFO] Setting color(0, 138, 117) on light 0
2025-11-25 14:33:49,972 [INFO] Setting color(0, 144, 111) on light 0
2025-11-25 14:33:50,017 [INFO] Setting color(0, 153, 102) on light 0
2025-11-25 14:33:50,063 [INFO] Setting color(0, 159, 96) on light 0
2025-11-25 14:33:50,104 [INFO] Setting color(0, 165, 90) on light 0
2025-11-25 14:33:50,149 [INFO] Setting color(0, 171, 84) on light 0
2025-11-25 14:33:50,191 [INFO] Setting color(0, 177, 78) on light 0
2025-11-25 14:33:50,236 [INFO] Setting color(0, 186, 69) on light 0
2025-11-25 14:33:50,282 [INFO] Setting color(0, 192, 63) on light 0
2025-11-25 14:33:50,327 [INFO] Setting color(0, 198, 57) on light 0
2025-11-25 14:33:50,373 [INFO] Setting color(0, 207, 48) on light 0
2025-11-25 14:33:50,418 [INFO] Setting color(0, 213, 42) on light 0
2025-11-25 14:33:50,463 [INFO] Setting color(0, 219, 36) on light 0
2025-11-25 14:33:50,506 [INFO] Setting color(0, 228, 27) on light 0
2025-11-25 14:33:50,552 [INFO] Setting color(0, 234, 21) on light 0
2025-11-25 14:33:50,598 [INFO] Setting color(0, 240, 15) on light 0
2025-11-25 14:33:50,643 [INFO] Setting color(0, 249, 6) on light 0
2025-11-25 14:33:50,689 [INFO] Setting color(0, 255, 0) on light 0
2025-11-25 14:33:50,730 [INFO] Setting color(6, 249, 0) on light 0
2025-11-25 14:33:50,773 [INFO] Setting color(12, 243, 0) on light 0
2025-11-25 14:33:50,819 [INFO] Setting color(21, 234, 0) on light 0
2025-11-25 14:33:50,862 [INFO] Setting color(27, 228, 0) on light 0
2025-11-25 14:33:50,906 [INFO] Setting color(33, 222, 0) on light 0
2025-11-25 14:33:50,952 [INFO] Setting color(39, 216, 0) on light 0
2025-11-25 14:33:50,998 [INFO] Setting color(48, 207, 0) on light 0
2025-11-25 14:33:51,043 [INFO] Setting color(54, 201, 0) on light 0
2025-11-25 14:33:51,089 [INFO] Setting color(60, 195, 0) on light 0
2025-11-25 14:33:51,133 [INFO] Setting color(69, 186, 0) on light 0
2025-11-25 14:33:51,178 [INFO] Setting color(75, 180, 0) on light 0
2025-11-25 14:33:51,223 [INFO] Setting color(81, 174, 0) on light 0
2025-11-25 14:33:51,267 [INFO] Setting color(87, 168, 0) on light 0
2025-11-25 14:33:51,311 [INFO] Setting color(96, 159, 0) on light 0
2025-11-25 14:33:51,357 [INFO] Setting color(102, 153, 0) on light 0
2025-11-25 14:33:51,398 [INFO] Setting color(108, 147, 0) on light 0
2025-11-25 14:33:51,443 [INFO] Setting color(114, 141, 0) on light 0
2025-11-25 14:33:51,487 [INFO] Setting color(123, 132, 0) on light 0
2025-11-25 14:33:51,530 [INFO] Setting color(129, 126, 0) on light 0
2025-11-25 14:33:51,575 [INFO] Setting color(135, 120, 0) on light 0
2025-11-25 14:33:51,621 [INFO] Setting color(141, 114, 0) on light 0
2025-11-25 14:33:51,664 [INFO] Setting color(150, 105, 0) on light 0
2025-11-25 14:33:51,709 [INFO] Setting color(156, 99, 0) on light 0
2025-11-25 14:33:51,755 [INFO] Setting color(162, 93, 0) on light 0
2025-11-25 14:33:51,799 [INFO] Setting color(168, 87, 0) on light 0
2025-11-25 14:33:51,844 [INFO] Setting color(177, 78, 0) on light 0
2025-11-25 14:33:51,890 [INFO] Setting color(183, 72, 0) on light 0
2025-11-25 14:33:51,933 [INFO] Setting color(189, 66, 0) on light 0
2025-11-25 14:33:51,979 [INFO] Setting color(198, 57, 0) on light 0
2025-11-25 14:33:52,025 [INFO] Setting color(204, 51, 0) on light 0
2025-11-25 14:33:52,067 [INFO] Setting color(210, 45, 0) on light 0
2025-11-25 14:33:52,110 [INFO] Setting color(216, 39, 0) on light 0
2025-11-25 14:33:52,153 [INFO] Setting color(225, 30, 0) on light 0
2025-11-25 14:33:52,198 [INFO] Setting color(231, 24, 0) on light 0
2025-11-25 14:33:52,244 [INFO] Setting color(237, 18, 0) on light 0
2025-11-25 14:33:52,289 [INFO] Setting color(246, 9, 0) on light 0
2025-11-25 14:33:52,335 [INFO] Setting color(252, 3, 0) on light 0
2025-11-25 14:33:52,376 [INFO] Setting color(252, 0, 3) on light 0
2025-11-25 14:33:52,418 [INFO] Setting color(246, 0, 9) on light 0
2025-11-25 14:33:52,461 [INFO] Setting color(240, 0, 15) on light 0
2025-11-25 14:33:52,507 [INFO] Setting color(231, 0, 24) on light 0
2025-11-25 14:33:52,550 [INFO] Setting color(225, 0, 30) on light 0
2025-11-25 14:33:52,596 [INFO] Setting color(219, 0, 36) on light 0
2025-11-25 14:33:52,641 [INFO] Setting color(213, 0, 42) on light 0
2025-11-25 14:33:52,687 [INFO] Setting color(204, 0, 51) on light 0
2025-11-25 14:33:52,728 [INFO] Setting color(198, 0, 57) on light 0
2025-11-25 14:33:52,771 [INFO] Setting color(192, 0, 63) on light 0
2025-11-25 14:33:52,815 [INFO] Setting color(186, 0, 69) on light 0
2025-11-25 14:33:52,857 [INFO] Setting color(180, 0, 75) on light 0
2025-11-25 14:33:52,903 [INFO] Setting color(171, 0, 84) on light 0
2025-11-25 14:33:52,948 [INFO] Setting color(165, 0, 90) on light 0
2025-11-25 14:33:52,991 [INFO] Setting color(159, 0, 96) on light 0
2025-11-25 14:33:53,033 [INFO] Setting color(153, 0, 102) on light 0
2025-11-25 14:33:53,078 [INFO] Setting color(144, 0, 111) on light 0
2025-11-25 14:33:53,122 [INFO] Setting color(138, 0, 117) on light 0
2025-11-25 14:33:53,167 [INFO] Setting color(132, 0, 123) on light 0
2025-11-25 14:33:53,211 [INFO] Setting color(123, 0, 132) on light 0
2025-11-25 14:33:53,253 [INFO] Setting color(117, 0, 138) on light 0
2025-11-25 14:33:53,299 [INFO] Setting color(111, 0, 144) on light 0
2025-11-25 14:33:53,343 [INFO] Setting color(105, 0, 150) on light 0
2025-11-25 14:33:53,385 [INFO] Setting color(99, 0, 156) on light 0
2025-11-25 14:33:53,428 [INFO] Setting color(90, 0, 165) on light 0
2025-11-25 14:33:53,473 [INFO] Setting color(84, 0, 171) on light 0
2025-11-25 14:33:53,516 [INFO] Setting color(78, 0, 177) on light 0
2025-11-25 14:33:53,560 [INFO] Setting color(72, 0, 183) on light 0
2025-11-25 14:33:53,602 [INFO] Setting color(66, 0, 189) on light 0
2025-11-25 14:33:53,643 [INFO] Setting color(57, 0, 198) on light 0
2025-11-25 14:33:53,689 [INFO] Setting color(51, 0, 204) on light 0
2025-11-25 14:33:53,730 [INFO] Setting color(45, 0, 210) on light 0
2025-11-25 14:33:53,776 [INFO] Setting color(39, 0, 216) on light 0
2025-11-25 14:33:53,822 [INFO] Setting color(30, 0, 225) on light 0
2025-11-25 14:33:53,863 [INFO] Setting color(24, 0, 231) on light 0
2025-11-25 14:33:53,906 [INFO] Setting color(18, 0, 237) on light 0
2025-11-25 14:33:53,950 [INFO] Setting color(12, 0, 243) on light 0
2025-11-25 14:33:53,995 [INFO] Setting color(6, 0, 249) on light 0
2025-11-25 14:33:54,040 [INFO] Setting color(0, 3, 252) on light 0
2025-11-25 14:33:54,083 [INFO] Setting color(0, 9, 246) on light 0
2025-11-25 14:33:54,126 [INFO] Setting color(0, 15, 240) on light 0
2025-11-25 14:33:54,170 [INFO] Setting color(0, 21, 234) on light 0
2025-11-25 14:33:54,212 [INFO] Setting color(0, 30, 225) on light 0
2025-11-25 14:33:54,257 [INFO] Setting color(0, 36, 219) on light 0
2025-11-25 14:33:54,298 [INFO] Setting color(0, 42, 213) on light 0
2025-11-25 14:33:54,339 [INFO] Setting color(0, 48, 207) on light 0
2025-11-25 14:33:54,381 [INFO] Setting color(0, 54, 201) on light 0
2025-11-25 14:33:54,423 [INFO] Setting color(0, 60, 195) on light 0
2025-11-25 14:33:54,464 [INFO] Setting color(0, 66, 189) on light 0
2025-11-25 14:33:54,510 [INFO] Setting color(0, 75, 180) on light 0
2025-11-25 14:33:54,551 [INFO] Setting color(0, 81, 174) on light 0
2025-11-25 14:33:54,595 [INFO] Setting color(0, 87, 168) on light 0
2025-11-25 14:33:54,640 [INFO] Setting color(0, 93, 162) on light 0
2025-11-25 14:33:54,685 [INFO] Setting color(0, 102, 153) on light 0
2025-11-25 14:33:54,727 [INFO] Setting color(0, 108, 147) on light 0
2025-11-25 14:33:54,772 [INFO] Setting color(0, 114, 141) on light 0
2025-11-25 14:33:54,817 [INFO] Setting color(0, 120, 135) on light 0
2025-11-25 14:33:54,860 [INFO] Setting color(0, 129, 126) on light 0
2025-11-25 14:33:54,905 [INFO] Setting color(0, 135, 120) on light 0
2025-11-25 14:33:54,951 [INFO] Setting color(0, 141, 114) on light 0
2025-11-25 14:33:54,995 [INFO] Setting color(0, 150, 105) on light 0
2025-11-25 14:33:55,037 [INFO] Setting color(0, 156, 99) on light 0
2025-11-25 14:33:55,082 [INFO] Setting color(0, 162, 93) on light 0
2025-11-25 14:33:55,127 [INFO] Setting color(0, 168, 87) on light 0
2025-11-25 14:33:55,173 [INFO] Setting color(0, 177, 78) on light 0
2025-11-25 14:33:55,217 [INFO] Setting color(0, 183, 72) on light 0
2025-11-25 14:33:55,263 [INFO] Setting color(0, 189, 66) on light 0
2025-11-25 14:33:55,309 [INFO] Setting color(0, 198, 57) on light 0
2025-11-25 14:33:55,354 [INFO] Setting color(0, 204, 51) on light 0
2025-11-25 14:33:55,398 [INFO] Setting color(0, 210, 45) on light 0
2025-11-25 14:33:55,444 [INFO] Setting color(0, 216, 39) on light 0
2025-11-25 14:33:55,485 [INFO] Setting color(0, 222, 33) on light 0
2025-11-25 14:33:55,531 [INFO] Setting color(0, 231, 24) on light 0
2025-11-25 14:33:55,576 [INFO] Setting color(0, 237, 18) on light 0
2025-11-25 14:33:55,620 [INFO] Setting color(0, 243, 12) on light 0
2025-11-25 14:33:55,665 [INFO] Setting color(0, 252, 3) on light 0
2025-11-25 14:33:55,711 [INFO] Setting color(3, 252, 0) on light 0
2025-11-25 14:33:55,757 [INFO] Setting color(9, 246, 0) on light 0
2025-11-25 14:33:55,803 [INFO] Setting color(18, 237, 0) on light 0
2025-11-25 14:33:55,848 [INFO] Setting color(24, 231, 0) on light 0
2025-11-25 14:33:55,889 [INFO] Setting color(30, 225, 0) on light 0
2025-11-25 14:33:55,934 [INFO] Setting color(36, 219, 0) on light 0
2025-11-25 14:33:55,975 [INFO] Setting color(42, 213, 0) on light 0
2025-11-25 14:33:56,017 [INFO] Setting color(51, 204, 0) on light 0
2025-11-25 14:33:56,060 [INFO] Setting color(57, 198, 0) on light 0
2025-11-25 14:33:56,100 [INFO] Setting color(63, 192, 0) on light 0
2025-11-25 14:33:56,144 [INFO] Setting color(69, 186, 0) on light 0
2025-11-25 14:33:56,189 [INFO] Setting color(75, 180, 0) on light 0
2025-11-25 14:33:56,234 [INFO] Setting color(84, 171, 0) on light 0
2025-11-25 14:33:56,280 [INFO] Setting color(90, 165, 0) on light 0
2025-11-25 14:33:56,324 [INFO] Setting color(96, 159, 0) on light 0
2025-11-25 14:33:56,369 [INFO] Setting color(105, 150, 0) on light 0
2025-11-25 14:33:56,410 [INFO] Setting color(111, 144, 0) on light 0
2025-11-25 14:33:56,456 [INFO] Setting color(117, 138, 0) on light 0
2025-11-25 14:33:56,501 [INFO] Setting color(123, 132, 0) on light 0
2025-11-25 14:33:56,546 [INFO] Setting color(132, 123, 0) on light 0
2025-11-25 14:33:56,587 [INFO] Setting color(138, 117, 0) on light 0
2025-11-25 14:33:56,629 [INFO] Setting color(144, 111, 0) on light 0
2025-11-25 14:33:56,673 [INFO] Setting color(150, 105, 0) on light 0
2025-11-25 14:33:56,718 [INFO] Setting color(156, 99, 0) on light 0
2025-11-25 14:33:56,764 [INFO] Setting color(165, 90, 0) on light 0
2025-11-25 14:33:56,810 [INFO] Setting color(171, 84, 0) on light 0
2025-11-25 14:33:56,852 [INFO] Setting color(177, 78, 0) on light 0
2025-11-25 14:33:56,898 [INFO] Setting color(186, 69, 0) on light 0
2025-11-25 14:33:56,940 [INFO] Setting color(192, 63, 0) on light 0
2025-11-25 14:33:56,982 [INFO] Setting color(198, 57, 0) on light 0
2025-11-25 14:33:57,028 [INFO] Setting color(204, 51, 0) on light 0
2025-11-25 14:33:57,073 [INFO] Setting color(210, 45, 0) on light 0
2025-11-25 14:33:57,118 [INFO] Setting color(219, 36, 0) on light 0
2025-11-25 14:33:57,163 [INFO] Setting color(225, 30, 0) on light 0
2025-11-25 14:33:57,208 [INFO] Setting color(231, 24, 0) on light 0
2025-11-25 14:33:57,253 [INFO] Setting color(240, 15, 0) on light 0
2025-11-25 14:33:57,294 [INFO] Setting color(246, 9, 0) on light 0
2025-11-25 14:33:57,340 [INFO] Setting color(252, 3, 0) on light 0
2025-11-25 14:33:57,380 [INFO] Setting color(252, 0, 3) on light 0
2025-11-25 14:33:57,426 [INFO] Setting color(246, 0, 9) on light 0
2025-11-25 14:33:57,471 [INFO] Setting color(237, 0, 18) on light 0
2025-11-25 14:33:57,515 [INFO] Setting color(231, 0, 24) on light 0
2025-11-25 14:33:57,560 [INFO] Setting color(225, 0, 30) on light 0
2025-11-25 14:33:57,602 [INFO] Setting color(219, 0, 36) on light 0
2025-11-25 14:33:57,647 [INFO] Setting color(210, 0, 45) on light 0
2025-11-25 14:33:57,691 [INFO] Setting color(204, 0, 51) on light 0
2025-11-25 14:33:57,736 [INFO] Setting color(198, 0, 57) on light 0
2025-11-25 14:33:57,778 [INFO] Setting color(192, 0, 63) on light 0
2025-11-25 14:33:57,821 [INFO] Setting color(183, 0, 72) on light 0
2025-11-25 14:33:57,862 [INFO] Setting color(177, 0, 78) on light 0
2025-11-25 14:33:57,904 [INFO] Setting color(171, 0, 84) on light 0
2025-11-25 14:33:57,946 [INFO] Setting color(165, 0, 90) on light 0
2025-11-25 14:33:57,990 [INFO] Setting color(159, 0, 96) on light 0
2025-11-25 14:33:58,036 [INFO] Setting color(150, 0, 105) on light 0
2025-11-25 14:33:58,078 [INFO] Setting color(144, 0, 111) on light 0
2025-11-25 14:33:58,120 [INFO] Setting color(138, 0, 117) on light 0
2025-11-25 14:33:58,165 [INFO] Setting color(132, 0, 123) on light 0
2025-11-25 14:33:58,206 [INFO] Setting color(126, 0, 129) on light 0
2025-11-25 14:33:58,251 [INFO] Setting color(117, 0, 138) on light 0
2025-11-25 14:33:58,296 [INFO] Setting color(111, 0, 144) on light 0
2025-11-25 14:33:58,342 [INFO] Setting color(105, 0, 150) on light 0
2025-11-25 14:33:58,386 [INFO] Setting color(99, 0, 156) on light 0
2025-11-25 14:33:58,432 [INFO] Setting color(90, 0, 165) on light 0
2025-11-25 14:33:58,474 [INFO] Setting color(84, 0, 171) on light 0
2025-11-25 14:33:58,520 [INFO] Setting color(78, 0, 177) on light 0
2025-11-25 14:33:58,561 [INFO] Setting color(72, 0, 183) on light 0
2025-11-25 14:33:58,606 [INFO] Setting color(63, 0, 192) on light 0
2025-11-25 14:33:58,652 [INFO] Setting color(57, 0, 198) on light 0
2025-11-25 14:33:58,696 [INFO] Setting color(51, 0, 204) on light 0
2025-11-25 14:33:58,738 [INFO] Setting color(45, 0, 210) on light 0
2025-11-25 14:33:58,782 [INFO] Setting color(36, 0, 219) on light 0
2025-11-25 14:33:58,826 [INFO] Setting color(30, 0, 225) on light 0
2025-11-25 14:33:58,871 [INFO] Setting color(24, 0, 231) on light 0
2025-11-25 14:33:58,917 [INFO] Setting color(15, 0, 240) on light 0
2025-11-25 14:33:58,961 [INFO] Setting color(9, 0, 246) on light 0
2025-11-25 14:33:59,005 [INFO] Setting color(3, 0, 252) on light 0
2025-11-25 14:33:59,051 [INFO] Setting color(0, 3, 252) on light 0
2025-11-25 14:33:59,094 [INFO] Setting color(0, 12, 243) on light 0
2025-11-25 14:33:59,140 [INFO] Setting color(0, 18, 237) on light 0
2025-11-25 14:33:59,184 [INFO] Setting color(0, 24, 231) on light 0
2025-11-25 14:33:59,229 [INFO] Setting color(0, 30, 225) on light 0
2025-11-25 14:33:59,271 [INFO] Setting color(0, 39, 216) on light 0
2025-11-25 14:33:59,317 [INFO] Setting color(0, 45, 210) on light 0
2025-11-25 14:33:59,363 [INFO] Setting color(0, 51, 204) on light 0
2025-11-25 14:33:59,406 [INFO] Setting color(0, 57, 198) on light 0
2025-11-25 14:33:59,451 [INFO] Setting color(0, 66, 189) on light 0
2025-11-25 14:33:59,494 [INFO] Setting color(0, 72, 183) on light 0
2025-11-25 14:33:59,538 [INFO] Setting color(0, 78, 177) on light 0
2025-11-25 14:33:59,581 [INFO] Setting color(0, 84, 171) on light 0
2025-11-25 14:33:59,627 [INFO] Setting color(0, 93, 162) on light 0
2025-11-25 14:33:59,673 [INFO] Setting color(0, 99, 156) on light 0
2025-11-25 14:33:59,713 [INFO] Setting color(0, 105, 150) on light 0
2025-11-25 14:33:59,759 [INFO] Setting color(0, 111, 144) on light 0
2025-11-25 14:33:59,805 [INFO] Setting color(0, 120, 135) on light 0
2025-11-25 14:33:59,851 [INFO] Setting color(0, 126, 129) on light 0
2025-11-25 14:33:59,893 [INFO] Setting color(0, 132, 123) on light 0
2025-11-25 14:33:59,934 [INFO] Setting color(0, 138, 117) on light 0
2025-11-25 14:33:59,978 [INFO] Setting color(0, 147, 108) on light 0
2025-11-25 14:34:00,020 [INFO] Setting color(0, 153, 102) on light 0
2025-11-25 14:34:00,065 [INFO] Setting color(0, 159, 96) on light 0
2025-11-25 14:34:00,111 [INFO] Setting color(0, 165, 90) on light 0
2025-11-25 14:34:00,157 [INFO] Setting color(0, 174, 81) on light 0
2025-11-25 14:34:00,202 [INFO] Setting color(0, 180, 75) on light 0
2025-11-25 14:34:00,246 [INFO] Setting color(0, 186, 69) on light 0
2025-11-25 14:34:00,289 [INFO] Setting color(0, 195, 60) on light 0
2025-11-25 14:34:00,334 [INFO] Setting color(0, 201, 54) on light 0
2025-11-25 14:34:00,380 [INFO] Setting color(0, 207, 48) on light 0
2025-11-25 14:34:00,423 [INFO] Setting color(0, 213, 42) on light 0
2025-11-25 14:34:00,468 [INFO] Setting color(0, 222, 33) on light 0
2025-11-25 14:34:00,509 [INFO] Setting color(0, 228, 27) on light 0
2025-11-25 14:34:00,550 [INFO] Setting color(0, 234, 21) on light 0
2025-11-25 14:34:00,594 [INFO] Setting color(0, 240, 15) on light 0
2025-11-25 14:34:00,640 [INFO] Setting color(0, 246, 9) on light 0
2025-11-25 14:34:00,684 [INFO] Setting color(0, 255, 0) on light 0
2025-11-25 14:34:00,729 [INFO] Setting color(6, 249, 0) on light 0
2025-11-25 14:34:00,773 [INFO] Setting color(12, 243, 0) on light 0
2025-11-25 14:34:00,817 [INFO] Setting color(18, 237, 0) on light 0
2025-11-25 14:34:00,861 [INFO] Setting color(27, 228, 0) on light 0
2025-11-25 14:34:00,904 [INFO] Setting color(33, 222, 0) on light 0
2025-11-25 14:34:00,949 [INFO] Setting color(39, 216, 0) on light 0
2025-11-25 14:34:00,995 [INFO] Setting color(45, 210, 0) on light 0
2025-11-25 14:34:01,040 [INFO] Setting color(54, 201, 0) on light 0
2025-11-25 14:34:01,084 [INFO] Setting color(60, 195, 0) on light 0
2025-11-25 14:34:01,128 [INFO] Setting color(66, 189, 0) on light 0
2025-11-25 14:34:01,172 [INFO] Setting color(75, 180, 0) on light 0
2025-11-25 14:34:01,217 [INFO] Setting color(81, 174, 0) on light 0
2025-11-25 14:34:01,260 [INFO] Setting color(87, 168, 0) on light 0
2025-11-25 14:34:01,305 [INFO] Setting color(93, 162, 0) on light 0
2025-11-25 14:34:01,350 [INFO] Setting color(102, 153, 0) on light 0
2025-11-25 14:34:01,395 [INFO] Setting color(108, 147, 0) on light 0
2025-11-25 14:34:01,437 [INFO] Setting color(114, 141, 0) on light 0
2025-11-25 14:34:01,481 [INFO] Setting color(120, 135, 0) on light 0
2025-11-25 14:34:01,527 [INFO] Setting color(129, 126, 0) on light 0
2025-11-25 14:34:01,572 [INFO] Setting color(135, 120, 0) on light 0
2025-11-25 14:34:01,617 [INFO] Setting color(141, 114, 0) on light 0
2025-11-25 14:34:01,661 [INFO] Setting color(147, 108, 0) on light 0
2025-11-25 14:34:01,704 [INFO] Setting color(156, 99, 0) on light 0
2025-11-25 14:34:01,747 [INFO] Setting color(162, 93, 0) on light 0
2025-11-25 14:34:01,788 [INFO] Setting color(168, 87, 0) on light 0
2025-11-25 14:34:01,833 [INFO] Setting color(174, 81, 0) on light 0
2025-11-25 14:34:01,875 [INFO] Setting color(180, 75, 0) on light 0
2025-11-25 14:34:01,917 [INFO] Setting color(189, 66, 0) on light 0
2025-11-25 14:34:01,963 [INFO] Setting color(195, 60, 0) on light 0
2025-11-25 14:34:02,006 [INFO] Setting color(201, 54, 0) on light 0
2025-11-25 14:34:02,048 [INFO] Setting color(207, 48, 0) on light 0
2025-11-25 14:34:02,093 [INFO] Setting color(216, 39, 0) on light 0
2025-11-25 14:34:02,139 [INFO] Setting color(222, 33, 0) on light 0
2025-11-25 14:34:02,184 [INFO] Setting color(228, 27, 0) on light 0
2025-11-25 14:34:02,230 [INFO] Setting color(234, 21, 0) on light 0
2025-11-25 14:34:02,275 [INFO] Setting color(243, 12, 0) on light 0
2025-11-25 14:34:02,317 [INFO] Setting color(249, 6, 0) on light 0
2025-11-25 14:34:02,359 [INFO] Setting color(255, 0, 0) on light 0
2025-11-25 14:34:02,401 [INFO] Setting color(249, 0, 6) on light 0
2025-11-25 14:34:02,446 [INFO] Setting color(240, 0, 15) on light 0
2025-11-25 14:34:02,490 [INFO] Setting color(234, 0, 21) on light 0
2025-11-25 14:34:02,533 [INFO] Setting color(228, 0, 27) on light 0
2025-11-25 14:34:02,575 [INFO] Setting color(222, 0, 33) on light 0
2025-11-25 14:34:02,617 [INFO] Setting color(216, 0, 39) on light 0
2025-11-25 14:34:02,663 [INFO] Setting color(207, 0, 48) on light 0
2025-11-25 14:34:02,706 [INFO] Setting color(201, 0, 54) on light 0
2025-11-25 14:34:02,752 [INFO] Setting color(195, 0, 60) on light 0
2025-11-25 14:34:02,793 [INFO] Setting color(189, 0, 66) on light 0
2025-11-25 14:34:02,836 [INFO] Setting color(183, 0, 72) on light 0
2025-11-25 14:34:02,879 [INFO] Setting color(174, 0, 81) on light 0
2025-11-25 14:34:02,925 [INFO] Setting color(168, 0, 87) on light 0
2025-11-25 14:34:02,967 [INFO] Setting color(162, 0, 93) on light 0
2025-11-25 14:34:03,009 [INFO] Setting color(156, 0, 99) on light 0
2025-11-25 14:34:03,052 [INFO] Setting color(150, 0, 105) on light 0
2025-11-25 14:34:03,093 [INFO] Setting color(144, 0, 111) on light 0
2025-11-25 14:34:03,135 [INFO] Setting color(135, 0, 120) on light 0
2025-11-25 14:34:03,178 [INFO] Setting color(129, 0, 126) on light 0
2025-11-25 14:34:03,220 [INFO] Setting color(123, 0, 132) on light 0
2025-11-25 14:34:03,264 [INFO] Setting color(117, 0, 138) on light 0
2025-11-25 14:34:03,310 [INFO] Setting color(108, 0, 147) on light 0
2025-11-25 14:34:03,354 [INFO] Setting color(102, 0, 153) on light 0
2025-11-25 14:34:03,395 [INFO] Setting color(96, 0, 159) on light 0
2025-11-25 14:34:03,441 [INFO] Setting color(90, 0, 165) on light 0
2025-11-25 14:34:03,486 [INFO] Setting color(81, 0, 174) on light 0
2025-11-25 14:34:03,528 [INFO] Setting color(75, 0, 180) on light 0
2025-11-25 14:34:03,571 [INFO] Setting color(69, 0, 186) on light 0
2025-11-25 14:34:03,617 [INFO] Setting color(63, 0, 192) on light 0
2025-11-25 14:34:03,662 [INFO] Setting color(57, 0, 198) on light 0
2025-11-25 14:34:03,704 [INFO] Setting color(48, 0, 207) on light 0
2025-11-25 14:34:03,750 [INFO] Setting color(42, 0, 213) on light 0
2025-11-25 14:34:03,796 [INFO] Setting color(36, 0, 219) on light 0
2025-11-25 14:34:03,836 [INFO] Setting color(30, 0, 225) on light 0
2025-11-25 14:34:03,879 [INFO] Setting color(21, 0, 234) on light 0
2025-11-25 14:34:03,923 [INFO] Setting color(15, 0, 240) on light 0
2025-11-25 14:34:03,967 [INFO] Setting color(9, 0, 246) on light 0
2025-11-25 14:34:04,013 [INFO] Setting color(3, 0, 252) on light 0
2025-11-25 14:34:04,058 [INFO] Setting color(0, 6, 249) on light 0
2025-11-25 14:34:04,101 [INFO] Setting color(0, 12, 243) on light 0
2025-11-25 14:34:04,146 [INFO] Setting color(0, 18, 237) on light 0
2025-11-25 14:34:04,188 [INFO] Setting color(0, 24, 231) on light 0
2025-11-25 14:34:04,233 [INFO] Setting color(0, 33, 222) on light 0
2025-11-25 14:34:04,275 [INFO] Setting color(0, 39, 216) on light 0
2025-11-25 14:34:04,320 [INFO] Setting color(0, 45, 210) on light 0
2025-11-25 14:34:04,365 [INFO] Setting color(0, 51, 204) on light 0
2025-11-25 14:34:04,410 [INFO] Setting color(0, 60, 195) on light 0
2025-11-25 14:34:04,454 [INFO] Setting color(0, 66, 189) on light 0
2025-11-25 14:34:04,499 [INFO] Setting color(0, 72, 183) on light 0
2025-11-25 14:34:04,540 [INFO] Setting color(0, 78, 177) on light 0
2025-11-25 14:34:04,586 [INFO] Setting color(0, 87, 168) on light 0
2025-11-25 14:34:04,631 [INFO] Setting color(0, 93, 162) on light 0
2025-11-25 14:34:04,676 [INFO] Setting color(0, 99, 156) on light 0
2025-11-25 14:34:04,721 [INFO] Setting color(0, 108, 147) on light 0
2025-11-25 14:34:04,766 [INFO] Setting color(0, 114, 141) on light 0
2025-11-25 14:34:04,811 [INFO] Setting color(0, 120, 135) on light 0
2025-11-25 14:34:04,857 [INFO] Setting color(0, 126, 129) on light 0
2025-11-25 14:34:04,899 [INFO] Setting color(0, 135, 120) on light 0
2025-11-25 14:34:04,944 [INFO] Setting color(0, 141, 114) on light 0
2025-11-25 14:34:04,990 [INFO] Setting color(0, 147, 108) on light 0
2025-11-25 14:34:05,034 [INFO] Setting color(0, 153, 102) on light 0
2025-11-25 14:34:05,078 [INFO] Setting color(0, 162, 93) on light 0
2025-11-25 14:34:05,124 [INFO] Setting color(0, 168, 87) on light 0
2025-11-25 14:34:05,167 [INFO] Setting color(0, 174, 81) on light 0
2025-11-25 14:34:05,211 [INFO] Setting color(0, 183, 72) on light 0
2025-11-25 14:34:05,252 [INFO] Setting color(0, 189, 66) on light 0
2025-11-25 14:34:05,297 [INFO] Setting color(0, 195, 60) on light 0
2025-11-25 14:34:05,338 [INFO] Setting color(0, 201, 54) on light 0
2025-11-25 14:34:05,382 [INFO] Setting color(0, 207, 48) on light 0
2025-11-25 14:34:05,427 [INFO] Setting color(0, 216, 39) on light 0
2025-11-25 14:34:05,467 [INFO] Setting color(0, 222, 33) on light 0
2025-11-25 14:34:05,513 [INFO] Setting color(0, 228, 27) on light 0
2025-11-25 14:34:05,559 [INFO] Setting color(0, 234, 21) on light 0
2025-11-25 14:34:05,602 [INFO] Setting color(0, 240, 15) on light 0
2025-11-25 14:34:05,644 [INFO] Setting color(0, 249, 6) on light 0
2025-11-25 14:34:05,690 [INFO] Setting color(0, 255, 0) on light 0
2025-11-25 14:34:05,731 [INFO] Setting color(6, 249, 0) on light 0
2025-11-25 14:34:05,775 [INFO] Setting color(12, 243, 0) on light 0
2025-11-25 14:34:05,820 [INFO] Setting color(21, 234, 0) on light 0
2025-11-25 14:34:05,864 [INFO] Setting color(27, 228, 0) on light 0
2025-11-25 14:34:05,910 [INFO] Setting color(33, 222, 0) on light 0
2025-11-25 14:34:05,951 [INFO] Setting color(39, 216, 0) on light 0
2025-11-25 14:34:05,997 [INFO] Setting color(48, 207, 0) on light 0
2025-11-25 14:34:06,039 [INFO] Setting color(54, 201, 0) on light 0
2025-11-25 14:34:06,085 [INFO] Setting color(60, 195, 0) on light 0
2025-11-25 14:34:06,126 [INFO] Setting color(66, 189, 0) on light 0
2025-11-25 14:34:06,167 [INFO] Setting color(72, 183, 0) on light 0
2025-11-25 14:34:06,211 [INFO] Setting color(81, 174, 0) on light 0
2025-11-25 14:34:06,254 [INFO] Setting color(87, 168, 0) on light 0
2025-11-25 14:34:06,300 [INFO] Setting color(93, 162, 0) on light 0
2025-11-25 14:34:06,345 [INFO] Setting color(99, 156, 0) on light 0
2025-11-25 14:34:06,390 [INFO] Setting color(108, 147, 0) on light 0
2025-11-25 14:34:06,434 [INFO] Setting color(114, 141, 0) on light 0
2025-11-25 14:34:06,479 [INFO] Setting color(120, 135, 0) on light 0
2025-11-25 14:34:06,524 [INFO] Setting color(126, 129, 0) on light 0
2025-11-25 14:34:06,568 [INFO] Setting color(135, 120, 0) on light 0
2025-11-25 14:34:06,609 [INFO] Setting color(141, 114, 0) on light 0
2025-11-25 14:34:06,651 [INFO] Setting color(147, 108, 0) on light 0
2025-11-25 14:34:06,696 [INFO] Setting color(153, 102, 0) on light 0
2025-11-25 14:34:06,742 [INFO] Setting color(162, 93, 0) on light 0
2025-11-25 14:34:06,784 [INFO] Setting color(168, 87, 0) on light 0
2025-11-25 14:34:06,829 [INFO] Setting color(174, 81, 0) on light 0
2025-11-25 14:34:06,871 [INFO] Setting color(180, 75, 0) on light 0
2025-11-25 14:34:06,916 [INFO] Setting color(186, 69, 0) on light 0
2025-11-25 14:34:06,961 [INFO] Setting color(195, 60, 0) on light 0
2025-11-25 14:34:07,006 [INFO] Setting color(201, 54, 0) on light 0
2025-11-25 14:34:07,050 [INFO] Setting color(207, 48, 0) on light 0
2025-11-25 14:34:07,096 [INFO] Setting color(216, 39, 0) on light 0
2025-11-25 14:34:07,141 [INFO] Setting color(222, 33, 0) on light 0
2025-11-25 14:34:07,186 [INFO] Setting color(228, 27, 0) on light 0
2025-11-25 14:34:07,231 [INFO] Setting color(237, 18, 0) on light 0
2025-11-25 14:34:07,277 [INFO] Setting color(243, 12, 0) on light 0
2025-11-25 14:34:07,321 [INFO] Setting color(249, 6, 0) on light 0
2025-11-25 14:34:07,365 [INFO] Setting color(255, 0, 0) on light 0
2025-11-25 14:34:07,406 [INFO] Setting color(249, 0, 6) on light 0
2025-11-25 14:34:07,447 [INFO] Setting color(240, 0, 15) on light 0
2025-11-25 14:34:07,492 [INFO] Setting color(234, 0, 21) on light 0
2025-11-25 14:34:07,534 [INFO] Setting color(228, 0, 27) on light 0
2025-11-25 14:34:07,579 [INFO] Setting color(222, 0, 33) on light 0
2025-11-25 14:34:07,624 [INFO] Setting color(213, 0, 42) on light 0
2025-11-25 14:34:07,667 [INFO] Setting color(207, 0, 48) on light 0
2025-11-25 14:34:07,710 [INFO] Setting color(201, 0, 54) on light 0
2025-11-25 14:34:07,753 [INFO] Setting color(195, 0, 60) on light 0
2025-11-25 14:34:07,798 [INFO] Setting color(189, 0, 66) on light 0
2025-11-25 14:34:07,844 [INFO] Setting color(180, 0, 75) on light 0
2025-11-25 14:34:07,889 [INFO] Setting color(174, 0, 81) on light 0
2025-11-25 14:34:07,935 [INFO] Setting color(168, 0, 87) on light 0
2025-11-25 14:34:07,978 [INFO] Setting color(159, 0, 96) on light 0
2025-11-25 14:34:08,023 [INFO] Setting color(153, 0, 102) on light 0
2025-11-25 14:34:08,068 [INFO] Setting color(147, 0, 108) on light 0
2025-11-25 14:34:08,111 [INFO] Setting color(141, 0, 114) on light 0
2025-11-25 14:34:08,157 [INFO] Setting color(132, 0, 123) on light 0
2025-11-25 14:34:08,203 [INFO] Setting color(126, 0, 129) on light 0
2025-11-25 14:34:08,248 [INFO] Setting color(120, 0, 135) on light 0
2025-11-25 14:34:08,292 [INFO] Setting color(111, 0, 144) on light 0
2025-11-25 14:34:08,338 [INFO] Setting color(105, 0, 150) on light 0
2025-11-25 14:34:08,379 [INFO] Setting color(99, 0, 156) on light 0
2025-11-25 14:34:08,423 [INFO] Setting color(93, 0, 162) on light 0
2025-11-25 14:34:08,468 [INFO] Setting color(84, 0, 171) on light 0
2025-11-25 14:34:08,511 [INFO] Setting color(78, 0, 177) on light 0
2025-11-25 14:34:08,557 [INFO] Setting color(72, 0, 183) on light 0
2025-11-25 14:34:08,603 [INFO] Setting color(66, 0, 189) on light 0
2025-11-25 14:34:08,645 [INFO] Setting color(57, 0, 198) on light 0
2025-11-25 14:34:08,690 [INFO] Setting color(51, 0, 204) on light 0
2025-11-25 14:34:08,735 [INFO] Setting color(45, 0, 210) on light 0
2025-11-25 14:34:08,778 [INFO] Setting color(39, 0, 216) on light 0
2025-11-25 14:34:08,823 [INFO] Setting color(30, 0, 225) on light 0
2025-11-25 14:34:08,864 [INFO] Setting color(24, 0, 231) on light 0
2025-11-25 14:34:08,909 [INFO] Setting color(18, 0, 237) on light 0
2025-11-25 14:34:08,951 [INFO] Setting color(12, 0, 243) on light 0
2025-11-25 14:34:08,996 [INFO] Setting color(3, 0, 252) on light 0
2025-11-25 14:34:09,040 [INFO] Setting color(0, 3, 252) on light 0
2025-11-25 14:34:09,082 [INFO] Setting color(0, 9, 246) on light 0
2025-11-25 14:34:09,126 [INFO] Setting color(0, 15, 240) on light 0
2025-11-25 14:34:09,171 [INFO] Setting color(0, 21, 234) on light 0
2025-11-25 14:34:09,213 [INFO] Setting color(0, 30, 225) on light 0
2025-11-25 14:34:09,257 [INFO] Setting color(0, 36, 219) on light 0
2025-11-25 14:34:09,300 [INFO] Setting color(0, 42, 213) on light 0
2025-11-25 14:34:09,346 [INFO] Setting color(0, 48, 207) on light 0
2025-11-25 14:34:09,391 [INFO] Setting color(0, 57, 198) on light 0
2025-11-25 14:34:09,435 [INFO] Setting color(0, 63, 192) on light 0
2025-11-25 14:34:09,476 [INFO] Setting color(0, 69, 186) on light 0
2025-11-25 14:34:09,522 [INFO] Setting color(0, 75, 180) on light 0
2025-11-25 14:34:09,565 [INFO] Setting color(0, 84, 171) on light 0
2025-11-25 14:34:09,611 [INFO] Setting color(0, 90, 165) on light 0
2025-11-25 14:34:09,652 [INFO] Setting color(0, 96, 159) on light 0
2025-11-25 14:34:09,697 [INFO] Setting color(0, 102, 153) on light 0
2025-11-25 14:34:09,742 [INFO] Setting color(0, 111, 144) on light 0
2025-11-25 14:34:09,783 [INFO] Setting color(0, 117, 138) on light 0
2025-11-25 14:34:09,828 [INFO] Setting color(0, 123, 132) on light 0
2025-11-25 14:34:09,873 [INFO] Setting color(0, 129, 126) on light 0
2025-11-25 14:34:09,919 [INFO] Setting color(0, 138, 117) on light 0
2025-11-25 14:34:09,965 [INFO] Setting color(0, 144, 111) on light 0
2025-11-25 14:34:10,006 [INFO] Setting color(0, 150, 105) on light 0
2025-11-25 14:34:10,047 [INFO] Setting color(0, 156, 99) on light 0
2025-11-25 14:34:10,090 [INFO] Setting color(0, 162, 93) on light 0
2025-11-25 14:34:10,134 [INFO] Setting color(0, 171, 84) on light 0
2025-11-25 14:34:10,176 [INFO] Setting color(0, 177, 78) on light 0
2025-11-25 14:34:10,221 [INFO] Setting color(0, 183, 72) on light 0
2025-11-25 14:34:10,265 [INFO] Setting color(0, 189, 66) on light 0
2025-11-25 14:34:10,309 [INFO] Setting color(0, 198, 57) on light 0
2025-11-25 14:34:10,353 [INFO] Setting color(0, 204, 51) on light 0
2025-11-25 14:34:10,396 [INFO] Setting color(0, 210, 45) on light 0
2025-11-25 14:34:10,442 [INFO] Setting color(0, 216, 39) on light 0
2025-11-25 14:34:10,484 [INFO] Setting color(0, 222, 33) on light 0
2025-11-25 14:34:10,527 [INFO] Setting color(0, 231, 24) on light 0
2025-11-25 14:34:10,570 [INFO] Setting color(0, 237, 18) on light 0
2025-11-25 14:34:10,616 [INFO] Setting color(0, 243, 12) on light 0
2025-11-25 14:34:10,658 [INFO] Setting color(0, 249, 6) on light 0
2025-11-25 14:34:10,701 [INFO] Setting color(3, 252, 0) on light 0
2025-11-25 14:34:10,744 [INFO] Setting color(9, 246, 0) on light 0
2025-11-25 14:34:10,789 [INFO] Setting color(15, 240, 0) on light 0
2025-11-25 14:34:10,835 [INFO] Setting color(21, 234, 0) on light 0
2025-11-25 14:34:10,881 [INFO] Setting color(30, 225, 0) on light 0
2025-11-25 14:34:10,922 [INFO] Setting color(36, 219, 0) on light 0
2025-11-25 14:34:10,967 [INFO] Setting color(42, 213, 0) on light 0
2025-11-25 14:34:11,011 [INFO] Setting color(48, 207, 0) on light 0
2025-11-25 14:34:11,054 [INFO] Setting color(57, 198, 0) on light 0
2025-11-25 14:34:11,099 [INFO] Setting color(63, 192, 0) on light 0
2025-11-25 14:34:11,144 [INFO] Setting color(69, 186, 0) on light 0
2025-11-25 14:34:11,190 [INFO] Setting color(75, 180, 0) on light 0
2025-11-25 14:34:11,233 [INFO] Setting color(84, 171, 0) on light 0
2025-11-25 14:34:11,277 [INFO] Setting color(90, 165, 0) on light 0
2025-11-25 14:34:11,323 [INFO] Setting color(96, 159, 0) on light 0
2025-11-25 14:34:11,369 [INFO] Setting color(105, 150, 0) on light 0
2025-11-25 14:34:11,411 [INFO] Setting color(111, 144, 0) on light 0
2025-11-25 14:34:11,457 [INFO] Setting color(117, 138, 0) on light 0
2025-11-25 14:34:11,501 [INFO] Setting color(123, 132, 0) on light 0
2025-11-25 14:34:11,546 [INFO] Setting color(132, 123, 0) on light 0
2025-11-25 14:34:11,591 [INFO] Setting color(138, 117, 0) on light 0
2025-11-25 14:34:11,633 [INFO] Setting color(144, 111, 0) on light 0
2025-11-25 14:34:11,675 [INFO] Setting color(150, 105, 0) on light 0
2025-11-25 14:34:11,719 [INFO] Setting color(156, 99, 0) on light 0
2025-11-25 14:34:11,764 [INFO] Setting color(165, 90, 0) on light 0
2025-11-25 14:34:11,810 [INFO] Setting color(171, 84, 0) on light 0
2025-11-25 14:34:11,855 [INFO] Setting color(177, 78, 0) on light 0
2025-11-25 14:34:11,900 [INFO] Setting color(186, 69, 0) on light 0
2025-11-25 14:34:11,946 [INFO] Setting color(192, 63, 0) on light 0
2025-11-25 14:34:11,990 [INFO] Setting color(198, 57, 0) on light 0
2025-11-25 14:34:12,034 [INFO] Setting color(204, 51, 0) on light 0
2025-11-25 14:34:12,078 [INFO] Setting color(213, 42, 0) on light 0
2025-11-25 14:34:12,119 [INFO] Setting color(219, 36, 0) on light 0
2025-11-25 14:34:12,164 [INFO] Setting color(225, 30, 0) on light 0
2025-11-25 14:34:12,208 [INFO] Setting color(231, 24, 0) on light 0
2025-11-25 14:34:12,253 [INFO] Setting color(240, 15, 0) on light 0
2025-11-25 14:34:12,294 [INFO] Setting color(246, 9, 0) on light 0
2025-11-25 14:34:12,338 [INFO] Setting color(252, 3, 0) on light 0
2025-11-25 14:34:12,381 [INFO] Setting color(252, 0, 3) on light 0
2025-11-25 14:34:12,427 [INFO] Setting color(243, 0, 12) on light 0
2025-11-25 14:34:12,473 [INFO] Setting color(237, 0, 18) on light 0
2025-11-25 14:34:12,514 [INFO] Setting color(231, 0, 24) on light 0
2025-11-25 14:34:12,557 [INFO] Setting color(225, 0, 30) on light 0
2025-11-25 14:34:12,601 [INFO] Setting color(219, 0, 36) on light 0
2025-11-25 14:34:12,643 [INFO] Setting color(210, 0, 45) on light 0
2025-11-25 14:34:12,684 [INFO] Setting color(204, 0, 51) on light 0
2025-11-25 14:34:12,730 [INFO] Setting color(198, 0, 57) on light 0
2025-11-25 14:34:12,771 [INFO] Setting color(192, 0, 63) on light 0
2025-11-25 14:34:12,817 [INFO] Setting color(186, 0, 69) on light 0
2025-11-25 14:34:12,860 [INFO] Setting color(177, 0, 78) on light 0
2025-11-25 14:34:12,902 [INFO] Setting color(171, 0, 84) on light 0
2025-11-25 14:34:12,948 [INFO] Setting color(165, 0, 90) on light 0
2025-11-25 14:34:12,989 [INFO] Setting color(159, 0, 96) on light 0
2025-11-25 14:34:13,034 [INFO] Setting color(153, 0, 102) on light 0
2025-11-25 14:34:13,078 [INFO] Setting color(144, 0, 111) on light 0
2025-11-25 14:34:13,120 [INFO] Setting color(138, 0, 117) on light 0
2025-11-25 14:34:13,165 [INFO] Setting color(132, 0, 123) on light 0
2025-11-25 14:34:13,209 [INFO] Setting color(126, 0, 129) on light 0
2025-11-25 14:34:13,251 [INFO] Setting color(117, 0, 138) on light 0
2025-11-25 14:34:13,297 [INFO] Setting color(111, 0, 144) on light 0
2025-11-25 14:34:13,341 [INFO] Setting color(105, 0, 150) on light 0
2025-11-25 14:34:13,385 [INFO] Setting color(99, 0, 156) on light 0
2025-11-25 14:34:13,427 [INFO] Setting color(90, 0, 165) on light 0
2025-11-25 14:34:13,472 [INFO] Setting color(84, 0, 171) on light 0
2025-11-25 14:34:13,518 [INFO] Setting color(78, 0, 177) on light 0
2025-11-25 14:34:13,563 [INFO] Setting color(72, 0, 183) on light 0
2025-11-25 14:34:13,608 [INFO] Setting color(63, 0, 192) on light 0
2025-11-25 14:34:13,650 [INFO] Setting color(57, 0, 198) on light 0
2025-11-25 14:34:13,692 [INFO] Setting color(51, 0, 204) on light 0
2025-11-25 14:34:13,733 [INFO] Setting color(45, 0, 210) on light 0
2025-11-25 14:34:13,779 [INFO] Setting color(39, 0, 216) on light 0
2025-11-25 14:34:13,825 [INFO] Setting color(30, 0, 225) on light 0
2025-11-25 14:34:13,867 [INFO] Setting color(24, 0, 231) on light 0
2025-11-25 14:34:13,912 [INFO] Setting color(18, 0, 237) on light 0
2025-11-25 14:34:13,958 [INFO] Setting color(9, 0, 246) on light 0
2025-11-25 14:34:14,004 [INFO] Setting color(3, 0, 252) on light 0
2025-11-25 14:34:14,049 [INFO] Setting color(0, 3, 252) on light 0
2025-11-25 14:34:14,092 [INFO] Setting color(0, 9, 246) on light 0
2025-11-25 14:34:14,134 [INFO] Setting color(0, 18, 237) on light 0
2025-11-25 14:34:14,180 [INFO] Setting color(0, 24, 231) on light 0
2025-11-25 14:34:14,223 [INFO] Setting color(0, 30, 225) on light 0
2025-11-25 14:34:14,269 [INFO] Setting color(0, 36, 219) on light 0
2025-11-25 14:34:14,314 [INFO] Setting color(0, 45, 210) on light 0
2025-11-25 14:34:14,357 [INFO] Setting color(0, 51, 204) on light 0
2025-11-25 14:34:14,402 [INFO] Setting color(0, 57, 198) on light 0
2025-11-25 14:34:14,448 [INFO] Setting color(0, 66, 189) on light 0
2025-11-25 14:34:14,490 [INFO] Setting color(0, 72, 183) on light 0
2025-11-25 14:34:14,535 [INFO] Setting color(0, 78, 177) on light 0
2025-11-25 14:34:14,579 [INFO] Setting color(0, 84, 171) on light 0
2025-11-25 14:34:14,625 [INFO] Setting color(0, 93, 162) on light 0
2025-11-25 14:34:14,669 [INFO] Setting color(0, 99, 156) on light 0
2025-11-25 14:34:14,715 [INFO] Setting color(0, 105, 150) on light 0
2025-11-25 14:34:14,760 [INFO] Setting color(0, 111, 144) on light 0
2025-11-25 14:34:14,805 [INFO] Setting color(0, 120, 135) on light 0
2025-11-25 14:34:14,851 [INFO] Setting color(0, 126, 129) on light 0
2025-11-25 14:34:14,896 [INFO] Setting color(0, 132, 123) on light 0
2025-11-25 14:34:14,942 [INFO] Setting color(0, 141, 114) on light 0
2025-11-25 14:34:14,986 [INFO] Setting color(0, 147, 108) on light 0
2025-11-25 14:34:15,031 [INFO] Setting color(0, 153, 102) on light 0
2025-11-25 14:34:15,077 [INFO] Setting color(0, 162, 93) on light 0
2025-11-25 14:34:15,119 [INFO] Setting color(0, 168, 87) on light 0
2025-11-25 14:34:15,163 [INFO] Setting color(0, 174, 81) on light 0
2025-11-25 14:34:15,208 [INFO] Setting color(0, 180, 75) on light 0
2025-11-25 14:34:15,254 [INFO] Setting color(0, 189, 66) on light 0
2025-11-25 14:34:15,300 [INFO] Setting color(0, 195, 60) on light 0
2025-11-25 14:34:15,343 [INFO] Setting color(0, 201, 54) on light 0
2025-11-25 14:34:15,389 [INFO] Setting color(0, 210, 45) on light 0
2025-11-25 14:34:15,433 [INFO] Setting color(0, 216, 39) on light 0
2025-11-25 14:34:15,477 [INFO] Setting color(0, 222, 33) on light 0
2025-11-25 14:34:15,518 [INFO] Setting color(0, 228, 27) on light 0
2025-11-25 14:34:15,564 [INFO] Setting color(0, 237, 18) on light 0
2025-11-25 14:34:15,607 [INFO] Setting color(0, 243, 12) on light 0
2025-11-25 14:34:15,651 [INFO] Setting color(0, 249, 6) on light 0
2025-11-25 14:34:15,695 [INFO] Setting color(0, 255, 0) on light 0
2025-11-25 14:34:15,741 [INFO] Setting color(9, 246, 0) on light 0
2025-11-25 14:34:15,782 [INFO] Setting color(15, 240, 0) on light 0
2025-11-25 14:34:15,824 [INFO] Setting color(21, 234, 0) on light 0
2025-11-25 14:34:15,868 [INFO] Setting color(27, 228, 0) on light 0
2025-11-25 14:34:15,914 [INFO] Setting color(33, 222, 0) on light 0
2025-11-25 14:34:15,957 [INFO] Setting color(42, 213, 0) on light 0
2025-11-25 14:34:15,998 [INFO] Setting color(48, 207, 0) on light 0
2025-11-25 14:34:16,044 [INFO] Setting color(54, 201, 0) on light 0
2025-11-25 14:34:16,089 [INFO] Setting color(60, 195, 0) on light 0
2025-11-25 14:34:16,133 [INFO] Setting color(69, 186, 0) on light 0
2025-11-25 14:34:16,179 [INFO] Setting color(75, 180, 0) on light 0
2025-11-25 14:34:16,225 [INFO] Setting color(81, 174, 0) on light 0
2025-11-25 14:34:16,270 [INFO] Setting color(90, 165, 0) on light 0
2025-11-25 14:34:16,316 [INFO] Setting color(96, 159, 0) on light 0
2025-11-25 14:34:16,358 [INFO] Setting color(102, 153, 0) on light 0
2025-11-25 14:34:16,404 [INFO] Setting color(108, 147, 0) on light 0
2025-11-25 14:34:16,448 [INFO] Setting color(117, 138, 0) on light 0
2025-11-25 14:34:16,490 [INFO] Setting color(123, 132, 0) on light 0
2025-11-25 14:34:16,535 [INFO] Setting color(129, 126, 0) on light 0
2025-11-25 14:34:16,581 [INFO] Setting color(135, 120, 0) on light 0
2025-11-25 14:34:16,626 [INFO] Setting color(144, 111, 0) on light 0
2025-11-25 14:34:16,667 [INFO] Setting color(150, 105, 0) on light 0
2025-11-25 14:34:16,710 [INFO] Setting color(156, 99, 0) on light 0
2025-11-25 14:34:16,753 [INFO] Setting color(162, 93, 0) on light 0
2025-11-25 14:34:16,797 [INFO] Setting color(168, 87, 0) on light 0
2025-11-25 14:34:16,841 [INFO] Setting color(177, 78, 0) on light 0
2025-11-25 14:34:16,885 [INFO] Setting color(183, 72, 0) on light 0
2025-11-25 14:34:16,929 [INFO] Setting color(189, 66, 0) on light 0
2025-11-25 14:34:16,975 [INFO] Setting color(195, 60, 0) on light 0
2025-11-25 14:34:17,017 [INFO] Setting color(204, 51, 0) on light 0
2025-11-25 14:34:17,060 [INFO] Setting color(210, 45, 0) on light 0
2025-11-25 14:34:17,104 [INFO] Setting color(216, 39, 0) on light 0
2025-11-25 14:34:17,147 [INFO] Setting color(222, 33, 0) on light 0
2025-11-25 14:34:17,192 [INFO] Setting color(231, 24, 0) on light 0
2025-11-25 14:34:17,234 [INFO] Setting color(237, 18, 0) on light 0
2025-11-25 14:34:17,276 [INFO] Setting color(243, 12, 0) on light 0
2025-11-25 14:34:17,320 [INFO] Setting color(249, 6, 0) on light 0
2025-11-25 14:34:17,364 [INFO] Setting color(255, 0, 0) on light 0
2025-11-25 14:34:17,409 [INFO] Setting color(246, 0, 9) on light 0
2025-11-25 14:34:17,451 [INFO] Setting color(240, 0, 15) on light 0
2025-11-25 14:34:17,496 [INFO] Setting color(234, 0, 21) on light 0
2025-11-25 14:34:17,541 [INFO] Setting color(228, 0, 27) on light 0
2025-11-25 14:34:17,584 [INFO] Setting color(219, 0, 36) on light 0
2025-11-25 14:34:17,630 [INFO] Setting color(213, 0, 42) on light 0
2025-11-25 14:34:17,675 [INFO] Setting color(207, 0, 48) on light 0
2025-11-25 14:34:17,719 [INFO] Setting color(201, 0, 54) on light 0
2025-11-25 14:34:17,760 [INFO] Setting color(192, 0, 63) on light 0
2025-11-25 14:34:17,801 [INFO] Setting color(186, 0, 69) on light 0
2025-11-25 14:34:17,845 [INFO] Setting color(180, 0, 75) on light 0
2025-11-25 14:34:17,889 [INFO] Setting color(174, 0, 81) on light 0
2025-11-25 14:34:17,934 [INFO] Setting color(168, 0, 87) on light 0
2025-11-25 14:34:17,975 [INFO] Setting color(162, 0, 93) on light 0
2025-11-25 14:34:18,020 [INFO] Setting color(153, 0, 102) on light 0
2025-11-25 14:34:18,066 [INFO] Setting color(147, 0, 108) on light 0
2025-11-25 14:34:18,109 [INFO] Setting color(141, 0, 114) on light 0
2025-11-25 14:34:18,154 [INFO] Setting color(132, 0, 123) on light 0
2025-11-25 14:34:18,198 [INFO] Setting color(126, 0, 129) on light 0
2025-11-25 14:34:18,242 [INFO] Setting color(120, 0, 135) on light 0
2025-11-25 14:34:18,288 [INFO] Setting color(114, 0, 141) on light 0
2025-11-25 14:34:18,334 [INFO] Setting color(105, 0, 150) on light 0
2025-11-25 14:34:18,379 [INFO] Setting color(99, 0, 156) on light 0
2025-11-25 14:34:18,425 [INFO] Setting color(93, 0, 162) on light 0
2025-11-25 14:34:18,468 [INFO] Setting color(84, 0, 171) on light 0
2025-11-25 14:34:18,512 [INFO] Setting color(78, 0, 177) on light 0
2025-11-25 14:34:18,557 [INFO] Setting color(72, 0, 183) on light 0
2025-11-25 14:34:18,600 [INFO] Setting color(66, 0, 189) on light 0
2025-11-25 14:34:18,646 [INFO] Setting color(57, 0, 198) on light 0
2025-11-25 14:34:18,689 [INFO] Setting color(51, 0, 204) on light 0
2025-11-25 14:34:18,734 [INFO] Setting color(45, 0, 210) on light 0
2025-11-25 14:34:18,776 [INFO] Setting color(39, 0, 216) on light 0
2025-11-25 14:34:18,822 [INFO] Setting color(30, 0, 225) on light 0
2025-11-25 14:34:18,866 [INFO] Setting color(24, 0, 231) on light 0
2025-11-25 14:34:18,911 [INFO] Setting color(18, 0, 237) on light 0
2025-11-25 14:34:18,956 [INFO] Setting color(9, 0, 246) on light 0
2025-11-25 14:34:18,998 [INFO] Setting color(3, 0, 252) on light 0
2025-11-25 14:34:19,040 [INFO] Setting color(0, 3, 252) on light 0
2025-11-25 14:34:19,084 [INFO] Setting color(0, 9, 246) on light 0
2025-11-25 14:34:19,126 [INFO] Setting color(0, 15, 240) on light 0
2025-11-25 14:34:19,172 [INFO] Setting color(0, 24, 231) on light 0
2025-11-25 14:34:19,217 [INFO] Setting color(0, 30, 225) on light 0
2025-11-25 14:34:19,259 [INFO] Setting color(0, 36, 219) on light 0
2025-11-25 14:34:19,301 [INFO] Setting color(0, 42, 213) on light 0
2025-11-25 14:34:19,346 [INFO] Setting color(0, 48, 207) on light 0
2025-11-25 14:34:19,392 [INFO] Setting color(0, 57, 198) on light 0
2025-11-25 14:34:19,433 [INFO] Setting color(0, 63, 192) on light 0
2025-11-25 14:34:19,476 [INFO] Setting color(0, 69, 186) on light 0
2025-11-25 14:34:19,518 [INFO] Setting color(0, 75, 180) on light 0
2025-11-25 14:34:19,564 [INFO] Setting color(0, 84, 171) on light 0
2025-11-25 14:34:19,605 [INFO] Setting color(0, 90, 165) on light 0
2025-11-25 14:34:19,646 [INFO] Setting color(0, 96, 159) on light 0
2025-11-25 14:34:19,691 [INFO] Setting color(0, 102, 153) on light 0
2025-11-25 14:34:19,733 [INFO] Setting color(0, 108, 147) on light 0
2025-11-25 14:34:19,775 [INFO] Setting color(0, 114, 141) on light 0
2025-11-25 14:34:19,820 [INFO] Setting color(0, 123, 132) on light 0
2025-11-25 14:34:19,865 [INFO] Setting color(0, 129, 126) on light 0
2025-11-25 14:34:19,910 [INFO] Setting color(0, 135, 120) on light 0
2025-11-25 14:34:19,956 [INFO] Setting color(0, 144, 111) on light 0
2025-11-25 14:34:19,999 [INFO] Setting color(0, 150, 105) on light 0
2025-11-25 14:34:20,045 [INFO] Setting color(0, 156, 99) on light 0
2025-11-25 14:34:20,090 [INFO] Setting color(0, 162, 93) on light 0
2025-11-25 14:34:20,135 [INFO] Setting color(0, 171, 84) on light 0
2025-11-25 14:34:20,180 [INFO] Setting color(0, 177, 78) on light 0
2025-11-25 14:34:20,226 [INFO] Setting color(0, 183, 72) on light 0
2025-11-25 14:34:20,268 [INFO] Setting color(0, 189, 66) on light 0
2025-11-25 14:34:20,314 [INFO] Setting color(0, 198, 57) on light 0
2025-11-25 14:34:20,355 [INFO] Setting color(0, 204, 51) on light 0
2025-11-25 14:34:20,401 [INFO] Setting color(0, 210, 45) on light 0
2025-11-25 14:34:20,446 [INFO] Setting color(0, 219, 36) on light 0
2025-11-25 14:34:20,487 [INFO] Setting color(0, 225, 30) on light 0
2025-11-25 14:34:20,533 [INFO] Setting color(0, 231, 24) on light 0
2025-11-25 14:34:20,579 [INFO] Setting color(0, 237, 18) on light 0
2025-11-25 14:34:20,619 [INFO] Setting color(0, 243, 12) on light 0
2025-11-25 14:34:20,665 [INFO] Setting color(0, 252, 3) on light 0
2025-11-25 14:34:20,711 [INFO] Setting color(3, 252, 0) on light 0
2025-11-25 14:34:20,753 [INFO] Setting color(9, 246, 0) on light 0
2025-11-25 14:34:20,799 [INFO] Setting color(15, 240, 0) on light 0
2025-11-25 14:34:20,843 [INFO] Setting color(24, 231, 0) on light 0
2025-11-25 14:34:20,887 [INFO] Setting color(30, 225, 0) on light 0
2025-11-25 14:34:20,930 [INFO] Setting color(36, 219, 0) on light 0
2025-11-25 14:34:20,973 [INFO] Setting color(42, 213, 0) on light 0
2025-11-25 14:34:21,014 [INFO] Setting color(48, 207, 0) on light 0
2025-11-25 14:34:21,057 [INFO] Setting color(57, 198, 0) on light 0
2025-11-25 14:34:21,100 [INFO] Setting color(63, 192, 0) on light 0
2025-11-25 14:34:21,145 [INFO] Setting color(69, 186, 0) on light 0
2025-11-25 14:34:21,189 [INFO] Setting color(75, 180, 0) on light 0
2025-11-25 14:34:21,234 [INFO] Setting color(84, 171, 0) on light 0
2025-11-25 14:34:21,278 [INFO] Setting color(90, 165, 0) on light 0
2025-11-25 14:34:21,324 [INFO] Setting color(96, 159, 0) on light 0
2025-11-25 14:34:21,367 [INFO] Setting color(105, 150, 0) on light 0
2025-11-25 14:34:21,409 [INFO] Setting color(111, 144, 0) on light 0
2025-11-25 14:34:21,455 [INFO] Setting color(117, 138, 0) on light 0
2025-11-25 14:34:21,496 [INFO] Setting color(123, 132, 0) on light 0
2025-11-25 14:34:21,538 [INFO] Setting color(129, 126, 0) on light 0
2025-11-25 14:34:21,584 [INFO] Setting color(138, 117, 0) on light 0
2025-11-25 14:34:21,625 [INFO] Setting color(144, 111, 0) on light 0
2025-11-25 14:34:21,671 [INFO] Setting color(150, 105, 0) on light 0
2025-11-25 14:34:21,717 [INFO] Setting color(156, 99, 0) on light 0
2025-11-25 14:34:21,762 [INFO] Setting color(165, 90, 0) on light 0
2025-11-25 14:34:21,808 [INFO] Setting color(171, 84, 0) on light 0
2025-11-25 14:34:21,853 [INFO] Setting color(177, 78, 0) on light 0
2025-11-25 14:34:21,898 [INFO] Setting color(186, 69, 0) on light 0
2025-11-25 14:34:21,944 [INFO] Setting color(192, 63, 0) on light 0
2025-11-25 14:34:21,989 [INFO] Setting color(198, 57, 0) on light 0
2025-11-25 14:34:22,033 [INFO] Setting color(204, 51, 0) on light 0
2025-11-25 14:34:22,076 [INFO] Setting color(213, 42, 0) on light 0
2025-11-25 14:34:22,121 [INFO] Setting color(219, 36, 0) on light 0
2025-11-25 14:34:22,165 [INFO] Setting color(225, 30, 0) on light 0
2025-11-25 14:34:22,211 [INFO] Setting color(234, 21, 0) on light 0
2025-11-25 14:34:22,256 [INFO] Setting color(240, 15, 0) on light 0
2025-11-25 14:34:22,297 [INFO] Setting color(246, 9, 0) on light 0
2025-11-25 14:34:22,343 [INFO] Setting color(252, 3, 0) on light 0
2025-11-25 14:34:22,385 [INFO] Setting color(252, 0, 3) on light 0
2025-11-25 14:34:22,429 [INFO] Setting color(243, 0, 12) on light 0
2025-11-25 14:34:22,473 [INFO] Setting color(237, 0, 18) on light 0
2025-11-25 14:34:22,517 [INFO] Setting color(231, 0, 24) on light 0
2025-11-25 14:34:22,562 [INFO] Setting color(225, 0, 30) on light 0
2025-11-25 14:34:22,603 [INFO] Setting color(216, 0, 39) on light 0
2025-11-25 14:34:22,648 [INFO] Setting color(210, 0, 45) on light 0
2025-11-25 14:34:22,694 [INFO] Setting color(204, 0, 51) on light 0
2025-11-25 14:34:22,740 [INFO] Setting color(198, 0, 57) on light 0
2025-11-25 14:34:22,782 [INFO] Setting color(189, 0, 66) on light 0
2025-11-25 14:34:22,827 [INFO] Setting color(183, 0, 72) on light 0
2025-11-25 14:34:22,873 [INFO] Setting color(177, 0, 78) on light 0
2025-11-25 14:34:22,917 [INFO] Setting color(168, 0, 87) on light 0
2025-11-25 14:34:22,960 [INFO] Setting color(162, 0, 93) on light 0
2025-11-25 14:34:23,005 [INFO] Setting color(156, 0, 99) on light 0
2025-11-25 14:34:23,050 [INFO] Setting color(150, 0, 105) on light 0
2025-11-25 14:34:23,095 [INFO] Setting color(141, 0, 114) on light 0
2025-11-25 14:34:23,140 [INFO] Setting color(135, 0, 120) on light 0
2025-11-25 14:34:23,184 [INFO] Setting color(129, 0, 126) on light 0
2025-11-25 14:34:23,228 [INFO] Setting color(123, 0, 132) on light 0
2025-11-25 14:34:23,272 [INFO] Setting color(114, 0, 141) on light 0
2025-11-25 14:34:23,317 [INFO] Setting color(108, 0, 147) on light 0
2025-11-25 14:34:23,361 [INFO] Setting color(102, 0, 153) on light 0
2025-11-25 14:34:23,402 [INFO] Setting color(96, 0, 159) on light 0
2025-11-25 14:34:23,446 [INFO] Setting color(87, 0, 168) on light 0
2025-11-25 14:34:23,488 [INFO] Setting color(81, 0, 174) on light 0
2025-11-25 14:34:23,532 [INFO] Setting color(75, 0, 180) on light 0
2025-11-25 14:34:23,577 [INFO] Setting color(69, 0, 186) on light 0
2025-11-25 14:34:23,620 [INFO] Setting color(63, 0, 192) on light 0
2025-11-25 14:34:23,664 [INFO] Setting color(54, 0, 201) on light 0
2025-11-25 14:34:23,705 [INFO] Setting color(48, 0, 207) on light 0
2025-11-25 14:34:23,751 [INFO] Setting color(42, 0, 213) on light 0
2025-11-25 14:34:23,794 [INFO] Setting color(36, 0, 219) on light 0
2025-11-25 14:34:23,838 [INFO] Setting color(30, 0, 225) on light 0
2025-11-25 14:34:23,883 [INFO] Setting color(21, 0, 234) on light 0
2025-11-25 14:34:23,929 [INFO] Setting color(15, 0, 240) on light 0
2025-11-25 14:34:23,970 [INFO] Setting color(9, 0, 246) on light 0
2025-11-25 14:34:24,015 [INFO] Setting color(0, 0, 255) on light 0
2025-11-25 14:34:24,059 [INFO] Setting color(0, 6, 249) on light 0
2025-11-25 14:34:24,104 [INFO] Setting color(0, 12, 243) on light 0
2025-11-25 14:34:24,148 [INFO] Setting color(0, 18, 237) on light 0
2025-11-25 14:34:24,192 [INFO] Setting color(0, 27, 228) on light 0
2025-11-25 14:34:24,238 [INFO] Setting color(0, 33, 222) on light 0
2025-11-25 14:34:24,283 [INFO] Setting color(0, 39, 216) on light 0
2025-11-25 14:34:24,329 [INFO] Setting color(0, 48, 207) on light 0
2025-11-25 14:34:24,372 [INFO] Setting color(0, 54, 201) on light 0
2025-11-25 14:34:24,414 [INFO] Setting color(0, 60, 195) on light 0
2025-11-25 14:34:24,457 [INFO] Setting color(0, 66, 189) on light 0
2025-11-25 14:34:24,502 [INFO] Setting color(0, 72, 183) on light 0
2025-11-25 14:34:24,548 [INFO] Setting color(0, 81, 174) on light 0
2025-11-25 14:34:24,590 [INFO] Setting color(0, 87, 168) on light 0
2025-11-25 14:34:24,634 [INFO] Setting color(0, 93, 162) on light 0
2025-11-25 14:34:24,679 [INFO] Setting color(0, 99, 156) on light 0
2025-11-25 14:34:24,724 [INFO] Setting color(0, 108, 147) on light 0
2025-11-25 14:34:24,767 [INFO] Setting color(0, 114, 141) on light 0
2025-11-25 14:34:24,812 [INFO] Setting color(0, 120, 135) on light 0
2025-11-25 14:34:24,857 [INFO] Setting color(0, 126, 129) on light 0
2025-11-25 14:34:24,901 [INFO] Setting color(0, 135, 120) on light 0
2025-11-25 14:34:24,946 [INFO] Setting color(0, 141, 114) on light 0
2025-11-25 14:34:24,990 [INFO] Setting color(0, 147, 108) on light 0
2025-11-25 14:34:25,033 [INFO] Setting color(0, 153, 102) on light 0
2025-11-25 14:34:25,079 [INFO] Setting color(0, 162, 93) on light 0
2025-11-25 14:34:25,121 [INFO] Setting color(0, 168, 87) on light 0
2025-11-25 14:34:25,162 [INFO] Setting color(0, 174, 81) on light 0
2025-11-25 14:34:25,208 [INFO] Setting color(0, 180, 75) on light 0
2025-11-25 14:34:25,253 [INFO] Setting color(0, 189, 66) on light 0
2025-11-25 14:34:25,298 [INFO] Setting color(0, 195, 60) on light 0
2025-11-25 14:34:25,341 [INFO] Setting color(0, 201, 54) on light 0
2025-11-25 14:34:25,383 [INFO] Setting color(0, 207, 48) on light 0
2025-11-25 14:34:25,427 [INFO] Setting color(0, 216, 39) on light 0
2025-11-25 14:34:25,473 [INFO] Setting color(0, 222, 33) on light 0
2025-11-25 14:34:25,514 [INFO] Setting color(0, 228, 27) on light 0
2025-11-25 14:34:25,559 [INFO] Setting color(0, 234, 21) on light 0
2025-11-25 14:34:25,605 [INFO] Setting color(0, 243, 12) on light 0
2025-11-25 14:34:25,650 [INFO] Setting color(0, 249, 6) on light 0
2025-11-25 14:34:25,696 [INFO] Setting color(0, 255, 0) on light 0
2025-11-25 14:34:25,740 [INFO] Setting color(6, 249, 0) on light 0
2025-11-25 14:34:25,783 [INFO] Setting color(15, 240, 0) on light 0
2025-11-25 14:34:25,826 [INFO] Setting color(21, 234, 0) on light 0
2025-11-25 14:34:25,867 [INFO] Setting color(27, 228, 0) on light 0
2025-11-25 14:34:25,912 [INFO] Setting color(33, 222, 0) on light 0
2025-11-25 14:34:25,955 [INFO] Setting color(39, 216, 0) on light 0
2025-11-25 14:34:25,997 [INFO] Setting color(48, 207, 0) on light 0
2025-11-25 14:34:26,038 [INFO] Setting color(54, 201, 0) on light 0
2025-11-25 14:34:26,082 [INFO] Setting color(60, 195, 0) on light 0
2025-11-25 14:34:26,123 [INFO] Setting color(66, 189, 0) on light 0
2025-11-25 14:34:26,164 [INFO] Setting color(72, 183, 0) on light 0
2025-11-25 14:34:26,208 [INFO] Setting color(78, 177, 0) on light 0
2025-11-25 14:34:26,253 [INFO] Setting color(87, 168, 0) on light 0
2025-11-25 14:34:26,298 [INFO] Setting color(93, 162, 0) on light 0
2025-11-25 14:34:26,342 [INFO] Setting color(99, 156, 0) on light 0
2025-11-25 14:34:26,388 [INFO] Setting color(108, 147, 0) on light 0
2025-11-25 14:34:26,433 [INFO] Setting color(114, 141, 0) on light 0
2025-11-25 14:34:26,476 [INFO] Setting color(120, 135, 0) on light 0
2025-11-25 14:34:26,521 [INFO] Setting color(126, 129, 0) on light 0
2025-11-25 14:34:26,564 [INFO] Setting color(135, 120, 0) on light 0
2025-11-25 14:34:26,607 [INFO] Setting color(141, 114, 0) on light 0
2025-11-25 14:34:26,648 [INFO] Setting color(147, 108, 0) on light 0
2025-11-25 14:34:26,693 [INFO] Setting color(153, 102, 0) on light 0
2025-11-25 14:34:26,737 [INFO] Setting color(159, 96, 0) on light 0
2025-11-25 14:34:26,782 [INFO] Setting color(168, 87, 0) on light 0
2025-11-25 14:34:26,823 [INFO] Setting color(174, 81, 0) on light 0
2025-11-25 14:34:26,868 [INFO] Setting color(180, 75, 0) on light 0
2025-11-25 14:34:26,913 [INFO] Setting color(186, 69, 0) on light 0
2025-11-25 14:34:26,956 [INFO] Setting color(195, 60, 0) on light 0
2025-11-25 14:34:27,002 [INFO] Setting color(201, 54, 0) on light 0
2025-11-25 14:34:27,044 [INFO] Setting color(207, 48, 0) on light 0
2025-11-25 14:34:27,090 [INFO] Setting color(213, 42, 0) on light 0
2025-11-25 14:34:27,133 [INFO] Setting color(222, 33, 0) on light 0
2025-11-25 14:34:27,177 [INFO] Setting color(228, 27, 0) on light 0
2025-11-25 14:34:27,219 [INFO] Setting color(234, 21, 0) on light 0
2025-11-25 14:34:27,262 [INFO] Setting color(240, 15, 0) on light 0
2025-11-25 14:34:27,307 [INFO] Setting color(246, 9, 0) on light 0
2025-11-25 14:34:27,348 [INFO] Setting color(255, 0, 0) on light 0
2025-11-25 14:34:27,394 [INFO] Setting color(249, 0, 6) on light 0
2025-11-25 14:34:27,437 [INFO] Setting color(243, 0, 12) on light 0
2025-11-25 14:34:27,481 [INFO] Setting color(237, 0, 18) on light 0
2025-11-25 14:34:27,527 [INFO] Setting color(228, 0, 27) on light 0
2025-11-25 14:34:27,573 [INFO] Setting color(222, 0, 33) on light 0
2025-11-25 14:34:27,617 [INFO] Setting color(216, 0, 39) on light 0
2025-11-25 14:34:27,660 [INFO] Setting color(210, 0, 45) on light 0
2025-11-25 14:34:27,703 [INFO] Setting color(201, 0, 54) on light 0
2025-11-25 14:34:27,744 [INFO] Setting color(195, 0, 60) on light 0
2025-11-25 14:34:27,786 [INFO] Setting color(189, 0, 66) on light 0
2025-11-25 14:34:27,830 [INFO] Setting color(183, 0, 72) on light 0
2025-11-25 14:34:27,874 [INFO] Setting color(177, 0, 78) on light 0
2025-11-25 14:34:27,919 [INFO] Setting color(168, 0, 87) on light 0
2025-11-25 14:34:27,964 [INFO] Setting color(162, 0, 93) on light 0
2025-11-25 14:34:28,010 [INFO] Setting color(156, 0, 99) on light 0
2025-11-25 14:34:28,055 [INFO] Setting color(147, 0, 108) on light 0
2025-11-25 14:34:28,101 [INFO] Setting color(141, 0, 114) on light 0
2025-11-25 14:34:28,142 [INFO] Setting color(135, 0, 120) on light 0
2025-11-25 14:34:28,186 [INFO] Setting color(129, 0, 126) on light 0
2025-11-25 14:34:28,230 [INFO] Setting color(123, 0, 132) on light 0
2025-11-25 14:34:28,276 [INFO] Setting color(114, 0, 141) on light 0
2025-11-25 14:34:28,321 [INFO] Setting color(108, 0, 147) on light 0
2025-11-25 14:34:28,366 [INFO] Setting color(102, 0, 153) on light 0
2025-11-25 14:34:28,412 [INFO] Setting color(93, 0, 162) on light 0
2025-11-25 14:34:28,457 [INFO] Setting color(87, 0, 168) on light 0
2025-11-25 14:34:28,499 [INFO] Setting color(81, 0, 174) on light 0
2025-11-25 14:34:28,541 [INFO] Setting color(75, 0, 180) on light 0
2025-11-25 14:34:28,583 [INFO] Setting color(69, 0, 186) on light 0
2025-11-25 14:34:28,626 [INFO] Setting color(60, 0, 195) on light 0
2025-11-25 14:34:28,671 [INFO] Setting color(54, 0, 201) on light 0
2025-11-25 14:34:28,713 [INFO] Setting color(48, 0, 207) on light 0
2025-11-25 14:34:28,756 [INFO] Setting color(42, 0, 213) on light 0
2025-11-25 14:34:28,802 [INFO] Setting color(33, 0, 222) on light 0
2025-11-25 14:34:28,843 [INFO] Setting color(27, 0, 228) on light 0
2025-11-25 14:34:28,887 [INFO] Setting color(21, 0, 234) on light 0
2025-11-25 14:34:28,928 [INFO] Setting color(15, 0, 240) on light 0
2025-11-25 14:34:28,972 [INFO] Setting color(9, 0, 246) on light 0
2025-11-25 14:34:29,015 [INFO] Setting color(0, 0, 255) on light 0
2025-11-25 14:34:29,061 [INFO] Setting color(0, 6, 249) on light 0
2025-11-25 14:34:29,103 [INFO] Setting color(0, 12, 243) on light 0
2025-11-25 14:34:29,148 [INFO] Setting color(0, 18, 237) on light 0
2025-11-25 14:34:29,189 [INFO] Setting color(0, 24, 231) on light 0
2025-11-25 14:34:29,235 [INFO] Setting color(0, 33, 222) on light 0
2025-11-25 14:34:29,276 [INFO] Setting color(0, 39, 216) on light 0
2025-11-25 14:34:29,321 [INFO] Setting color(0, 45, 210) on light 0
2025-11-25 14:34:29,367 [INFO] Setting color(0, 51, 204) on light 0
2025-11-25 14:34:29,407 [INFO] Setting color(0, 60, 195) on light 0
2025-11-25 14:34:29,453 [INFO] Setting color(0, 66, 189) on light 0
2025-11-25 14:34:29,496 [INFO] Setting color(0, 72, 183) on light 0
2025-11-25 14:34:29,541 [INFO] Setting color(0, 78, 177) on light 0
2025-11-25 14:34:29,583 [INFO] Setting color(0, 87, 168) on light 0
2025-11-25 14:34:29,627 [INFO] Setting color(0, 93, 162) on light 0
2025-11-25 14:34:29,671 [INFO] Setting color(0, 99, 156) on light 0
2025-11-25 14:34:29,716 [INFO] Setting color(0, 105, 150) on light 0
2025-11-25 14:34:29,758 [INFO] Setting color(0, 111, 144) on light 0
2025-11-25 14:34:29,802 [INFO] Setting color(0, 120, 135) on light 0
2025-11-25 14:34:29,847 [INFO] Setting color(0, 126, 129) on light 0
2025-11-25 14:34:29,892 [INFO] Setting color(0, 132, 123) on light 0
2025-11-25 14:34:29,934 [INFO] Setting color(0, 138, 117) on light 0
2025-11-25 14:34:29,980 [INFO] Setting color(0, 147, 108) on light 0
2025-11-25 14:34:30,022 [INFO] Setting color(0, 153, 102) on light 0
2025-11-25 14:34:30,068 [INFO] Setting color(0, 159, 96) on light 0
2025-11-25 14:34:30,113 [INFO] Setting color(0, 168, 87) on light 0
2025-11-25 14:34:30,154 [INFO] Setting color(0, 174, 81) on light 0
2025-11-25 14:34:30,196 [INFO] Setting color(0, 180, 75) on light 0
2025-11-25 14:34:30,241 [INFO] Setting color(0, 186, 69) on light 0
2025-11-25 14:34:30,286 [INFO] Setting color(0, 192, 63) on light 0
2025-11-25 14:34:30,331 [INFO] Setting color(0, 201, 54) on light 0
2025-11-25 14:34:30,377 [INFO] Setting color(0, 207, 48) on light 0
2025-11-25 14:34:30,419 [INFO] Setting color(0, 213, 42) on light 0
2025-11-25 14:34:30,465 [INFO] Setting color(0, 219, 36) on light 0
2025-11-25 14:34:30,511 [INFO] Setting color(0, 228, 27) on light 0
2025-11-25 14:34:30,552 [INFO] Setting color(0, 234, 21) on light 0
2025-11-25 14:34:30,595 [INFO] Setting color(0, 240, 15) on light 0
2025-11-25 14:34:30,640 [INFO] Setting color(0, 246, 9) on light 0
2025-11-25 14:34:30,682 [INFO] Setting color(0, 255, 0) on light 0
2025-11-25 14:34:30,728 [INFO] Setting color(6, 249, 0) on light 0
2025-11-25 14:34:30,770 [INFO] Setting color(12, 243, 0) on light 0
2025-11-25 14:34:30,816 [INFO] Setting color(18, 237, 0) on light 0
2025-11-25 14:34:30,860 [INFO] Setting color(27, 228, 0) on light 0
2025-11-25 14:34:30,901 [INFO] Setting color(33, 222, 0) on light 0
2025-11-25 14:34:30,947 [INFO] Setting color(39, 216, 0) on light 0
2025-11-25 14:34:30,992 [INFO] Setting color(45, 210, 0) on light 0
2025-11-25 14:34:31,038 [INFO] Setting color(54, 201, 0) on light 0
2025-11-25 14:34:31,084 [INFO] Setting color(60, 195, 0) on light 0
2025-11-25 14:34:31,129 [INFO] Setting color(66, 189, 0) on light 0
2025-11-25 14:34:31,171 [INFO] Setting color(72, 183, 0) on light 0
2025-11-25 14:34:31,216 [INFO] Setting color(81, 174, 0) on light 0
2025-11-25 14:34:31,260 [INFO] Setting color(87, 168, 0) on light 0
2025-11-25 14:34:31,303 [INFO] Setting color(93, 162, 0) on light 0
2025-11-25 14:34:31,349 [INFO] Setting color(102, 153, 0) on light 0
2025-11-25 14:34:31,394 [INFO] Setting color(108, 147, 0) on light 0
2025-11-25 14:34:31,436 [INFO] Setting color(114, 141, 0) on light 0
2025-11-25 14:34:31,477 [INFO] Setting color(120, 135, 0) on light 0
2025-11-25 14:34:31,523 [INFO] Setting color(126, 129, 0) on light 0
2025-11-25 14:34:31,564 [INFO] Setting color(135, 120, 0) on light 0
2025-11-25 14:34:31,605 [INFO] Setting color(141, 114, 0) on light 0
2025-11-25 14:34:31,650 [INFO] Setting color(147, 108, 0) on light 0
2025-11-25 14:34:31,693 [INFO] Setting color(153, 102, 0) on light 0
2025-11-25 14:34:31,739 [INFO] Setting color(159, 96, 0) on light 0
2025-11-25 14:34:31,784 [INFO] Setting color(168, 87, 0) on light 0
2025-11-25 14:34:31,826 [INFO] Setting color(174, 81, 0) on light 0
2025-11-25 14:34:31,870 [INFO] Setting color(180, 75, 0) on light 0
2025-11-25 14:34:31,912 [INFO] Setting color(186, 69, 0) on light 0
2025-11-25 14:34:31,953 [INFO] Setting color(192, 63, 0) on light 0
2025-11-25 14:34:31,995 [INFO] Setting color(201, 54, 0) on light 0
2025-11-25 14:34:32,040 [INFO] Setting color(207, 48, 0) on light 0
2025-11-25 14:34:32,083 [INFO] Setting color(213, 42, 0) on light 0
2025-11-25 14:34:32,125 [INFO] Setting color(219, 36, 0) on light 0
2025-11-25 14:34:32,169 [INFO] Setting color(225, 30, 0) on light 0
2025-11-25 14:34:32,213 [INFO] Setting color(234, 21, 0) on light 0
2025-11-25 14:34:32,254 [INFO] Setting color(240, 15, 0) on light 0
2025-11-25 14:34:32,298 [INFO] Setting color(246, 9, 0) on light 0
2025-11-25 14:34:32,342 [INFO] Setting color(252, 3, 0) on light 0
2025-11-25 14:34:32,388 [INFO] Setting color(249, 0, 6) on light 0
2025-11-25 14:34:32,432 [INFO] Setting color(243, 0, 12) on light 0
2025-11-25 14:34:32,476 [INFO] Setting color(237, 0, 18) on light 0
2025-11-25 14:34:32,522 [INFO] Setting color(231, 0, 24) on light 0
2025-11-25 14:34:32,563 [INFO] Setting color(225, 0, 30) on light 0
2025-11-25 14:34:32,609 [INFO] Setting color(216, 0, 39) on light 0
2025-11-25 14:34:32,655 [INFO] Setting color(210, 0, 45) on light 0
2025-11-25 14:34:32,700 [INFO] Setting color(204, 0, 51) on light 0
2025-11-25 14:34:32,740 [INFO] Setting color(195, 0, 60) on light 0
2025-11-25 14:34:32,783 [INFO] Setting color(189, 0, 66) on light 0
2025-11-25 14:34:32,828 [INFO] Setting color(183, 0, 72) on light 0
2025-11-25 14:34:32,873 [INFO] Setting color(177, 0, 78) on light 0
2025-11-25 14:34:32,916 [INFO] Setting color(171, 0, 84) on light 0
2025-11-25 14:34:32,960 [INFO] Setting color(162, 0, 93) on light 0
2025-11-25 14:34:33,002 [INFO] Setting color(156, 0, 99) on light 0
2025-11-25 14:34:33,047 [INFO] Setting color(150, 0, 105) on light 0
2025-11-25 14:34:33,089 [INFO] Setting color(144, 0, 111) on light 0
2025-11-25 14:34:33,133 [INFO] Setting color(135, 0, 120) on light 0
2025-11-25 14:34:33,179 [INFO] Setting color(129, 0, 126) on light 0
2025-11-25 14:34:33,220 [INFO] Setting color(123, 0, 132) on light 0
2025-11-25 14:34:33,263 [INFO] Setting color(117, 0, 138) on light 0
2025-11-25 14:34:33,306 [INFO] Setting color(111, 0, 144) on light 0
2025-11-25 14:34:33,352 [INFO] Setting color(102, 0, 153) on light 0
2025-11-25 14:34:33,395 [INFO] Setting color(96, 0, 159) on light 0
2025-11-25 14:34:33,438 [INFO] Setting color(90, 0, 165) on light 0
2025-11-25 14:34:33,483 [INFO] Setting color(84, 0, 171) on light 0
2025-11-25 14:34:33,528 [INFO] Setting color(75, 0, 180) on light 0
2025-11-25 14:34:33,573 [INFO] Setting color(69, 0, 186) on light 0
2025-11-25 14:34:33,618 [INFO] Setting color(63, 0, 192) on light 0
2025-11-25 14:34:33,660 [INFO] Setting color(57, 0, 198) on light 0
2025-11-25 14:34:33,701 [INFO] Setting color(51, 0, 204) on light 0
2025-11-25 14:34:33,746 [INFO] Setting color(42, 0, 213) on light 0
2025-11-25 14:34:33,787 [INFO] Setting color(36, 0, 219) on light 0
2025-11-25 14:34:33,832 [INFO] Setting color(30, 0, 225) on light 0
2025-11-25 14:34:33,873 [INFO] Setting color(24, 0, 231) on light 0
2025-11-25 14:34:33,916 [INFO] Setting color(18, 0, 237) on light 0
2025-11-25 14:34:33,962 [INFO] Setting color(9, 0, 246) on light 0
2025-11-25 14:34:34,004 [INFO] Setting color(3, 0, 252) on light 0
2025-11-25 14:34:34,046 [INFO] Setting color(0, 3, 252) on light 0
2025-11-25 14:34:34,090 [INFO] Setting color(0, 9, 246) on light 0
2025-11-25 14:34:34,133 [INFO] Setting color(0, 18, 237) on light 0
2025-11-25 14:34:34,175 [INFO] Setting color(0, 24, 231) on light 0
2025-11-25 14:34:34,218 [INFO] Setting color(0, 30, 225) on light 0
2025-11-25 14:34:34,263 [INFO] Setting color(0, 36, 219) on light 0
2025-11-25 14:34:34,308 [INFO] Setting color(0, 42, 213) on light 0
2025-11-25 14:34:34,352 [INFO] Setting color(0, 51, 204) on light 0
2025-11-25 14:34:34,397 [INFO] Setting color(0, 57, 198) on light 0
2025-11-25 14:34:34,438 [INFO] Setting color(0, 63, 192) on light 0
2025-11-25 14:34:34,482 [INFO] Setting color(0, 69, 186) on light 0
2025-11-25 14:34:34,527 [INFO] Setting color(0, 78, 177) on light 0
2025-11-25 14:34:34,573 [INFO] Setting color(0, 84, 171) on light 0
2025-11-25 14:34:34,616 [INFO] Setting color(0, 90, 165) on light 0
2025-11-25 14:34:34,661 [INFO] Setting color(0, 96, 159) on light 0
2025-11-25 14:34:34,701 [INFO] Setting color(0, 105, 150) on light 0
2025-11-25 14:34:34,747 [INFO] Setting color(0, 111, 144) on light 0
2025-11-25 14:34:34,789 [INFO] Setting color(0, 117, 138) on light 0
2025-11-25 14:34:34,831 [INFO] Setting color(0, 123, 132) on light 0
2025-11-25 14:34:34,874 [INFO] Setting color(0, 129, 126) on light 0
2025-11-25 14:34:34,917 [INFO] Setting color(0, 138, 117) on light 0
2025-11-25 14:34:34,961 [INFO] Setting color(0, 144, 111) on light 0
2025-11-25 14:34:35,005 [INFO] Setting color(0, 150, 105) on light 0
2025-11-25 14:34:35,047 [INFO] Setting color(0, 156, 99) on light 0
2025-11-25 14:34:35,092 [INFO] Setting color(0, 162, 93) on light 0
2025-11-25 14:34:35,138 [INFO] Setting color(0, 171, 84) on light 0
2025-11-25 14:34:35,182 [INFO] Setting color(0, 177, 78) on light 0
2025-11-25 14:34:35,227 [INFO] Setting color(0, 183, 72) on light 0
2025-11-25 14:34:35,272 [INFO] Setting color(0, 192, 63) on light 0
2025-11-25 14:34:35,317 [INFO] Setting color(0, 198, 57) on light 0
2025-11-25 14:34:35,363 [INFO] Setting color(0, 204, 51) on light 0
2025-11-25 14:34:35,409 [INFO] Setting color(0, 213, 42) on light 0
2025-11-25 14:34:35,453 [INFO] Setting color(0, 219, 36) on light 0
2025-11-25 14:34:35,495 [INFO] Setting color(0, 225, 30) on light 0
2025-11-25 14:34:35,540 [INFO] Setting color(0, 231, 24) on light 0
2025-11-25 14:34:35,582 [INFO] Setting color(0, 237, 18) on light 0
2025-11-25 14:34:35,626 [INFO] Setting color(0, 246, 9) on light 0
2025-11-25 14:34:35,667 [INFO] Setting color(0, 252, 3) on light 0
2025-11-25 14:34:35,710 [INFO] Setting color(3, 252, 0) on light 0
2025-11-25 14:34:35,753 [INFO] Setting color(9, 246, 0) on light 0
2025-11-25 14:34:35,795 [INFO] Setting color(15, 240, 0) on light 0
2025-11-25 14:34:35,840 [INFO] Setting color(24, 231, 0) on light 0
2025-11-25 14:34:35,882 [INFO] Setting color(30, 225, 0) on light 0
2025-11-25 14:34:35,928 [INFO] Setting color(36, 219, 0) on light 0
2025-11-25 14:34:35,974 [INFO] Setting color(42, 213, 0) on light 0
2025-11-25 14:34:36,015 [INFO] Setting color(51, 204, 0) on light 0
2025-11-25 14:34:36,061 [INFO] Setting color(57, 198, 0) on light 0
2025-11-25 14:34:36,106 [INFO] Setting color(63, 192, 0) on light 0
2025-11-25 14:34:36,147 [INFO] Setting color(69, 186, 0) on light 0
2025-11-25 14:34:36,193 [INFO] Setting color(78, 177, 0) on light 0
2025-11-25 14:34:36,236 [INFO] Setting color(84, 171, 0) on light 0
2025-11-25 14:34:36,280 [INFO] Setting color(90, 165, 0) on light 0
2025-11-25 14:34:36,323 [INFO] Setting color(96, 159, 0) on light 0
2025-11-25 14:34:36,364 [INFO] Setting color(102, 153, 0) on light 0
2025-11-25 14:34:36,409 [INFO] Setting color(111, 144, 0) on light 0
2025-11-25 14:34:36,454 [INFO] Setting color(117, 138, 0) on light 0
2025-11-25 14:34:36,500 [INFO] Setting color(123, 132, 0) on light 0
2025-11-25 14:34:36,544 [INFO] Setting color(132, 123, 0) on light 0
2025-11-25 14:34:36,585 [INFO] Setting color(138, 117, 0) on light 0
2025-11-25 14:34:36,629 [INFO] Setting color(144, 111, 0) on light 0
2025-11-25 14:34:36,672 [INFO] Setting color(150, 105, 0) on light 0
2025-11-25 14:34:36,717 [INFO] Setting color(156, 99, 0) on light 0
2025-11-25 14:34:36,762 [INFO] Setting color(165, 90, 0) on light 0
2025-11-25 14:34:36,805 [INFO] Setting color(171, 84, 0) on light 0
2025-11-25 14:34:36,847 [INFO] Setting color(177, 78, 0) on light 0
2025-11-25 14:34:36,892 [INFO] Setting color(183, 72, 0) on light 0
2025-11-25 14:34:36,933 [INFO] Setting color(189, 66, 0) on light 0
2025-11-25 14:34:36,978 [INFO] Setting color(198, 57, 0) on light 0
2025-11-25 14:34:37,024 [INFO] Setting color(204, 51, 0) on light 0
2025-11-25 14:34:37,068 [INFO] Setting color(210, 45, 0) on light 0
2025-11-25 14:34:37,110 [INFO] Setting color(216, 39, 0) on light 0
2025-11-25 14:34:37,154 [INFO] Setting color(225, 30, 0) on light 0
2025-11-25 14:34:37,196 [INFO] Setting color(231, 24, 0) on light 0
2025-11-25 14:34:37,240 [INFO] Setting color(237, 18, 0) on light 0
2025-11-25 14:34:37,284 [INFO] Setting color(243, 12, 0) on light 0
2025-11-25 14:34:37,328 [INFO] Setting color(249, 6, 0) on light 0
2025-11-25 14:34:37,373 [INFO] Setting color(252, 0, 3) on light 0
2025-11-25 14:34:37,416 [INFO] Setting color(246, 0, 9) on light 0
2025-11-25 14:34:37,457 [INFO] Setting color(240, 0, 15) on light 0
2025-11-25 14:34:37,503 [INFO] Setting color(234, 0, 21) on light 0
2025-11-25 14:34:37,546 [INFO] Setting color(225, 0, 30) on light 0
2025-11-25 14:34:37,591 [INFO] Setting color(219, 0, 36) on light 0
2025-11-25 14:34:37,632 [INFO] Setting color(213, 0, 42) on light 0
2025-11-25 14:34:37,674 [INFO] Setting color(207, 0, 48) on light 0
2025-11-25 14:34:37,717 [INFO] Setting color(201, 0, 54) on light 0
2025-11-25 14:34:37,763 [INFO] Setting color(192, 0, 63) on light 0
2025-11-25 14:34:37,805 [INFO] Setting color(186, 0, 69) on light 0
2025-11-25 14:34:37,849 [INFO] Setting color(180, 0, 75) on light 0
2025-11-25 14:34:37,893 [INFO] Setting color(174, 0, 81) on light 0
2025-11-25 14:34:37,938 [INFO] Setting color(165, 0, 90) on light 0
2025-11-25 14:34:37,984 [INFO] Setting color(159, 0, 96) on light 0
2025-11-25 14:34:38,026 [INFO] Setting color(153, 0, 102) on light 0
2025-11-25 14:34:38,071 [INFO] Setting color(147, 0, 108) on light 0
2025-11-25 14:34:38,112 [INFO] Setting color(141, 0, 114) on light 0
2025-11-25 14:34:38,153 [INFO] Setting color(132, 0, 123) on light 0
2025-11-25 14:34:38,195 [INFO] Setting color(126, 0, 129) on light 0
2025-11-25 14:34:38,240 [INFO] Setting color(120, 0, 135) on light 0
2025-11-25 14:34:38,281 [INFO] Setting color(114, 0, 141) on light 0
2025-11-25 14:34:38,325 [INFO] Setting color(108, 0, 147) on light 0
2025-11-25 14:34:38,366 [INFO] Setting color(102, 0, 153) on light 0
2025-11-25 14:34:38,410 [INFO] Setting color(93, 0, 162) on light 0
2025-11-25 14:34:38,455 [INFO] Setting color(87, 0, 168) on light 0
2025-11-25 14:34:38,500 [INFO] Setting color(81, 0, 174) on light 0
2025-11-25 14:34:38,545 [INFO] Setting color(72, 0, 183) on light 0
2025-11-25 14:34:38,590 [INFO] Setting color(66, 0, 189) on light 0
2025-11-25 14:34:38,634 [INFO] Setting color(60, 0, 195) on light 0
2025-11-25 14:34:38,675 [INFO] Setting color(54, 0, 201) on light 0
2025-11-25 14:34:38,719 [INFO] Setting color(48, 0, 207) on light 0
2025-11-25 14:34:38,764 [INFO] Setting color(39, 0, 216) on light 0
2025-11-25 14:34:38,810 [INFO] Setting color(33, 0, 222) on light 0
2025-11-25 14:34:38,855 [INFO] Setting color(27, 0, 228) on light 0
2025-11-25 14:34:38,900 [INFO] Setting color(18, 0, 237) on light 0
2025-11-25 14:34:38,943 [INFO] Setting color(12, 0, 243) on light 0
2025-11-25 14:34:38,988 [INFO] Setting color(6, 0, 249) on light 0
2025-11-25 14:34:39,034 [INFO] Setting color(0, 3, 252) on light 0
2025-11-25 14:34:39,076 [INFO] Setting color(0, 9, 246) on light 0
2025-11-25 14:34:39,119 [INFO] Setting color(0, 15, 240) on light 0
2025-11-25 14:34:39,161 [INFO] Setting color(0, 21, 234) on light 0
2025-11-25 14:34:39,207 [INFO] Setting color(0, 27, 228) on light 0
2025-11-25 14:34:39,248 [INFO] Setting color(0, 33, 222) on light 0
2025-11-25 14:34:39,290 [INFO] Setting color(0, 42, 213) on light 0
2025-11-25 14:34:39,332 [INFO] Setting color(0, 48, 207) on light 0
2025-11-25 14:34:39,377 [INFO] Setting color(0, 54, 201) on light 0
2025-11-25 14:34:39,422 [INFO] Setting color(0, 60, 195) on light 0
2025-11-25 14:34:39,467 [INFO] Setting color(0, 69, 186) on light 0
2025-11-25 14:34:39,510 [INFO] Setting color(0, 75, 180) on light 0
2025-11-25 14:34:39,555 [INFO] Setting color(0, 81, 174) on light 0
2025-11-25 14:34:39,600 [INFO] Setting color(0, 87, 168) on light 0
2025-11-25 14:34:39,646 [INFO] Setting color(0, 96, 159) on light 0
2025-11-25 14:34:39,688 [INFO] Setting color(0, 102, 153) on light 0
2025-11-25 14:34:39,732 [INFO] Setting color(0, 108, 147) on light 0
2025-11-25 14:34:39,778 [INFO] Setting color(0, 114, 141) on light 0
2025-11-25 14:34:39,823 [INFO] Setting color(0, 123, 132) on light 0
2025-11-25 14:34:39,866 [INFO] Setting color(0, 129, 126) on light 0
2025-11-25 14:34:39,911 [INFO] Setting color(0, 135, 120) on light 0
2025-11-25 14:34:39,957 [INFO] Setting color(0, 144, 111) on light 0
2025-11-25 14:34:40,001 [INFO] Setting color(0, 150, 105) on light 0
2025-11-25 14:34:40,045 [INFO] Setting color(0, 156, 99) on light 0
2025-11-25 14:34:40,090 [INFO] Setting color(0, 162, 93) on light 0
2025-11-25 14:34:40,133 [INFO] Setting color(0, 171, 84) on light 0
2025-11-25 14:34:40,178 [INFO] Setting color(0, 177, 78) on light 0
2025-11-25 14:34:40,224 [INFO] Setting color(0, 183, 72) on light 0
2025-11-25 14:34:40,269 [INFO] Setting color(0, 189, 66) on light 0
2025-11-25 14:34:40,315 [INFO] Setting color(0, 198, 57) on light 0
2025-11-25 14:34:40,357 [INFO] Setting color(0, 204, 51) on light 0
2025-11-25 14:34:40,401 [INFO] Setting color(0, 210, 45) on light 0
2025-11-25 14:34:40,442 [INFO] Setting color(0, 216, 39) on light 0
2025-11-25 14:34:40,483 [INFO] Setting color(0, 222, 33) on light 0
2025-11-25 14:34:40,529 [INFO] Setting color(0, 231, 24) on light 0
2025-11-25 14:34:40,571 [INFO] Setting color(0, 237, 18) on light 0
2025-11-25 14:34:40,617 [INFO] Setting color(0, 243, 12) on light 0
2025-11-25 14:34:40,658 [INFO] Setting color(0, 249, 6) on light 0
2025-11-25 14:34:40,703 [INFO] Setting color(3, 252, 0) on light 0
2025-11-25 14:34:40,744 [INFO] Setting color(9, 246, 0) on light 0
2025-11-25 14:34:40,790 [INFO] Setting color(15, 240, 0) on light 0
2025-11-25 14:34:40,833 [INFO] Setting color(21, 234, 0) on light 0
2025-11-25 14:34:40,876 [INFO] Setting color(27, 228, 0) on light 0
2025-11-25 14:34:40,922 [INFO] Setting color(36, 219, 0) on light 0
2025-11-25 14:34:40,967 [INFO] Setting color(42, 213, 0) on light 0
2025-11-25 14:34:41,009 [INFO] Setting color(48, 207, 0) on light 0
2025-11-25 14:34:41,050 [INFO] Setting color(54, 201, 0) on light 0
2025-11-25 14:34:41,096 [INFO] Setting color(63, 192, 0) on light 0
2025-11-25 14:34:41,140 [INFO] Setting color(69, 186, 0) on light 0
2025-11-25 14:34:41,184 [INFO] Setting color(75, 180, 0) on light 0
2025-11-25 14:34:41,226 [INFO] Setting color(81, 174, 0) on light 0
2025-11-25 14:34:41,267 [INFO] Setting color(87, 168, 0) on light 0
2025-11-25 14:34:41,313 [INFO] Setting color(96, 159, 0) on light 0
2025-11-25 14:34:41,355 [INFO] Setting color(102, 153, 0) on light 0
2025-11-25 14:34:41,396 [INFO] Setting color(108, 147, 0) on light 0
2025-11-25 14:34:41,442 [INFO] Setting color(114, 141, 0) on light 0
2025-11-25 14:34:41,483 [INFO] Setting color(120, 135, 0) on light 0
2025-11-25 14:34:41,529 [INFO] Setting color(129, 126, 0) on light 0
2025-11-25 14:34:41,575 [INFO] Setting color(135, 120, 0) on light 0
2025-11-25 14:34:41,618 [INFO] Setting color(141, 114, 0) on light 0
2025-11-25 14:34:41,663 [INFO] Setting color(150, 105, 0) on light 0
2025-11-25 14:34:41,706 [INFO] Setting color(156, 99, 0) on light 0
2025-11-25 14:34:41,752 [INFO] Setting color(162, 93, 0) on light 0
2025-11-25 14:34:41,796 [INFO] Setting color(168, 87, 0) on light 0
2025-11-25 14:34:41,839 [INFO] Setting color(177, 78, 0) on light 0
2025-11-25 14:34:41,881 [INFO] Setting color(183, 72, 0) on light 0
2025-11-25 14:34:41,923 [INFO] Setting color(189, 66, 0) on light 0
2025-11-25 14:34:41,968 [INFO] Setting color(195, 60, 0) on light 0
2025-11-25 14:34:42,010 [INFO] Setting color(201, 54, 0) on light 0
2025-11-25 14:34:42,052 [INFO] Setting color(207, 48, 0) on light 0
2025-11-25 14:34:42,094 [INFO] Setting color(216, 39, 0) on light 0
2025-11-25 14:34:42,137 [INFO] Setting color(222, 33, 0) on light 0
2025-11-25 14:34:42,179 [INFO] Setting color(228, 27, 0) on light 0
2025-11-25 14:34:42,222 [INFO] Setting color(234, 21, 0) on light 0
2025-11-25 14:34:42,266 [INFO] Setting color(240, 15, 0) on light 0
2025-11-25 14:34:42,311 [INFO] Setting color(249, 6, 0) on light 0
2025-11-25 14:34:42,356 [INFO] Setting color(255, 0, 0) on light 0
2025-11-25 14:34:42,401 [INFO] Setting color(249, 0, 6) on light 0
2025-11-25 14:34:42,443 [INFO] Setting color(243, 0, 12) on light 0
2025-11-25 14:34:42,488 [INFO] Setting color(234, 0, 21) on light 0
2025-11-25 14:34:42,533 [INFO] Setting color(228, 0, 27) on light 0
2025-11-25 14:34:42,578 [INFO] Setting color(222, 0, 33) on light 0
2025-11-25 14:34:42,624 [INFO] Setting color(213, 0, 42) on light 0
2025-11-25 14:34:42,667 [INFO] Setting color(207, 0, 48) on light 0
2025-11-25 14:34:42,711 [INFO] Setting color(201, 0, 54) on light 0
2025-11-25 14:34:42,756 [INFO] Setting color(195, 0, 60) on light 0
2025-11-25 14:34:42,801 [INFO] Setting color(186, 0, 69) on light 0
2025-11-25 14:34:42,843 [INFO] Setting color(180, 0, 75) on light 0
2025-11-25 14:34:42,885 [INFO] Setting color(174, 0, 81) on light 0
2025-11-25 14:34:42,929 [INFO] Setting color(168, 0, 87) on light 0
2025-11-25 14:34:42,973 [INFO] Setting color(162, 0, 93) on light 0
2025-11-25 14:34:43,014 [INFO] Setting color(156, 0, 99) on light 0
2025-11-25 14:34:43,058 [INFO] Setting color(147, 0, 108) on light 0
2025-11-25 14:34:43,103 [INFO] Setting color(141, 0, 114) on light 0
2025-11-25 14:34:43,148 [INFO] Setting color(135, 0, 120) on light 0
2025-11-25 14:34:43,194 [INFO] Setting color(126, 0, 129) on light 0
2025-11-25 14:34:43,235 [INFO] Setting color(120, 0, 135) on light 0
2025-11-25 14:34:43,279 [INFO] Setting color(114, 0, 141) on light 0
2025-11-25 14:34:43,324 [INFO] Setting color(108, 0, 147) on light 0
2025-11-25 14:34:43,365 [INFO] Setting color(102, 0, 153) on light 0
2025-11-25 14:34:43,411 [INFO] Setting color(93, 0, 162) on light 0
2025-11-25 14:34:43,454 [INFO] Setting color(87, 0, 168) on light 0
2025-11-25 14:34:43,499 [INFO] Setting color(81, 0, 174) on light 0
2025-11-25 14:34:43,544 [INFO] Setting color(72, 0, 183) on light 0
2025-11-25 14:34:43,586 [INFO] Setting color(66, 0, 189) on light 0
2025-11-25 14:34:43,631 [INFO] Setting color(60, 0, 195) on light 0
2025-11-25 14:34:43,675 [INFO] Setting color(54, 0, 201) on light 0
2025-11-25 14:34:43,717 [INFO] Setting color(48, 0, 207) on light 0
2025-11-25 14:34:43,761 [INFO] Setting color(39, 0, 216) on light 0
2025-11-25 14:34:43,807 [INFO] Setting color(33, 0, 222) on light 0
2025-11-25 14:34:43,852 [INFO] Setting color(27, 0, 228) on light 0
2025-11-25 14:34:43,894 [INFO] Setting color(21, 0, 234) on light 0
2025-11-25 14:34:43,939 [INFO] Setting color(12, 0, 243) on light 0
2025-11-25 14:34:43,985 [INFO] Setting color(6, 0, 249) on light 0
2025-11-25 14:34:44,029 [INFO] Setting color(0, 0, 255) on light 0
2025-11-25 14:34:44,073 [INFO] Setting color(0, 6, 249) on light 0
2025-11-25 14:34:44,117 [INFO] Setting color(0, 15, 240) on light 0
2025-11-25 14:34:44,163 [INFO] Setting color(0, 21, 234) on light 0
2025-11-25 14:34:44,206 [INFO] Setting color(0, 27, 228) on light 0
2025-11-25 14:34:44,249 [INFO] Setting color(0, 33, 222) on light 0
2025-11-25 14:34:44,294 [INFO] Setting color(0, 42, 213) on light 0
2025-11-25 14:34:44,340 [INFO] Setting color(0, 48, 207) on light 0
2025-11-25 14:34:44,385 [INFO] Setting color(0, 54, 201) on light 0
2025-11-25 14:34:44,426 [INFO] Setting color(0, 63, 192) on light 0
2025-11-25 14:34:44,470 [INFO] Setting color(0, 69, 186) on light 0
2025-11-25 14:34:44,516 [INFO] Setting color(0, 75, 180) on light 0
2025-11-25 14:34:44,557 [INFO] Setting color(0, 81, 174) on light 0
2025-11-25 14:34:44,602 [INFO] Setting color(0, 87, 168) on light 0
2025-11-25 14:34:44,646 [INFO] Setting color(0, 96, 159) on light 0
2025-11-25 14:34:44,688 [INFO] Setting color(0, 102, 153) on light 0
2025-11-25 14:34:44,732 [INFO] Setting color(0, 108, 147) on light 0
2025-11-25 14:34:44,778 [INFO] Setting color(0, 114, 141) on light 0
2025-11-25 14:34:44,823 [INFO] Setting color(0, 123, 132) on light 0
2025-11-25 14:34:44,869 [INFO] Setting color(0, 129, 126) on light 0
2025-11-25 14:34:44,913 [INFO] Setting color(0, 135, 120) on light 0
2025-11-25 14:34:44,958 [INFO] Setting color(0, 144, 111) on light 0
2025-11-25 14:34:45,001 [INFO] Setting color(0, 150, 105) on light 0
2025-11-25 14:34:45,043 [INFO] Setting color(0, 156, 99) on light 0
2025-11-25 14:34:45,088 [INFO] Setting color(0, 162, 93) on light 0
2025-11-25 14:34:45,132 [INFO] Setting color(0, 171, 84) on light 0
2025-11-25 14:34:45,178 [INFO] Setting color(0, 177, 78) on light 0
2025-11-25 14:34:45,223 [INFO] Setting color(0, 183, 72) on light 0
2025-11-25 14:34:45,267 [INFO] Setting color(0, 189, 66) on light 0
2025-11-25 14:34:45,311 [INFO] Setting color(0, 198, 57) on light 0
2025-11-25 14:34:45,354 [INFO] Setting color(0, 204, 51) on light 0
2025-11-25 14:34:45,400 [INFO] Setting color(0, 210, 45) on light 0
2025-11-25 14:34:45,443 [INFO] Setting color(0, 216, 39) on light 0
2025-11-25 14:34:45,486 [INFO] Setting color(0, 225, 30) on light 0
2025-11-25 14:34:45,529 [INFO] Setting color(0, 231, 24) on light 0
2025-11-25 14:34:45,570 [INFO] Setting color(0, 237, 18) on light 0
2025-11-25 14:34:45,616 [INFO] Setting color(0, 243, 12) on light 0
2025-11-25 14:34:45,661 [INFO] Setting color(0, 249, 6) on light 0
2025-11-25 14:34:45,701 [INFO] Setting color(3, 252, 0) on light 0
2025-11-25 14:34:45,747 [INFO] Setting color(9, 246, 0) on light 0
2025-11-25 14:34:45,790 [INFO] Setting color(15, 240, 0) on light 0
2025-11-25 14:34:45,834 [INFO] Setting color(21, 234, 0) on light 0
2025-11-25 14:34:45,876 [INFO] Setting color(27, 228, 0) on light 0
2025-11-25 14:34:45,922 [INFO] Setting color(36, 219, 0) on light 0
2025-11-25 14:34:45,967 [INFO] Setting color(42, 213, 0) on light 0
2025-11-25 14:34:46,009 [INFO] Setting color(48, 207, 0) on light 0
2025-11-25 14:34:46,054 [INFO] Setting color(57, 198, 0) on light 0
2025-11-25 14:34:46,099 [INFO] Setting color(63, 192, 0) on light 0
2025-11-25 14:34:46,139 [INFO] Setting color(69, 186, 0) on light 0
2025-11-25 14:34:46,185 [INFO] Setting color(75, 180, 0) on light 0
2025-11-25 14:34:46,231 [INFO] Setting color(84, 171, 0) on light 0
2025-11-25 14:34:46,276 [INFO] Setting color(90, 165, 0) on light 0
2025-11-25 14:34:46,322 [INFO] Setting color(96, 159, 0) on light 0
2025-11-25 14:34:46,368 [INFO] Setting color(105, 150, 0) on light 0
2025-11-25 14:34:46,413 [INFO] Setting color(111, 144, 0) on light 0
2025-11-25 14:34:46,456 [INFO] Setting color(117, 138, 0) on light 0
2025-11-25 14:34:46,501 [INFO] Setting color(123, 132, 0) on light 0
2025-11-25 14:34:46,545 [INFO] Setting color(132, 123, 0) on light 0
2025-11-25 14:34:46,587 [INFO] Setting color(138, 117, 0) on light 0
2025-11-25 14:34:46,632 [INFO] Setting color(144, 111, 0) on light 0
2025-11-25 14:34:46,674 [INFO] Setting color(150, 105, 0) on light 0
2025-11-25 14:34:46,720 [INFO] Setting color(156, 99, 0) on light 0
2025-11-25 14:34:46,765 [INFO] Setting color(165, 90, 0) on light 0
2025-11-25 14:34:46,807 [INFO] Setting color(171, 84, 0) on light 0
2025-11-25 14:34:46,851 [INFO] Setting color(177, 78, 0) on light 0
2025-11-25 14:34:46,896 [INFO] Setting color(183, 72, 0) on light 0
2025-11-25 14:34:46,942 [INFO] Setting color(192, 63, 0) on light 0
2025-11-25 14:34:46,983 [INFO] Setting color(198, 57, 0) on light 0
2025-11-25 14:34:47,025 [INFO] Setting color(204, 51, 0) on light 0
2025-11-25 14:34:47,067 [INFO] Setting color(210, 45, 0) on light 0
2025-11-25 14:34:47,113 [INFO] Setting color(216, 39, 0) on light 0
2025-11-25 14:34:47,157 [INFO] Setting color(225, 30, 0) on light 0
2025-11-25 14:34:47,198 [INFO] Setting color(231, 24, 0) on light 0
2025-11-25 14:34:47,242 [INFO] Setting color(237, 18, 0) on light 0
2025-11-25 14:34:47,285 [INFO] Setting color(243, 12, 0) on light 0
2025-11-25 14:34:47,328 [INFO] Setting color(249, 6, 0) on light 0
2025-11-25 14:34:47,373 [INFO] Setting color(252, 0, 3) on light 0
2025-11-25 14:34:47,417 [INFO] Setting color(246, 0, 9) on light 0
2025-11-25 14:34:47,461 [INFO] Setting color(240, 0, 15) on light 0
2025-11-25 14:34:47,504 [INFO] Setting color(234, 0, 21) on light 0
2025-11-25 14:34:47,548 [INFO] Setting color(225, 0, 30) on light 0
2025-11-25 14:34:47,590 [INFO] Setting color(219, 0, 36) on light 0
2025-11-25 14:34:47,634 [INFO] Setting color(213, 0, 42) on light 0
2025-11-25 14:34:47,680 [INFO] Setting color(207, 0, 48) on light 0
2025-11-25 14:34:47,724 [INFO] Setting color(198, 0, 57) on light 0
2025-11-25 14:34:47,767 [INFO] Setting color(192, 0, 63) on light 0
2025-11-25 14:34:47,812 [INFO] Setting color(186, 0, 69) on light 0
2025-11-25 14:34:47,858 [INFO] Setting color(180, 0, 75) on light 0
2025-11-25 14:34:47,899 [INFO] Setting color(171, 0, 84) on light 0
2025-11-25 14:34:47,942 [INFO] Setting color(165, 0, 90) on light 0
2025-11-25 14:34:47,985 [INFO] Setting color(159, 0, 96) on light 0
2025-11-25 14:34:48,028 [INFO] Setting color(153, 0, 102) on light 0
2025-11-25 14:34:48,071 [INFO] Setting color(147, 0, 108) on light 0
2025-11-25 14:34:48,112 [INFO] Setting color(141, 0, 114) on light 0
2025-11-25 14:34:48,158 [INFO] Setting color(132, 0, 123) on light 0
2025-11-25 14:34:48,203 [INFO] Setting color(126, 0, 129) on light 0
2025-11-25 14:34:48,248 [INFO] Setting color(120, 0, 135) on light 0
2025-11-25 14:34:48,293 [INFO] Setting color(111, 0, 144) on light 0
2025-11-25 14:34:48,334 [INFO] Setting color(105, 0, 150) on light 0
2025-11-25 14:34:48,377 [INFO] Setting color(99, 0, 156) on light 0
2025-11-25 14:34:48,418 [INFO] Setting color(93, 0, 162) on light 0
2025-11-25 14:34:48,460 [INFO] Setting color(87, 0, 168) on light 0
2025-11-25 14:34:48,501 [INFO] Setting color(81, 0, 174) on light 0
2025-11-25 14:34:48,547 [INFO] Setting color(72, 0, 183) on light 0
2025-11-25 14:34:48,591 [INFO] Setting color(66, 0, 189) on light 0
2025-11-25 14:34:48,636 [INFO] Setting color(60, 0, 195) on light 0
2025-11-25 14:34:48,678 [INFO] Setting color(54, 0, 201) on light 0
2025-11-25 14:34:48,719 [INFO] Setting color(48, 0, 207) on light 0
2025-11-25 14:34:48,764 [INFO] Setting color(39, 0, 216) on light 0
2025-11-25 14:34:48,809 [INFO] Setting color(33, 0, 222) on light 0
2025-11-25 14:34:48,854 [INFO] Setting color(27, 0, 228) on light 0
2025-11-25 14:34:48,895 [INFO] Setting color(21, 0, 234) on light 0
2025-11-25 14:34:48,938 [INFO] Setting color(12, 0, 243) on light 0
2025-11-25 14:34:48,983 [INFO] Setting color(6, 0, 249) on light 0
2025-11-25 14:34:49,027 [INFO] Setting color(0, 0, 255) on light 0
2025-11-25 14:34:49,073 [INFO] Setting color(0, 6, 249) on light 0
2025-11-25 14:34:49,116 [INFO] Setting color(0, 15, 240) on light 0
2025-11-25 14:34:49,162 [INFO] Setting color(0, 21, 234) on light 0
2025-11-25 14:34:49,205 [INFO] Setting color(0, 27, 228) on light 0
2025-11-25 14:34:49,250 [INFO] Setting color(0, 36, 219) on light 0
2025-11-25 14:34:49,296 [INFO] Setting color(0, 42, 213) on light 0
2025-11-25 14:34:49,341 [INFO] Setting color(0, 48, 207) on light 0
2025-11-25 14:34:49,382 [INFO] Setting color(0, 54, 201) on light 0
2025-11-25 14:34:49,424 [INFO] Setting color(0, 60, 195) on light 0
2025-11-25 14:34:49,466 [INFO] Setting color(0, 69, 186) on light 0
2025-11-25 14:34:49,511 [INFO] Setting color(0, 75, 180) on light 0
2025-11-25 14:34:49,554 [INFO] Setting color(0, 81, 174) on light 0
2025-11-25 14:34:49,597 [INFO] Setting color(0, 87, 168) on light 0
2025-11-25 14:34:49,638 [INFO] Setting color(0, 93, 162) on light 0
2025-11-25 14:34:49,679 [INFO] Setting color(0, 99, 156) on light 0
2025-11-25 14:34:49,723 [INFO] Setting color(0, 108, 147) on light 0
2025-11-25 14:34:49,767 [INFO] Setting color(0, 114, 141) on light 0
2025-11-25 14:34:49,813 [INFO] Setting color(0, 120, 135) on light 0
2025-11-25 14:34:49,856 [INFO] Setting color(0, 126, 129) on light 0
2025-11-25 14:34:49,900 [INFO] Setting color(0, 135, 120) on light 0
2025-11-25 14:34:49,946 [INFO] Setting color(0, 141, 114) on light 0
2025-11-25 14:34:49,991 [INFO] Setting color(0, 147, 108) on light 0
2025-11-25 14:34:50,037 [INFO] Setting color(0, 156, 99) on light 0
2025-11-25 14:34:50,079 [INFO] Setting color(0, 162, 93) on light 0
2025-11-25 14:34:50,123 [INFO] Setting color(0, 168, 87) on light 0
2025-11-25 14:34:50,167 [INFO] Setting color(0, 174, 81) on light 0
2025-11-25 14:34:50,212 [INFO] Setting color(0, 183, 72) on light 0
2025-11-25 14:34:50,256 [INFO] Setting color(0, 189, 66) on light 0
2025-11-25 14:34:50,300 [INFO] Setting color(0, 195, 60) on light 0
2025-11-25 14:34:50,342 [INFO] Setting color(0, 201, 54) on light 0
2025-11-25 14:34:50,387 [INFO] Setting color(0, 207, 48) on light 0
2025-11-25 14:34:50,431 [INFO] Setting color(0, 216, 39) on light 0
2025-11-25 14:34:50,474 [INFO] Setting color(0, 222, 33) on light 0
2025-11-25 14:34:50,516 [INFO] Setting color(0, 228, 27) on light 0
2025-11-25 14:34:50,560 [INFO] Setting color(0, 234, 21) on light 0
2025-11-25 14:34:50,606 [INFO] Setting color(0, 243, 12) on light 0
2025-11-25 14:34:50,649 [INFO] Setting color(0, 249, 6) on light 0
2025-11-25 14:34:50,694 [INFO] Setting color(0, 255, 0) on light 0
2025-11-25 14:34:50,740 [INFO] Setting color(6, 249, 0) on light 0
2025-11-25 14:34:50,781 [INFO] Setting color(15, 240, 0) on light 0
2025-11-25 14:34:50,826 [INFO] Setting color(21, 234, 0) on light 0
2025-11-25 14:34:50,872 [INFO] Setting color(27, 228, 0) on light 0
2025-11-25 14:34:50,915 [INFO] Setting color(33, 222, 0) on light 0
2025-11-25 14:34:50,961 [INFO] Setting color(42, 213, 0) on light 0
2025-11-25 14:34:51,007 [INFO] Setting color(48, 207, 0) on light 0
2025-11-25 14:34:51,051 [INFO] Setting color(54, 201, 0) on light 0
2025-11-25 14:34:51,096 [INFO] Setting color(63, 192, 0) on light 0
2025-11-25 14:34:51,140 [INFO] Setting color(69, 186, 0) on light 0
2025-11-25 14:34:51,184 [INFO] Setting color(75, 180, 0) on light 0
2025-11-25 14:34:51,229 [INFO] Setting color(81, 174, 0) on light 0
2025-11-25 14:34:51,272 [INFO] Setting color(90, 165, 0) on light 0
2025-11-25 14:34:51,314 [INFO] Setting color(96, 159, 0) on light 0
2025-11-25 14:34:51,357 [INFO] Setting color(102, 153, 0) on light 0
2025-11-25 14:34:51,402 [INFO] Setting color(108, 147, 0) on light 0
2025-11-25 14:34:51,445 [INFO] Setting color(114, 141, 0) on light 0
2025-11-25 14:34:51,490 [INFO] Setting color(123, 132, 0) on light 0
2025-11-25 14:34:51,533 [INFO] Setting color(129, 126, 0) on light 0
2025-11-25 14:34:51,578 [INFO] Setting color(135, 120, 0) on light 0
2025-11-25 14:34:51,624 [INFO] Setting color(144, 111, 0) on light 0
2025-11-25 14:34:51,669 [INFO] Setting color(150, 105, 0) on light 0
2025-11-25 14:34:51,712 [INFO] Setting color(156, 99, 0) on light 0
2025-11-25 14:34:51,756 [INFO] Setting color(162, 93, 0) on light 0
2025-11-25 14:34:51,798 [INFO] Setting color(168, 87, 0) on light 0
2025-11-25 14:34:51,844 [INFO] Setting color(177, 78, 0) on light 0
2025-11-25 14:34:51,890 [INFO] Setting color(183, 72, 0) on light 0
2025-11-25 14:34:51,936 [INFO] Setting color(189, 66, 0) on light 0
2025-11-25 14:34:51,979 [INFO] Setting color(198, 57, 0) on light 0
2025-11-25 14:34:52,020 [INFO] Setting color(204, 51, 0) on light 0
2025-11-25 14:34:52,061 [INFO] Setting color(210, 45, 0) on light 0
2025-11-25 14:34:52,107 [INFO] Setting color(216, 39, 0) on light 0
2025-11-25 14:34:52,151 [INFO] Setting color(222, 33, 0) on light 0
2025-11-25 14:34:52,196 [INFO] Setting color(231, 24, 0) on light 0
2025-11-25 14:34:52,241 [INFO] Setting color(237, 18, 0) on light 0
2025-11-25 14:34:52,286 [INFO] Setting color(243, 12, 0) on light 0
2025-11-25 14:34:52,332 [INFO] Setting color(252, 3, 0) on light 0
2025-11-25 14:34:52,378 [INFO] Setting color(252, 0, 3) on light 0
2025-11-25 14:34:52,420 [INFO] Setting color(246, 0, 9) on light 0
2025-11-25 14:34:52,461 [INFO] Setting color(240, 0, 15) on light 0
2025-11-25 14:34:52,503 [INFO] Setting color(234, 0, 21) on light 0
2025-11-25 14:34:52,549 [INFO] Setting color(225, 0, 30) on light 0
2025-11-25 14:34:52,593 [INFO] Setting color(219, 0, 36) on light 0
2025-11-25 14:34:52,639 [INFO] Setting color(213, 0, 42) on light 0
2025-11-25 14:34:52,684 [INFO] Setting color(204, 0, 51) on light 0
2025-11-25 14:34:52,728 [INFO] Setting color(198, 0, 57) on light 0
2025-11-25 14:34:52,773 [INFO] Setting color(192, 0, 63) on light 0
2025-11-25 14:34:52,817 [INFO] Setting color(186, 0, 69) on light 0
2025-11-25 14:34:52,857 [INFO] Setting color(180, 0, 75) on light 0
2025-11-25 14:34:52,901 [INFO] Setting color(171, 0, 84) on light 0
2025-11-25 14:34:52,947 [INFO] Setting color(165, 0, 90) on light 0
2025-11-25 14:34:52,992 [INFO] Setting color(159, 0, 96) on light 0
2025-11-25 14:34:53,033 [INFO] Setting color(153, 0, 102) on light 0
2025-11-25 14:34:53,077 [INFO] Setting color(144, 0, 111) on light 0
2025-11-25 14:34:53,123 [INFO] Setting color(138, 0, 117) on light 0
2025-11-25 14:34:53,165 [INFO] Setting color(132, 0, 123) on light 0
2025-11-25 14:34:53,210 [INFO] Setting color(126, 0, 129) on light 0
2025-11-25 14:34:53,256 [INFO] Setting color(117, 0, 138) on light 0
2025-11-25 14:34:53,301 [INFO] Setting color(111, 0, 144) on light 0
2025-11-25 14:34:53,346 [INFO] Setting color(105, 0, 150) on light 0
2025-11-25 14:34:53,391 [INFO] Setting color(96, 0, 159) on light 0
2025-11-25 14:34:53,437 [INFO] Setting color(90, 0, 165) on light 0
2025-11-25 14:34:53,482 [INFO] Setting color(84, 0, 171) on light 0
2025-11-25 14:34:53,523 [INFO] Setting color(78, 0, 177) on light 0
2025-11-25 14:34:53,566 [INFO] Setting color(69, 0, 186) on light 0
2025-11-25 14:34:53,611 [INFO] Setting color(63, 0, 192) on light 0
2025-11-25 14:34:53,656 [INFO] Setting color(57, 0, 198) on light 0
2025-11-25 14:34:53,698 [INFO] Setting color(51, 0, 204) on light 0
2025-11-25 14:34:53,743 [INFO] Setting color(42, 0, 213) on light 0
2025-11-25 14:34:53,786 [INFO] Setting color(36, 0, 219) on light 0
2025-11-25 14:34:53,832 [INFO] Setting color(30, 0, 225) on light 0
2025-11-25 14:34:53,878 [INFO] Setting color(21, 0, 234) on light 0
2025-11-25 14:34:53,923 [INFO] Setting color(15, 0, 240) on light 0
2025-11-25 14:34:53,967 [INFO] Setting color(9, 0, 246) on light 0
2025-11-25 14:34:54,012 [INFO] Setting color(3, 0, 252) on light 0
2025-11-25 14:34:54,058 [INFO] Setting color(0, 6, 249) on light 0
2025-11-25 14:34:54,101 [INFO] Setting color(0, 12, 243) on light 0
2025-11-25 14:34:54,146 [INFO] Setting color(0, 18, 237) on light 0
2025-11-25 14:34:54,190 [INFO] Setting color(0, 24, 231) on light 0
2025-11-25 14:34:54,233 [INFO] Setting color(0, 33, 222) on light 0
2025-11-25 14:34:54,276 [INFO] Setting color(0, 39, 216) on light 0
2025-11-25 14:34:54,320 [INFO] Setting color(0, 45, 210) on light 0
2025-11-25 14:34:54,365 [INFO] Setting color(0, 51, 204) on light 0
2025-11-25 14:34:54,408 [INFO] Setting color(0, 60, 195) on light 0
2025-11-25 14:34:54,454 [INFO] Setting color(0, 66, 189) on light 0
2025-11-25 14:34:54,495 [INFO] Setting color(0, 72, 183) on light 0
2025-11-25 14:34:54,537 [INFO] Setting color(0, 78, 177) on light 0
2025-11-25 14:34:54,581 [INFO] Setting color(0, 84, 171) on light 0
2025-11-25 14:34:54,624 [INFO] Setting color(0, 93, 162) on light 0
2025-11-25 14:34:54,665 [INFO] Setting color(0, 99, 156) on light 0
2025-11-25 14:34:54,709 [INFO] Setting color(0, 105, 150) on light 0
2025-11-25 14:34:54,752 [INFO] Setting color(0, 111, 144) on light 0
2025-11-25 14:34:54,797 [INFO] Setting color(0, 117, 138) on light 0
2025-11-25 14:34:54,838 [INFO] Setting color(0, 126, 129) on light 0
2025-11-25 14:34:54,884 [INFO] Setting color(0, 132, 123) on light 0
2025-11-25 14:34:54,926 [INFO] Setting color(0, 138, 117) on light 0
2025-11-25 14:34:54,967 [INFO] Setting color(0, 144, 111) on light 0
2025-11-25 14:34:55,011 [INFO] Setting color(0, 150, 105) on light 0
2025-11-25 14:34:55,052 [INFO] Setting color(0, 156, 99) on light 0
2025-11-25 14:34:55,098 [INFO] Setting color(0, 165, 90) on light 0
2025-11-25 14:34:55,143 [INFO] Setting color(0, 171, 84) on light 0
2025-11-25 14:34:55,188 [INFO] Setting color(0, 177, 78) on light 0
2025-11-25 14:34:55,233 [INFO] Setting color(0, 186, 69) on light 0
2025-11-25 14:34:55,279 [INFO] Setting color(0, 192, 63) on light 0
2025-11-25 14:34:55,325 [INFO] Setting color(0, 198, 57) on light 0
2025-11-25 14:34:55,370 [INFO] Setting color(0, 207, 48) on light 0
2025-11-25 14:34:55,413 [INFO] Setting color(0, 213, 42) on light 0
2025-11-25 14:34:55,456 [INFO] Setting color(0, 219, 36) on light 0
2025-11-25 14:34:55,501 [INFO] Setting color(0, 225, 30) on light 0
2025-11-25 14:34:55,543 [INFO] Setting color(0, 231, 24) on light 0
2025-11-25 14:34:55,585 [INFO] Setting color(0, 240, 15) on light 0
2025-11-25 14:34:55,630 [INFO] Setting color(0, 246, 9) on light 0
2025-11-25 14:34:55,676 [INFO] Setting color(0, 252, 3) on light 0
2025-11-25 14:34:55,718 [INFO] Setting color(3, 252, 0) on light 0
2025-11-25 14:34:55,759 [INFO] Setting color(9, 246, 0) on light 0
2025-11-25 14:34:55,804 [INFO] Setting color(18, 237, 0) on light 0
2025-11-25 14:34:55,849 [INFO] Setting color(24, 231, 0) on light 0
2025-11-25 14:34:55,893 [INFO] Setting color(30, 225, 0) on light 0
2025-11-25 14:34:55,934 [INFO] Setting color(36, 219, 0) on light 0
2025-11-25 14:34:55,976 [INFO] Setting color(45, 210, 0) on light 0
2025-11-25 14:34:56,022 [INFO] Setting color(51, 204, 0) on light 0
2025-11-25 14:34:56,064 [INFO] Setting color(57, 198, 0) on light 0
2025-11-25 14:34:56,110 [INFO] Setting color(63, 192, 0) on light 0
2025-11-25 14:34:56,152 [INFO] Setting color(72, 183, 0) on light 0
2025-11-25 14:34:56,198 [INFO] Setting color(78, 177, 0) on light 0
2025-11-25 14:34:56,243 [INFO] Setting color(84, 171, 0) on light 0
2025-11-25 14:34:56,285 [INFO] Setting color(90, 165, 0) on light 0
2025-11-25 14:34:56,328 [INFO] Setting color(96, 159, 0) on light 0
2025-11-25 14:34:56,373 [INFO] Setting color(105, 150, 0) on light 0
2025-11-25 14:34:56,419 [INFO] Setting color(111, 144, 0) on light 0
2025-11-25 14:34:56,463 [INFO] Setting color(117, 138, 0) on light 0
2025-11-25 14:34:56,504 [INFO] Setting color(123, 132, 0) on light 0
2025-11-25 14:34:56,546 [INFO] Setting color(132, 123, 0) on light 0
2025-11-25 14:34:56,592 [INFO] Setting color(138, 117, 0) on light 0
2025-11-25 14:34:56,637 [INFO] Setting color(144, 111, 0) on light 0
2025-11-25 14:34:56,682 [INFO] Setting color(153, 102, 0) on light 0
2025-11-25 14:34:56,727 [INFO] Setting color(159, 96, 0) on light 0
2025-11-25 14:34:56,769 [INFO] Setting color(165, 90, 0) on light 0
2025-11-25 14:34:56,810 [INFO] Setting color(171, 84, 0) on light 0
2025-11-25 14:34:56,855 [INFO] Setting color(177, 78, 0) on light 0
2025-11-25 14:34:56,901 [INFO] Setting color(186, 69, 0) on light 0
2025-11-25 14:34:56,946 [INFO] Setting color(192, 63, 0) on light 0
2025-11-25 14:34:56,989 [INFO] Setting color(198, 57, 0) on light 0
2025-11-25 14:34:57,032 [INFO] Setting color(204, 51, 0) on light 0
2025-11-25 14:34:57,077 [INFO] Setting color(213, 42, 0) on light 0
2025-11-25 14:34:57,119 [INFO] Setting color(219, 36, 0) on light 0
2025-11-25 14:34:57,165 [INFO] Setting color(225, 30, 0) on light 0
2025-11-25 14:34:57,209 [INFO] Setting color(231, 24, 0) on light 0
2025-11-25 14:34:57,252 [INFO] Setting color(240, 15, 0) on light 0
2025-11-25 14:34:57,296 [INFO] Setting color(246, 9, 0) on light 0
2025-11-25 14:34:57,337 [INFO] Setting color(252, 3, 0) on light 0
2025-11-25 14:34:57,381 [INFO] Setting color(252, 0, 3) on light 0
2025-11-25 14:34:57,426 [INFO] Setting color(243, 0, 12) on light 0
2025-11-25 14:34:57,471 [INFO] Setting color(237, 0, 18) on light 0
2025-11-25 14:34:57,513 [INFO] Setting color(231, 0, 24) on light 0
2025-11-25 14:34:57,557 [INFO] Setting color(225, 0, 30) on light 0
2025-11-25 14:34:57,602 [INFO] Setting color(219, 0, 36) on light 0
2025-11-25 14:34:57,648 [INFO] Setting color(210, 0, 45) on light 0
2025-11-25 14:34:57,693 [INFO] Setting color(204, 0, 51) on light 0
2025-11-25 14:34:57,739 [INFO] Setting color(198, 0, 57) on light 0
2025-11-25 14:34:57,784 [INFO] Setting color(189, 0, 66) on light 0
2025-11-25 14:34:57,828 [INFO] Setting color(183, 0, 72) on light 0
2025-11-25 14:34:57,873 [INFO] Setting color(177, 0, 78) on light 0
2025-11-25 14:34:57,917 [INFO] Setting color(168, 0, 87) on light 0
2025-11-25 14:34:57,963 [INFO] Setting color(162, 0, 93) on light 0
2025-11-25 14:34:58,004 [INFO] Setting color(156, 0, 99) on light 0
2025-11-25 14:34:58,045 [INFO] Setting color(150, 0, 105) on light 0
2025-11-25 14:34:58,088 [INFO] Setting color(144, 0, 111) on light 0
2025-11-25 14:34:58,133 [INFO] Setting color(135, 0, 120) on light 0
2025-11-25 14:34:58,179 [INFO] Setting color(129, 0, 126) on light 0
2025-11-25 14:34:58,224 [INFO] Setting color(123, 0, 132) on light 0
2025-11-25 14:34:58,268 [INFO] Setting color(117, 0, 138) on light 0
2025-11-25 14:34:58,313 [INFO] Setting color(108, 0, 147) on light 0
2025-11-25 14:34:58,356 [INFO] Setting color(102, 0, 153) on light 0
2025-11-25 14:34:58,402 [INFO] Setting color(96, 0, 159) on light 0
2025-11-25 14:34:58,448 [INFO] Setting color(87, 0, 168) on light 0
2025-11-25 14:34:58,492 [INFO] Setting color(81, 0, 174) on light 0
2025-11-25 14:34:58,536 [INFO] Setting color(75, 0, 180) on light 0
2025-11-25 14:34:58,582 [INFO] Setting color(69, 0, 186) on light 0
2025-11-25 14:34:58,628 [INFO] Setting color(60, 0, 195) on light 0
2025-11-25 14:34:58,669 [INFO] Setting color(54, 0, 201) on light 0
2025-11-25 14:34:58,714 [INFO] Setting color(48, 0, 207) on light 0
2025-11-25 14:34:58,757 [INFO] Setting color(42, 0, 213) on light 0
2025-11-25 14:34:58,798 [INFO] Setting color(36, 0, 219) on light 0
2025-11-25 14:34:58,844 [INFO] Setting color(27, 0, 228) on light 0
2025-11-25 14:34:58,889 [INFO] Setting color(21, 0, 234) on light 0
2025-11-25 14:34:58,931 [INFO] Setting color(15, 0, 240) on light 0
2025-11-25 14:34:58,972 [INFO] Setting color(9, 0, 246) on light 0
2025-11-25 14:34:59,013 [INFO] Setting color(3, 0, 252) on light 0
2025-11-25 14:34:59,054 [INFO] Setting color(0, 6, 249) on light 0
2025-11-25 14:34:59,096 [INFO] Setting color(0, 12, 243) on light 0
2025-11-25 14:34:59,137 [INFO] Setting color(0, 18, 237) on light 0
2025-11-25 14:34:59,180 [INFO] Setting color(0, 24, 231) on light 0
2025-11-25 14:34:59,225 [INFO] Setting color(0, 30, 225) on light 0
2025-11-25 14:34:59,268 [INFO] Setting color(0, 36, 219) on light 0
2025-11-25 14:34:59,312 [INFO] Setting color(0, 45, 210) on light 0
2025-11-25 14:34:59,355 [INFO] Setting color(0, 51, 204) on light 0
2025-11-25 14:34:59,400 [INFO] Setting color(0, 57, 198) on light 0
2025-11-25 14:34:59,446 [INFO] Setting color(0, 63, 192) on light 0
2025-11-25 14:34:59,488 [INFO] Setting color(0, 72, 183) on light 0
2025-11-25 14:34:59,531 [INFO] Setting color(0, 78, 177) on light 0
2025-11-25 14:34:59,572 [INFO] Setting color(0, 84, 171) on light 0
2025-11-25 14:34:59,615 [INFO] Setting color(0, 90, 165) on light 0
2025-11-25 14:34:59,657 [INFO] Setting color(0, 96, 159) on light 0
2025-11-25 14:34:59,702 [INFO] Setting color(0, 105, 150) on light 0
2025-11-25 14:34:59,746 [INFO] Setting color(0, 111, 144) on light 0
2025-11-25 14:34:59,790 [INFO] Setting color(0, 117, 138) on light 0
2025-11-25 14:34:59,833 [INFO] Setting color(0, 123, 132) on light 0
2025-11-25 14:34:59,879 [INFO] Setting color(0, 132, 123) on light 0
2025-11-25 14:34:59,923 [INFO] Setting color(0, 138, 117) on light 0
2025-11-25 14:34:59,965 [INFO] Setting color(0, 144, 111) on light 0
2025-11-25 14:35:00,010 [INFO] Setting color(0, 150, 105) on light 0
2025-11-25 14:35:00,053 [INFO] Setting color(0, 156, 99) on light 0
2025-11-25 14:35:00,098 [INFO] Setting color(0, 165, 90) on light 0
2025-11-25 14:35:00,140 [INFO] Setting color(0, 171, 84) on light 0
2025-11-25 14:35:00,184 [INFO] Setting color(0, 177, 78) on light 0
2025-11-25 14:35:00,229 [INFO] Setting color(0, 183, 72) on light 0
2025-11-25 14:35:00,271 [INFO] Setting color(0, 192, 63) on light 0
2025-11-25 14:35:00,317 [INFO] Setting color(0, 198, 57) on light 0
2025-11-25 14:35:00,362 [INFO] Setting color(0, 204, 51) on light 0
2025-11-25 14:35:00,406 [INFO] Setting color(0, 210, 45) on light 0
2025-11-25 14:35:00,452 [INFO] Setting color(0, 219, 36) on light 0
2025-11-25 14:35:00,497 [INFO] Setting color(0, 225, 30) on light 0
2025-11-25 14:35:00,543 [INFO] Setting color(0, 231, 24) on light 0
2025-11-25 14:35:00,588 [INFO] Setting color(0, 240, 15) on light 0
2025-11-25 14:35:00,634 [INFO] Setting color(0, 246, 9) on light 0
2025-11-25 14:35:00,676 [INFO] Setting color(0, 252, 3) on light 0
2025-11-25 14:35:00,719 [INFO] Setting color(3, 252, 0) on light 0
2025-11-25 14:35:00,760 [INFO] Setting color(12, 243, 0) on light 0
2025-11-25 14:35:00,806 [INFO] Setting color(18, 237, 0) on light 0
2025-11-25 14:35:00,851 [INFO] Setting color(24, 231, 0) on light 0
2025-11-25 14:35:00,897 [INFO] Setting color(30, 225, 0) on light 0
2025-11-25 14:35:00,942 [INFO] Setting color(39, 216, 0) on light 0
2025-11-25 14:35:00,987 [INFO] Setting color(45, 210, 0) on light 0
2025-11-25 14:35:01,033 [INFO] Setting color(51, 204, 0) on light 0
2025-11-25 14:35:01,077 [INFO] Setting color(60, 195, 0) on light 0
2025-11-25 14:35:01,123 [INFO] Setting color(66, 189, 0) on light 0
2025-11-25 14:35:01,167 [INFO] Setting color(72, 183, 0) on light 0
2025-11-25 14:35:01,212 [INFO] Setting color(81, 174, 0) on light 0
2025-11-25 14:35:01,256 [INFO] Setting color(87, 168, 0) on light 0
2025-11-25 14:35:01,299 [INFO] Setting color(93, 162, 0) on light 0
2025-11-25 14:35:01,344 [INFO] Setting color(99, 156, 0) on light 0
2025-11-25 14:35:01,390 [INFO] Setting color(108, 147, 0) on light 0
2025-11-25 14:35:01,434 [INFO] Setting color(114, 141, 0) on light 0
2025-11-25 14:35:01,480 [INFO] Setting color(120, 135, 0) on light 0
2025-11-25 14:35:01,524 [INFO] Setting color(126, 129, 0) on light 0
2025-11-25 14:35:01,570 [INFO] Setting color(135, 120, 0) on light 0
2025-11-25 14:35:01,615 [INFO] Setting color(141, 114, 0) on light 0
2025-11-25 14:35:01,660 [INFO] Setting color(147, 108, 0) on light 0
2025-11-25 14:35:01,703 [INFO] Setting color(156, 99, 0) on light 0
2025-11-25 14:35:01,745 [INFO] Setting color(162, 93, 0) on light 0
2025-11-25 14:35:01,787 [INFO] Setting color(168, 87, 0) on light 0
2025-11-25 14:35:01,832 [INFO] Setting color(174, 81, 0) on light 0
2025-11-25 14:35:01,876 [INFO] Setting color(180, 75, 0) on light 0
2025-11-25 14:35:01,922 [INFO] Setting color(189, 66, 0) on light 0
2025-11-25 14:35:01,966 [INFO] Setting color(195, 60, 0) on light 0
2025-11-25 14:35:02,011 [INFO] Setting color(201, 54, 0) on light 0
2025-11-25 14:35:02,056 [INFO] Setting color(210, 45, 0) on light 0
2025-11-25 14:35:02,100 [INFO] Setting color(216, 39, 0) on light 0
2025-11-25 14:35:02,143 [INFO] Setting color(222, 33, 0) on light 0
2025-11-25 14:35:02,184 [INFO] Setting color(228, 27, 0) on light 0
2025-11-25 14:35:02,228 [INFO] Setting color(234, 21, 0) on light 0
2025-11-25 14:35:02,272 [INFO] Setting color(243, 12, 0) on light 0
2025-11-25 14:35:02,316 [INFO] Setting color(249, 6, 0) on light 0
2025-11-25 14:35:02,361 [INFO] Setting color(255, 0, 0) on light 0
2025-11-25 14:35:02,404 [INFO] Setting color(249, 0, 6) on light 0
2025-11-25 14:35:02,447 [INFO] Setting color(240, 0, 15) on light 0
2025-11-25 14:35:02,492 [INFO] Setting color(234, 0, 21) on light 0
2025-11-25 14:35:02,538 [INFO] Setting color(228, 0, 27) on light 0
2025-11-25 14:35:02,583 [INFO] Setting color(222, 0, 33) on light 0
2025-11-25 14:35:02,628 [INFO] Setting color(213, 0, 42) on light 0
2025-11-25 14:35:02,674 [INFO] Setting color(207, 0, 48) on light 0
2025-11-25 14:35:02,719 [INFO] Setting color(201, 0, 54) on light 0
2025-11-25 14:35:02,765 [INFO] Setting color(192, 0, 63) on light 0
2025-11-25 14:35:02,810 [INFO] Setting color(186, 0, 69) on light 0
2025-11-25 14:35:02,854 [INFO] Setting color(180, 0, 75) on light 0
2025-11-25 14:35:02,899 [INFO] Setting color(171, 0, 84) on light 0
2025-11-25 14:35:02,940 [INFO] Setting color(165, 0, 90) on light 0
2025-11-25 14:35:02,984 [INFO] Setting color(159, 0, 96) on light 0
2025-11-25 14:35:03,028 [INFO] Setting color(153, 0, 102) on light 0
2025-11-25 14:35:03,070 [INFO] Setting color(147, 0, 108) on light 0
2025-11-25 14:35:03,116 [INFO] Setting color(138, 0, 117) on light 0
2025-11-25 14:35:03,158 [INFO] Setting color(132, 0, 123) on light 0
2025-11-25 14:35:03,199 [INFO] Setting color(126, 0, 129) on light 0
2025-11-25 14:35:03,245 [INFO] Setting color(120, 0, 135) on light 0
2025-11-25 14:35:03,291 [INFO] Setting color(111, 0, 144) on light 0
2025-11-25 14:35:03,336 [INFO] Setting color(105, 0, 150) on light 0
2025-11-25 14:35:03,377 [INFO] Setting color(99, 0, 156) on light 0
2025-11-25 14:35:03,421 [INFO] Setting color(93, 0, 162) on light 0
2025-11-25 14:35:03,463 [INFO] Setting color(87, 0, 168) on light 0
2025-11-25 14:35:03,507 [INFO] Setting color(78, 0, 177) on light 0
2025-11-25 14:35:03,552 [INFO] Setting color(72, 0, 183) on light 0
2025-11-25 14:35:03,595 [INFO] Setting color(66, 0, 189) on light 0
2025-11-25 14:35:03,637 [INFO] Setting color(60, 0, 195) on light 0
2025-11-25 14:35:03,683 [INFO] Setting color(51, 0, 204) on light 0
2025-11-25 14:35:03,726 [INFO] Setting color(45, 0, 210) on light 0
2025-11-25 14:35:03,768 [INFO] Setting color(39, 0, 216) on light 0
2025-11-25 14:35:03,811 [INFO] Setting color(33, 0, 222) on light 0
2025-11-25 14:35:03,855 [INFO] Setting color(27, 0, 228) on light 0
2025-11-25 14:35:03,896 [INFO] Setting color(21, 0, 234) on light 0
2025-11-25 14:35:03,937 [INFO] Setting color(12, 0, 243) on light 0
2025-11-25 14:35:03,982 [INFO] Setting color(6, 0, 249) on light 0
2025-11-25 14:35:04,026 [INFO] Setting color(0, 0, 255) on light 0
2025-11-25 14:35:04,070 [INFO] Setting color(0, 6, 249) on light 0
2025-11-25 14:35:04,113 [INFO] Setting color(0, 15, 240) on light 0
2025-11-25 14:35:04,158 [INFO] Setting color(0, 21, 234) on light 0
2025-11-25 14:35:04,200 [INFO] Setting color(0, 27, 228) on light 0
2025-11-25 14:35:04,241 [INFO] Setting color(0, 33, 222) on light 0
2025-11-25 14:35:04,283 [INFO] Setting color(0, 39, 216) on light 0
2025-11-25 14:35:04,325 [INFO] Setting color(0, 45, 210) on light 0
2025-11-25 14:35:04,370 [INFO] Setting color(0, 54, 201) on light 0
2025-11-25 14:35:04,414 [INFO] Setting color(0, 60, 195) on light 0
2025-11-25 14:35:04,459 [INFO] Setting color(0, 66, 189) on light 0
2025-11-25 14:35:04,502 [INFO] Setting color(0, 72, 183) on light 0
2025-11-25 14:35:04,548 [INFO] Setting color(0, 81, 174) on light 0
2025-11-25 14:35:04,593 [INFO] Setting color(0, 87, 168) on light 0
2025-11-25 14:35:04,637 [INFO] Setting color(0, 93, 162) on light 0
2025-11-25 14:35:04,682 [INFO] Setting color(0, 102, 153) on light 0
2025-11-25 14:35:04,728 [INFO] Setting color(0, 108, 147) on light 0
2025-11-25 14:35:04,773 [INFO] Setting color(0, 114, 141) on light 0
2025-11-25 14:35:04,816 [INFO] Setting color(0, 120, 135) on light 0
2025-11-25 14:35:04,859 [INFO] Setting color(0, 129, 126) on light 0
2025-11-25 14:35:04,904 [INFO] Setting color(0, 135, 120) on light 0
2025-11-25 14:35:04,949 [INFO] Setting color(0, 141, 114) on light 0
2025-11-25 14:35:04,990 [INFO] Setting color(0, 147, 108) on light 0
2025-11-25 14:35:05,035 [INFO] Setting color(0, 156, 99) on light 0
2025-11-25 14:35:05,076 [INFO] Setting color(0, 162, 93) on light 0
2025-11-25 14:35:05,119 [INFO] Setting color(0, 168, 87) on light 0
2025-11-25 14:35:05,165 [INFO] Setting color(0, 174, 81) on light 0
2025-11-25 14:35:05,210 [INFO] Setting color(0, 180, 75) on light 0
2025-11-25 14:35:05,255 [INFO] Setting color(0, 189, 66) on light 0
2025-11-25 14:35:05,300 [INFO] Setting color(0, 195, 60) on light 0
2025-11-25 14:35:05,343 [INFO] Setting color(0, 201, 54) on light 0
2025-11-25 14:35:05,389 [INFO] Setting color(0, 210, 45) on light 0
2025-11-25 14:35:05,434 [INFO] Setting color(0, 216, 39) on light 0
2025-11-25 14:35:05,475 [INFO] Setting color(0, 222, 33) on light 0
2025-11-25 14:35:05,519 [INFO] Setting color(0, 228, 27) on light 0
2025-11-25 14:35:05,560 [INFO] Setting color(0, 234, 21) on light 0
2025-11-25 14:35:05,604 [INFO] Setting color(0, 243, 12) on light 0
2025-11-25 14:35:05,646 [INFO] Setting color(0, 249, 6) on light 0
2025-11-25 14:35:05,687 [INFO] Setting color(0, 255, 0) on light 0
2025-11-25 14:35:05,733 [INFO] Setting color(6, 249, 0) on light 0
2025-11-25 14:35:05,774 [INFO] Setting color(12, 243, 0) on light 0
2025-11-25 14:35:05,820 [INFO] Setting color(21, 234, 0) on light 0
2025-11-25 14:35:05,866 [INFO] Setting color(27, 228, 0) on light 0
2025-11-25 14:35:05,911 [INFO] Setting color(33, 222, 0) on light 0
2025-11-25 14:35:05,955 [INFO] Setting color(39, 216, 0) on light 0
2025-11-25 14:35:05,998 [INFO] Setting color(48, 207, 0) on light 0
2025-11-25 14:35:06,042 [INFO] Setting color(54, 201, 0) on light 0
2025-11-25 14:35:06,087 [INFO] Setting color(60, 195, 0) on light 0
2025-11-25 14:35:06,132 [INFO] Setting color(66, 189, 0) on light 0
2025-11-25 14:35:06,174 [INFO] Setting color(75, 180, 0) on light 0
2025-11-25 14:35:06,217 [INFO] Setting color(81, 174, 0) on light 0
2025-11-25 14:35:06,260 [INFO] Setting color(87, 168, 0) on light 0
2025-11-25 14:35:06,305 [INFO] Setting color(93, 162, 0) on light 0
2025-11-25 14:35:06,351 [INFO] Setting color(102, 153, 0) on light 0
2025-11-25 14:35:06,396 [INFO] Setting color(108, 147, 0) on light 0
2025-11-25 14:35:06,438 [INFO] Setting color(114, 141, 0) on light 0
2025-11-25 14:35:06,483 [INFO] Setting color(120, 135, 0) on light 0
2025-11-25 14:35:06,528 [INFO] Setting color(129, 126, 0) on light 0
2025-11-25 14:35:06,573 [INFO] Setting color(135, 120, 0) on light 0
2025-11-25 14:35:06,614 [INFO] Setting color(141, 114, 0) on light 0
2025-11-25 14:35:06,656 [INFO] Setting color(147, 108, 0) on light 0
2025-11-25 14:35:06,701 [INFO] Setting color(153, 102, 0) on light 0
2025-11-25 14:35:06,743 [INFO] Setting color(162, 93, 0) on light 0
2025-11-25 14:35:06,788 [INFO] Setting color(168, 87, 0) on light 0
2025-11-25 14:35:06,830 [INFO] Setting color(174, 81, 0) on light 0
2025-11-25 14:35:06,876 [INFO] Setting color(180, 75, 0) on light 0
2025-11-25 14:35:06,921 [INFO] Setting color(189, 66, 0) on light 0
2025-11-25 14:35:06,967 [INFO] Setting color(195, 60, 0) on light 0
2025-11-25 14:35:07,012 [INFO] Setting color(201, 54, 0) on light 0
2025-11-25 14:35:07,058 [INFO] Setting color(210, 45, 0) on light 0
2025-11-25 14:35:07,103 [INFO] Setting color(216, 39, 0) on light 0
2025-11-25 14:35:07,148 [INFO] Setting color(222, 33, 0) on light 0
2025-11-25 14:35:07,194 [INFO] Setting color(231, 24, 0) on light 0
2025-11-25 14:35:07,235 [INFO] Setting color(237, 18, 0) on light 0
2025-11-25 14:35:07,279 [INFO] Setting color(243, 12, 0) on light 0
2025-11-25 14:35:07,324 [INFO] Setting color(249, 6, 0) on light 0
2025-11-25 14:35:07,370 [INFO] Setting color(252, 0, 3) on light 0
2025-11-25 14:35:07,416 [INFO] Setting color(246, 0, 9) on light 0
2025-11-25 14:35:07,460 [INFO] Setting color(240, 0, 15) on light 0
2025-11-25 14:35:07,504 [INFO] Setting color(234, 0, 21) on light 0
2025-11-25 14:35:07,548 [INFO] Setting color(225, 0, 30) on light 0
2025-11-25 14:35:07,590 [INFO] Setting color(219, 0, 36) on light 0
2025-11-25 14:35:07,636 [INFO] Setting color(213, 0, 42) on light 0
2025-11-25 14:35:07,677 [INFO] Setting color(207, 0, 48) on light 0
2025-11-25 14:35:07,722 [INFO] Setting color(198, 0, 57) on light 0
2025-11-25 14:35:07,767 [INFO] Setting color(192, 0, 63) on light 0
2025-11-25 14:35:07,812 [INFO] Setting color(186, 0, 69) on light 0
2025-11-25 14:35:07,856 [INFO] Setting color(180, 0, 75) on light 0
2025-11-25 14:35:07,902 [INFO] Setting color(171, 0, 84) on light 0
2025-11-25 14:35:07,944 [INFO] Setting color(165, 0, 90) on light 0
2025-11-25 14:35:07,990 [INFO] Setting color(159, 0, 96) on light 0
2025-11-25 14:35:08,033 [INFO] Setting color(153, 0, 102) on light 0
2025-11-25 14:35:08,077 [INFO] Setting color(144, 0, 111) on light 0
2025-11-25 14:35:08,118 [INFO] Setting color(138, 0, 117) on light 0
2025-11-25 14:35:08,164 [INFO] Setting color(132, 0, 123) on light 0
2025-11-25 14:35:08,209 [INFO] Setting color(126, 0, 129) on light 0
2025-11-25 14:35:08,254 [INFO] Setting color(117, 0, 138) on light 0
2025-11-25 14:35:08,297 [INFO] Setting color(111, 0, 144) on light 0
2025-11-25 14:35:08,341 [INFO] Setting color(105, 0, 150) on light 0
2025-11-25 14:35:08,384 [INFO] Setting color(99, 0, 156) on light 0
2025-11-25 14:35:08,430 [INFO] Setting color(90, 0, 165) on light 0
2025-11-25 14:35:08,476 [INFO] Setting color(84, 0, 171) on light 0
2025-11-25 14:35:08,517 [INFO] Setting color(78, 0, 177) on light 0
2025-11-25 14:35:08,561 [INFO] Setting color(72, 0, 183) on light 0
2025-11-25 14:35:08,604 [INFO] Setting color(63, 0, 192) on light 0
2025-11-25 14:35:08,648 [INFO] Setting color(57, 0, 198) on light 0
2025-11-25 14:35:08,693 [INFO] Setting color(51, 0, 204) on light 0
2025-11-25 14:35:08,738 [INFO] Setting color(45, 0, 210) on light 0
2025-11-25 14:35:08,782 [INFO] Setting color(36, 0, 219) on light 0
2025-11-25 14:35:08,828 [INFO] Setting color(30, 0, 225) on light 0
2025-11-25 14:35:08,869 [INFO] Setting color(24, 0, 231) on light 0
2025-11-25 14:35:08,915 [INFO] Setting color(18, 0, 237) on light 0
2025-11-25 14:35:08,961 [INFO] Setting color(9, 0, 246) on light 0
2025-11-25 14:35:09,003 [INFO] Setting color(3, 0, 252) on light 0
2025-11-25 14:35:09,049 [INFO] Setting color(0, 3, 252) on light 0
2025-11-25 14:35:09,091 [INFO] Setting color(0, 9, 246) on light 0
2025-11-25 14:35:09,137 [INFO] Setting color(0, 18, 237) on light 0
2025-11-25 14:35:09,178 [INFO] Setting color(0, 24, 231) on light 0
2025-11-25 14:35:09,220 [INFO] Setting color(0, 30, 225) on light 0
2025-11-25 14:35:09,265 [INFO] Setting color(0, 36, 219) on light 0
2025-11-25 14:35:09,311 [INFO] Setting color(0, 45, 210) on light 0
2025-11-25 14:35:09,354 [INFO] Setting color(0, 51, 204) on light 0
2025-11-25 14:35:09,400 [INFO] Setting color(0, 57, 198) on light 0
2025-11-25 14:35:09,443 [INFO] Setting color(0, 63, 192) on light 0
2025-11-25 14:35:09,487 [INFO] Setting color(0, 72, 183) on light 0
2025-11-25 14:35:09,530 [INFO] Setting color(0, 78, 177) on light 0
2025-11-25 14:35:09,573 [INFO] Setting color(0, 84, 171) on light 0
2025-11-25 14:35:09,614 [INFO] Setting color(0, 90, 165) on light 0
2025-11-25 14:35:09,660 [INFO] Setting color(0, 96, 159) on light 0
2025-11-25 14:35:09,703 [INFO] Setting color(0, 105, 150) on light 0
2025-11-25 14:35:09,744 [INFO] Setting color(0, 111, 144) on light 0
2025-11-25 14:35:09,785 [INFO] Setting color(0, 117, 138) on light 0
2025-11-25 14:35:09,831 [INFO] Setting color(0, 123, 132) on light 0
2025-11-25 14:35:09,873 [INFO] Setting color(0, 129, 126) on light 0
2025-11-25 14:35:09,917 [INFO] Setting color(0, 138, 117) on light 0
2025-11-25 14:35:09,960 [INFO] Setting color(0, 144, 111) on light 0
2025-11-25 14:35:10,004 [INFO] Setting color(0, 150, 105) on light 0
2025-11-25 14:35:10,046 [INFO] Setting color(0, 156, 99) on light 0
2025-11-25 14:35:10,092 [INFO] Setting color(0, 162, 93) on light 0
2025-11-25 14:35:10,133 [INFO] Setting color(0, 171, 84) on light 0
2025-11-25 14:35:10,176 [INFO] Setting color(0, 177, 78) on light 0
2025-11-25 14:35:10,218 [INFO] Setting color(0, 183, 72) on light 0
2025-11-25 14:35:10,262 [INFO] Setting color(0, 189, 66) on light 0
2025-11-25 14:35:10,306 [INFO] Setting color(0, 195, 60) on light 0
2025-11-25 14:35:10,351 [INFO] Setting color(0, 204, 51) on light 0
2025-11-25 14:35:10,396 [INFO] Setting color(0, 210, 45) on light 0
2025-11-25 14:35:10,441 [INFO] Setting color(0, 216, 39) on light 0
2025-11-25 14:35:10,482 [INFO] Setting color(0, 222, 33) on light 0
2025-11-25 14:35:10,524 [INFO] Setting color(0, 228, 27) on light 0
2025-11-25 14:35:10,567 [INFO] Setting color(0, 237, 18) on light 0
2025-11-25 14:35:10,613 [INFO] Setting color(0, 243, 12) on light 0
2025-11-25 14:35:10,655 [INFO] Setting color(0, 249, 6) on light 0
2025-11-25 14:35:10,701 [INFO] Setting color(0, 255, 0) on light 0
2025-11-25 14:35:10,746 [INFO] Setting color(9, 246, 0) on light 0
2025-11-25 14:35:10,792 [INFO] Setting color(15, 240, 0) on light 0
2025-11-25 14:35:10,834 [INFO] Setting color(21, 234, 0) on light 0
2025-11-25 14:35:10,880 [INFO] Setting color(30, 225, 0) on light 0
2025-11-25 14:35:10,924 [INFO] Setting color(36, 219, 0) on light 0
2025-11-25 14:35:10,967 [INFO] Setting color(42, 213, 0) on light 0
2025-11-25 14:35:11,013 [INFO] Setting color(48, 207, 0) on light 0
2025-11-25 14:35:11,057 [INFO] Setting color(57, 198, 0) on light 0
2025-11-25 14:35:11,101 [INFO] Setting color(63, 192, 0) on light 0
2025-11-25 14:35:11,146 [INFO] Setting color(69, 186, 0) on light 0
2025-11-25 14:35:11,192 [INFO] Setting color(78, 177, 0) on light 0
2025-11-25 14:35:11,238 [INFO] Setting color(84, 171, 0) on light 0
2025-11-25 14:35:11,282 [INFO] Setting color(90, 165, 0) on light 0
2025-11-25 14:35:11,327 [INFO] Setting color(96, 159, 0) on light 0
2025-11-25 14:35:11,372 [INFO] Setting color(105, 150, 0) on light 0
2025-11-25 14:35:11,415 [INFO] Setting color(111, 144, 0) on light 0
2025-11-25 14:35:11,460 [INFO] Setting color(117, 138, 0) on light 0
2025-11-25 14:35:11,503 [INFO] Setting color(123, 132, 0) on light 0
2025-11-25 14:35:11,549 [INFO] Setting color(132, 123, 0) on light 0
2025-11-25 14:35:11,593 [INFO] Setting color(138, 117, 0) on light 0
2025-11-25 14:35:11,636 [INFO] Setting color(144, 111, 0) on light 0
2025-11-25 14:35:11,677 [INFO] Setting color(150, 105, 0) on light 0
2025-11-25 14:35:11,723 [INFO] Setting color(159, 96, 0) on light 0
2025-11-25 14:35:11,767 [INFO] Setting color(165, 90, 0) on light 0
2025-11-25 14:35:11,813 [INFO] Setting color(171, 84, 0) on light 0
2025-11-25 14:35:11,855 [INFO] Setting color(177, 78, 0) on light 0
2025-11-25 14:35:11,896 [INFO] Setting color(183, 72, 0) on light 0
2025-11-25 14:35:11,942 [INFO] Setting color(192, 63, 0) on light 0
2025-11-25 14:35:11,984 [INFO] Setting color(198, 57, 0) on light 0
2025-11-25 14:35:12,027 [INFO] Setting color(204, 51, 0) on light 0
2025-11-25 14:35:12,070 [INFO] Setting color(210, 45, 0) on light 0
2025-11-25 14:35:12,114 [INFO] Setting color(219, 36, 0) on light 0
2025-11-25 14:35:12,156 [INFO] Setting color(225, 30, 0) on light 0
2025-11-25 14:35:12,197 [INFO] Setting color(231, 24, 0) on light 0
2025-11-25 14:35:12,242 [INFO] Setting color(237, 18, 0) on light 0
2025-11-25 14:35:12,288 [INFO] Setting color(243, 12, 0) on light 0
2025-11-25 14:35:12,333 [INFO] Setting color(252, 3, 0) on light 0
2025-11-25 14:35:12,379 [INFO] Setting color(252, 0, 3) on light 0
2025-11-25 14:35:12,421 [INFO] Setting color(246, 0, 9) on light 0
2025-11-25 14:35:12,465 [INFO] Setting color(240, 0, 15) on light 0
2025-11-25 14:35:12,509 [INFO] Setting color(231, 0, 24) on light 0
2025-11-25 14:35:12,550 [INFO] Setting color(225, 0, 30) on light 0
2025-11-25 14:35:12,593 [INFO] Setting color(219, 0, 36) on light 0
2025-11-25 14:35:12,636 [INFO] Setting color(213, 0, 42) on light 0
2025-11-25 14:35:12,681 [INFO] Setting color(207, 0, 48) on light 0
2025-11-25 14:35:12,724 [INFO] Setting color(198, 0, 57) on light 0
2025-11-25 14:35:12,769 [INFO] Setting color(192, 0, 63) on light 0
2025-11-25 14:35:12,812 [INFO] Setting color(186, 0, 69) on light 0
2025-11-25 14:35:12,856 [INFO] Setting color(180, 0, 75) on light 0
2025-11-25 14:35:12,900 [INFO] Setting color(171, 0, 84) on light 0
2025-11-25 14:35:12,944 [INFO] Setting color(165, 0, 90) on light 0
2025-11-25 14:35:12,990 [INFO] Setting color(159, 0, 96) on light 0
2025-11-25 14:35:13,035 [INFO] Setting color(150, 0, 105) on light 0
2025-11-25 14:35:13,078 [INFO] Setting color(144, 0, 111) on light 0
2025-11-25 14:35:13,124 [INFO] Setting color(138, 0, 117) on light 0
2025-11-25 14:35:13,169 [INFO] Setting color(132, 0, 123) on light 0
2025-11-25 14:35:13,215 [INFO] Setting color(123, 0, 132) on light 0
2025-11-25 14:35:13,261 [INFO] Setting color(117, 0, 138) on light 0
2025-11-25 14:35:13,303 [INFO] Setting color(111, 0, 144) on light 0
2025-11-25 14:35:13,348 [INFO] Setting color(102, 0, 153) on light 0
2025-11-25 14:35:13,389 [INFO] Setting color(96, 0, 159) on light 0
2025-11-25 14:35:13,435 [INFO] Setting color(90, 0, 165) on light 0
2025-11-25 14:35:13,480 [INFO] Setting color(84, 0, 171) on light 0
2025-11-25 14:35:13,525 [INFO] Setting color(75, 0, 180) on light 0
2025-11-25 14:35:13,570 [INFO] Setting color(69, 0, 186) on light 0
2025-11-25 14:35:13,614 [INFO] Setting color(63, 0, 192) on light 0
2025-11-25 14:35:13,660 [INFO] Setting color(57, 0, 198) on light 0
2025-11-25 14:35:13,705 [INFO] Setting color(48, 0, 207) on light 0
2025-11-25 14:35:13,751 [INFO] Setting color(42, 0, 213) on light 0
2025-11-25 14:35:13,797 [INFO] Setting color(36, 0, 219) on light 0
2025-11-25 14:35:13,842 [INFO] Setting color(27, 0, 228) on light 0
2025-11-25 14:35:13,883 [INFO] Setting color(21, 0, 234) on light 0
2025-11-25 14:35:13,928 [INFO] Setting color(15, 0, 240) on light 0
2025-11-25 14:35:13,974 [INFO] Setting color(9, 0, 246) on light 0
2025-11-25 14:35:14,017 [INFO] Setting color(0, 0, 255) on light 0
2025-11-25 14:35:14,058 [INFO] Setting color(0, 6, 249) on light 0
2025-11-25 14:35:14,103 [INFO] Setting color(0, 12, 243) on light 0
2025-11-25 14:35:14,149 [INFO] Setting color(0, 18, 237) on light 0
2025-11-25 14:35:14,194 [INFO] Setting color(0, 27, 228) on light 0
2025-11-25 14:35:14,240 [INFO] Setting color(0, 33, 222) on light 0
2025-11-25 14:35:14,285 [INFO] Setting color(0, 39, 216) on light 0
2025-11-25 14:35:14,326 [INFO] Setting color(0, 45, 210) on light 0
2025-11-25 14:35:14,370 [INFO] Setting color(0, 54, 201) on light 0
2025-11-25 14:35:14,416 [INFO] Setting color(0, 60, 195) on light 0
2025-11-25 14:35:14,462 [INFO] Setting color(0, 66, 189) on light 0
2025-11-25 14:35:14,503 [INFO] Setting color(0, 72, 183) on light 0
2025-11-25 14:35:14,546 [INFO] Setting color(0, 81, 174) on light 0
2025-11-25 14:35:14,589 [INFO] Setting color(0, 87, 168) on light 0
2025-11-25 14:35:14,633 [INFO] Setting color(0, 93, 162) on light 0
2025-11-25 14:35:14,675 [INFO] Setting color(0, 99, 156) on light 0
2025-11-25 14:35:14,718 [INFO] Setting color(0, 105, 150) on light 0
2025-11-25 14:35:14,761 [INFO] Setting color(0, 114, 141) on light 0
2025-11-25 14:35:14,807 [INFO] Setting color(0, 120, 135) on light 0
2025-11-25 14:35:14,852 [INFO] Setting color(0, 126, 129) on light 0
2025-11-25 14:35:14,898 [INFO] Setting color(0, 135, 120) on light 0
2025-11-25 14:35:14,939 [INFO] Setting color(0, 141, 114) on light 0
2025-11-25 14:35:14,985 [INFO] Setting color(0, 147, 108) on light 0
2025-11-25 14:35:15,029 [INFO] Setting color(0, 153, 102) on light 0
2025-11-25 14:35:15,074 [INFO] Setting color(0, 162, 93) on light 0
2025-11-25 14:35:15,119 [INFO] Setting color(0, 168, 87) on light 0
2025-11-25 14:35:15,160 [INFO] Setting color(0, 174, 81) on light 0
2025-11-25 14:35:15,205 [INFO] Setting color(0, 180, 75) on light 0
2025-11-25 14:35:15,246 [INFO] Setting color(0, 186, 69) on light 0
2025-11-25 14:35:15,288 [INFO] Setting color(0, 192, 63) on light 0
2025-11-25 14:35:15,330 [INFO] Setting color(0, 201, 54) on light 0
2025-11-25 14:35:15,375 [INFO] Setting color(0, 207, 48) on light 0
2025-11-25 14:35:15,417 [INFO] Setting color(0, 213, 42) on light 0
2025-11-25 14:35:15,463 [INFO] Setting color(0, 219, 36) on light 0
2025-11-25 14:35:15,507 [INFO] Setting color(0, 228, 27) on light 0
2025-11-25 14:35:15,551 [INFO] Setting color(0, 234, 21) on light 0
2025-11-25 14:35:15,597 [INFO] Setting color(0, 240, 15) on light 0
2025-11-25 14:35:15,640 [INFO] Setting color(0, 246, 9) on light 0
2025-11-25 14:35:15,683 [INFO] Setting color(0, 255, 0) on light 0
2025-11-25 14:35:15,724 [INFO] Setting color(6, 249, 0) on light 0
2025-11-25 14:35:15,770 [INFO] Setting color(12, 243, 0) on light 0
2025-11-25 14:35:15,814 [INFO] Setting color(18, 237, 0) on light 0
2025-11-25 14:35:15,857 [INFO] Setting color(24, 231, 0) on light 0
2025-11-25 14:35:15,902 [INFO] Setting color(33, 222, 0) on light 0
2025-11-25 14:35:15,943 [INFO] Setting color(39, 216, 0) on light 0
2025-11-25 14:35:15,989 [INFO] Setting color(45, 210, 0) on light 0
2025-11-25 14:35:16,034 [INFO] Setting color(54, 201, 0) on light 0
2025-11-25 14:35:16,079 [INFO] Setting color(60, 195, 0) on light 0
2025-11-25 14:35:16,125 [INFO] Setting color(66, 189, 0) on light 0
2025-11-25 14:35:16,168 [INFO] Setting color(72, 183, 0) on light 0
2025-11-25 14:35:16,214 [INFO] Setting color(81, 174, 0) on light 0
2025-11-25 14:35:16,260 [INFO] Setting color(87, 168, 0) on light 0
2025-11-25 14:35:16,305 [INFO] Setting color(93, 162, 0) on light 0
2025-11-25 14:35:16,348 [INFO] Setting color(102, 153, 0) on light 0
2025-11-25 14:35:16,391 [INFO] Setting color(108, 147, 0) on light 0
2025-11-25 14:35:16,436 [INFO] Setting color(114, 141, 0) on light 0
2025-11-25 14:35:16,482 [INFO] Setting color(120, 135, 0) on light 0
2025-11-25 14:35:16,528 [INFO] Setting color(129, 126, 0) on light 0
2025-11-25 14:35:16,570 [INFO] Setting color(135, 120, 0) on light 0
2025-11-25 14:35:16,616 [INFO] Setting color(141, 114, 0) on light 0
2025-11-25 14:35:16,660 [INFO] Setting color(147, 108, 0) on light 0
2025-11-25 14:35:16,705 [INFO] Setting color(156, 99, 0) on light 0
2025-11-25 14:35:16,748 [INFO] Setting color(162, 93, 0) on light 0
2025-11-25 14:35:16,793 [INFO] Setting color(168, 87, 0) on light 0
2025-11-25 14:35:16,839 [INFO] Setting color(177, 78, 0) on light 0
2025-11-25 14:35:16,885 [INFO] Setting color(183, 72, 0) on light 0
2025-11-25 14:35:16,930 [INFO] Setting color(189, 66, 0) on light 0
2025-11-25 14:35:16,976 [INFO] Setting color(198, 57, 0) on light 0
2025-11-25 14:35:17,017 [INFO] Setting color(204, 51, 0) on light 0
2025-11-25 14:35:17,062 [INFO] Setting color(210, 45, 0) on light 0
2025-11-25 14:35:17,107 [INFO] Setting color(216, 39, 0) on light 0
2025-11-25 14:35:17,153 [INFO] Setting color(225, 30, 0) on light 0
2025-11-25 14:35:17,198 [INFO] Setting color(231, 24, 0) on light 0
2025-11-25 14:35:17,239 [INFO] Setting color(237, 18, 0) on light 0
2025-11-25 14:35:17,285 [INFO] Setting color(243, 12, 0) on light 0
2025-11-25 14:35:17,330 [INFO] Setting color(252, 3, 0) on light 0
2025-11-25 14:35:17,376 [INFO] Setting color(252, 0, 3) on light 0
2025-11-25 14:35:17,422 [INFO] Setting color(246, 0, 9) on light 0
2025-11-25 14:35:17,467 [INFO] Setting color(237, 0, 18) on light 0
2025-11-25 14:35:17,508 [INFO] Setting color(231, 0, 24) on light 0
2025-11-25 14:35:17,554 [INFO] Setting color(225, 0, 30) on light 0
2025-11-25 14:35:17,598 [INFO] Setting color(219, 0, 36) on light 0
2025-11-25 14:35:17,642 [INFO] Setting color(210, 0, 45) on light 0
2025-11-25 14:35:17,685 [INFO] Setting color(204, 0, 51) on light 0
2025-11-25 14:35:17,727 [INFO] Setting color(198, 0, 57) on light 0
2025-11-25 14:35:17,768 [INFO] Setting color(192, 0, 63) on light 0
2025-11-25 14:35:17,810 [INFO] Setting color(186, 0, 69) on light 0
2025-11-25 14:35:17,856 [INFO] Setting color(180, 0, 75) on light 0
2025-11-25 14:35:17,901 [INFO] Setting color(171, 0, 84) on light 0
2025-11-25 14:35:17,946 [INFO] Setting color(165, 0, 90) on light 0
2025-11-25 14:35:17,988 [INFO] Setting color(159, 0, 96) on light 0
2025-11-25 14:35:18,032 [INFO] Setting color(153, 0, 102) on light 0
2025-11-25 14:35:18,074 [INFO] Setting color(144, 0, 111) on light 0
2025-11-25 14:35:18,118 [INFO] Setting color(138, 0, 117) on light 0
2025-11-25 14:35:18,160 [INFO] Setting color(132, 0, 123) on light 0
2025-11-25 14:35:18,204 [INFO] Setting color(126, 0, 129) on light 0
2025-11-25 14:35:18,249 [INFO] Setting color(120, 0, 135) on light 0
2025-11-25 14:35:18,294 [INFO] Setting color(111, 0, 144) on light 0
2025-11-25 14:35:18,340 [INFO] Setting color(105, 0, 150) on light 0
2025-11-25 14:35:18,382 [INFO] Setting color(99, 0, 156) on light 0
2025-11-25 14:35:18,426 [INFO] Setting color(93, 0, 162) on light 0
2025-11-25 14:35:18,468 [INFO] Setting color(84, 0, 171) on light 0
2025-11-25 14:35:18,512 [INFO] Setting color(78, 0, 177) on light 0
2025-11-25 14:35:18,556 [INFO] Setting color(72, 0, 183) on light 0
2025-11-25 14:35:18,602 [INFO] Setting color(66, 0, 189) on light 0
2025-11-25 14:35:18,647 [INFO] Setting color(57, 0, 198) on light 0
2025-11-25 14:35:18,693 [INFO] Setting color(51, 0, 204) on light 0
2025-11-25 14:35:18,737 [INFO] Setting color(45, 0, 210) on light 0
2025-11-25 14:35:18,778 [INFO] Setting color(39, 0, 216) on light 0
2025-11-25 14:35:18,820 [INFO] Setting color(30, 0, 225) on light 0
2025-11-25 14:35:18,866 [INFO] Setting color(24, 0, 231) on light 0
2025-11-25 14:35:18,912 [INFO] Setting color(18, 0, 237) on light 0
2025-11-25 14:35:18,957 [INFO] Setting color(9, 0, 246) on light 0
2025-11-25 14:35:18,998 [INFO] Setting color(3, 0, 252) on light 0
2025-11-25 14:35:19,043 [INFO] Setting color(0, 3, 252) on light 0
2025-11-25 14:35:19,089 [INFO] Setting color(0, 9, 246) on light 0
2025-11-25 14:35:19,134 [INFO] Setting color(0, 18, 237) on light 0
2025-11-25 14:35:19,180 [INFO] Setting color(0, 24, 231) on light 0
2025-11-25 14:35:19,221 [INFO] Setting color(0, 30, 225) on light 0
2025-11-25 14:35:19,263 [INFO] Setting color(0, 36, 219) on light 0
2025-11-25 14:35:19,308 [INFO] Setting color(0, 42, 213) on light 0
2025-11-25 14:35:19,353 [INFO] Setting color(0, 51, 204) on light 0
2025-11-25 14:35:19,398 [INFO] Setting color(0, 57, 198) on light 0
2025-11-25 14:35:19,444 [INFO] Setting color(0, 63, 192) on light 0
2025-11-25 14:35:19,489 [INFO] Setting color(0, 72, 183) on light 0
2025-11-25 14:35:19,535 [INFO] Setting color(0, 78, 177) on light 0
2025-11-25 14:35:19,578 [INFO] Setting color(0, 84, 171) on light 0
2025-11-25 14:35:19,623 [INFO] Setting color(0, 93, 162) on light 0
2025-11-25 14:35:19,667 [INFO] Setting color(0, 99, 156) on light 0
2025-11-25 14:35:19,711 [INFO] Setting color(0, 105, 150) on light 0
2025-11-25 14:35:19,756 [INFO] Setting color(0, 111, 144) on light 0
2025-11-25 14:35:19,801 [INFO] Setting color(0, 120, 135) on light 0
2025-11-25 14:35:19,842 [INFO] Setting color(0, 126, 129) on light 0
2025-11-25 14:35:19,886 [INFO] Setting color(0, 132, 123) on light 0
2025-11-25 14:35:19,931 [INFO] Setting color(0, 138, 117) on light 0
2025-11-25 14:35:19,976 [INFO] Setting color(0, 147, 108) on light 0
2025-11-25 14:35:20,022 [INFO] Setting color(0, 153, 102) on light 0
2025-11-25 14:35:20,068 [INFO] Setting color(0, 159, 96) on light 0
2025-11-25 14:35:20,112 [INFO] Setting color(0, 165, 90) on light 0
2025-11-25 14:35:20,153 [INFO] Setting color(0, 174, 81) on light 0
2025-11-25 14:35:20,197 [INFO] Setting color(0, 180, 75) on light 0
2025-11-25 14:35:20,242 [INFO] Setting color(0, 186, 69) on light 0
2025-11-25 14:35:20,288 [INFO] Setting color(0, 192, 63) on light 0
2025-11-25 14:35:20,333 [INFO] Setting color(0, 201, 54) on light 0
2025-11-25 14:35:20,378 [INFO] Setting color(0, 207, 48) on light 0
2025-11-25 14:35:20,423 [INFO] Setting color(0, 213, 42) on light 0
2025-11-25 14:35:20,467 [INFO] Setting color(0, 222, 33) on light 0
2025-11-25 14:35:20,513 [INFO] Setting color(0, 228, 27) on light 0
2025-11-25 14:35:20,556 [INFO] Setting color(0, 234, 21) on light 0
2025-11-25 14:35:20,598 [INFO] Setting color(0, 240, 15) on light 0
2025-11-25 14:35:20,644 [INFO] Setting color(0, 249, 6) on light 0
2025-11-25 14:35:20,690 [INFO] Setting color(0, 255, 0) on light 0
2025-11-25 14:35:20,735 [INFO] Setting color(6, 249, 0) on light 0
2025-11-25 14:35:20,776 [INFO] Setting color(12, 243, 0) on light 0
2025-11-25 14:35:20,822 [INFO] Setting color(21, 234, 0) on light 0
2025-11-25 14:35:20,867 [INFO] Setting color(27, 228, 0) on light 0
2025-11-25 14:35:20,913 [INFO] Setting color(33, 222, 0) on light 0
2025-11-25 14:35:20,956 [INFO] Setting color(42, 213, 0) on light 0
2025-11-25 14:35:21,001 [INFO] Setting color(48, 207, 0) on light 0
2025-11-25 14:35:21,046 [INFO] Setting color(54, 201, 0) on light 0
2025-11-25 14:35:21,088 [INFO] Setting color(60, 195, 0) on light 0
2025-11-25 14:35:21,129 [INFO] Setting color(66, 189, 0) on light 0
2025-11-25 14:35:21,173 [INFO] Setting color(75, 180, 0) on light 0
2025-11-25 14:35:21,216 [INFO] Setting color(81, 174, 0) on light 0
2025-11-25 14:35:21,259 [INFO] Setting color(87, 168, 0) on light 0
2025-11-25 14:35:21,305 [INFO] Setting color(93, 162, 0) on light 0
2025-11-25 14:35:21,350 [INFO] Setting color(102, 153, 0) on light 0
2025-11-25 14:35:21,393 [INFO] Setting color(108, 147, 0) on light 0
2025-11-25 14:35:21,438 [INFO] Setting color(114, 141, 0) on light 0
2025-11-25 14:35:21,484 [INFO] Setting color(120, 135, 0) on light 0
2025-11-25 14:35:21,525 [INFO] Setting color(129, 126, 0) on light 0
2025-11-25 14:35:21,570 [INFO] Setting color(135, 120, 0) on light 0
2025-11-25 14:35:21,614 [INFO] Setting color(141, 114, 0) on light 0
2025-11-25 14:35:21,656 [INFO] Setting color(147, 108, 0) on light 0
2025-11-25 14:35:21,700 [INFO] Setting color(153, 102, 0) on light 0
2025-11-25 14:35:21,746 [INFO] Setting color(162, 93, 0) on light 0
2025-11-25 14:35:21,790 [INFO] Setting color(168, 87, 0) on light 0
2025-11-25 14:35:21,835 [INFO] Setting color(174, 81, 0) on light 0
2025-11-25 14:35:21,878 [INFO] Setting color(183, 72, 0) on light 0
2025-11-25 14:35:21,923 [INFO] Setting color(189, 66, 0) on light 0
2025-11-25 14:35:21,965 [INFO] Setting color(195, 60, 0) on light 0
2025-11-25 14:35:22,011 [INFO] Setting color(201, 54, 0) on light 0
2025-11-25 14:35:22,057 [INFO] Setting color(210, 45, 0) on light 0
2025-11-25 14:35:22,098 [INFO] Setting color(216, 39, 0) on light 0
2025-11-25 14:35:22,144 [INFO] Setting color(222, 33, 0) on light 0
2025-11-25 14:35:22,189 [INFO] Setting color(228, 27, 0) on light 0
2025-11-25 14:35:22,234 [INFO] Setting color(237, 18, 0) on light 0
2025-11-25 14:35:22,280 [INFO] Setting color(243, 12, 0) on light 0
2025-11-25 14:35:22,325 [INFO] Setting color(249, 6, 0) on light 0
2025-11-25 14:35:22,367 [INFO] Setting color(255, 0, 0) on light 0
2025-11-25 14:35:22,409 [INFO] Setting color(246, 0, 9) on light 0
2025-11-25 14:35:22,450 [INFO] Setting color(240, 0, 15) on light 0
2025-11-25 14:35:22,495 [INFO] Setting color(234, 0, 21) on light 0
2025-11-25 14:35:22,539 [INFO] Setting color(228, 0, 27) on light 0
2025-11-25 14:35:22,579 [INFO] Setting color(222, 0, 33) on light 0
2025-11-25 14:35:22,625 [INFO] Setting color(213, 0, 42) on light 0
2025-11-25 14:35:22,667 [INFO] Setting color(207, 0, 48) on light 0
2025-11-25 14:35:22,710 [INFO] Setting color(201, 0, 54) on light 0
2025-11-25 14:35:22,721 [INFO] Setting color(0, 0, 0) on light 0
2025-11-25 14:35:24,733 [INFO] Sending PUT request to https://192.168.2.50/clip/v2/resource/entertainment_configuration/20b9f6d2-cf73-4fc1-a2db-87124e538dbc
2025-11-25 14:35:25,780 [INFO] Entertainment configuration updated successfully.
2025-11-25 17:00:56,085 [WARNING] Caught SIGINT, stopping after this frame.
2025-11-25 17:01:20,199 [WARNING] Caught SIGINT, stopping after this frame.
2025-11-25 17:01:20,880 [WARNING] Caught SIGINT, stopping after this frame.
2025-11-25 17:01:21,187 [WARNING] Caught SIGINT, stopping after this frame.
2025-11-25 17:01:21,385 [WARNING] Caught SIGINT, stopping after this frame.
2025-11-25 17:01:21,581 [WARNING] Caught SIGINT, stopping after this frame.
2025-11-25 17:01:21,787 [WARNING] Caught SIGINT, stopping after this frame.
2025-11-25 17:01:21,999 [WARNING] Caught SIGINT, stopping after this frame.
2025-11-25 17:01:22,207 [WARNING] Caught SIGINT, stopping after this frame.
2025-11-25 17:01:22,421 [WARNING] Caught SIGINT, stopping after this frame.
2025-11-25 17:01:22,658 [WARNING] Caught SIGINT, stopping after this frame.
2025-11-25 17:01:22,839 [WARNING] Caught SIGINT, stopping after this frame.
2025-11-25 17:01:23,082 [WARNING] Caught SIGINT, stopping after this frame.
2025-11-25 17:01:23,277 [WARNING] Caught SIGINT, stopping after this frame.
2025-11-25 17:01:23,517 [WARNING] Caught SIGINT, stopping after this frame.
2025-11-25 17:01:23,739 [WARNING] Caught SIGINT, stopping after this frame.
2025-11-25 17:01:23,952 [WARNING] Caught SIGINT, stopping after this frame.
2025-11-25 17:01:24,187 [WARNING] Caught SIGINT, stopping after this frame.
2025-11-25 17:01:24,417 [WARNING] Caught SIGINT, stopping after this frame.
2025-11-25 17:01:24,684 [WARNING] Caught SIGINT, stopping after this frame.
2025-11-25 17:01:24,913 [WARNING] Caught SIGINT, stopping after this frame.
2025-11-25 17:01:25,140 [WARNING] Caught SIGINT, stopping after this frame.
2025-11-25 17:01:25,317 [WARNING] Caught SIGINT, stopping after this frame.
2025-11-25 17:01:25,541 [WARNING] Caught SIGINT, stopping after this frame.
2025-11-25 17:01:25,750 [WARNING] Caught SIGINT, stopping after this frame.
2025-11-25 17:01:26,021 [WARNING] Caught SIGINT, stopping after this frame.
2025-11-25 17:01:26,383 [WARNING] Caught SIGINT, stopping after this frame.
2025-11-25 17:01:26,683 [WARNING] Caught SIGINT, stopping after this frame.
2025-11-25 17:01:26,937 [WARNING] Caught SIGINT, stopping after this frame.
2025-11-25 17:01:27,197 [WARNING] Caught SIGINT, stopping after this frame.
2025-11-25 17:01:27,446 [WARNING] Caught SIGINT, stopping after this frame.
2025-11-25 17:01:27,736 [WARNING] Caught SIGINT, stopping after this frame.
2025-11-25 17:01:28,004 [WARNING] Caught SIGINT, stopping after this frame.
2025-11-25 17:01:28,316 [WARNING] Caught SIGINT, stopping after this frame.
2025-11-25 17:01:28,522 [WARNING] Caught SIGINT, stopping after this frame.
2025-11-25 17:01:28,797 [WARNING] Caught SIGINT, stopping after this frame.
2025-11-25 17:01:29,049 [WARNING] Caught SIGINT, stopping after this frame.
2025-11-25 17:01:29,302 [WARNING] Caught SIGINT, stopping after this frame.
2025-11-25 17:01:29,548 [WARNING] Caught SIGINT, stopping after this frame.
2025-11-25 17:01:29,783 [WARNING] Caught SIGINT, stopping after this frame.
2025-11-25 17:01:30,023 [WARNING] Caught SIGINT, stopping after this frame.
2025-11-25 17:01:30,298 [WARNING] Caught SIGINT, stopping after this frame.
2025-11-25 17:01:30,537 [WARNING] Caught SIGINT, stopping after this frame.
2025-11-25 17:01:30,758 [WARNING] Caught SIGINT, stopping after this frame.
2025-11-25 17:01:31,015 [WARNING] Caught SIGINT, stopping after this frame.
2025-11-25 17:01:31,285 [WARNING] Caught SIGINT, stopping after this frame.
2025-11-25 17:01:31,552 [WARNING] Caught SIGINT, stopping after this frame.
2025-11-25 17:05:50,323 [WARNING] Caught SIGINT, stopping after this frame.
2025-11-25 17:05:50,789 [WARNING] Caught SIGINT, stopping after this frame.
2025-11-25 17:05:51,184 [WARNING] Caught SIGINT, stopping after this frame.
2025-11-25 17:05:51,359 [WARNING] Caught SIGINT, stopping after this frame.
2025-11-25 17:05:51,509 [WARNING] Caught SIGINT, stopping after this frame.
2025-11-25 17:05:52,009 [WARNING] Caught SIGINT, stopping after this frame.
2025-11-25 17:05:52,097 [WARNING] Caught SIGINT, stopping after this frame.
2025-11-25 17:05:52,181 [WARNING] Caught SIGINT, stopping after this frame.
2025-11-25 17:05:52,265 [WARNING] Caught SIGINT, stopping after this frame.
2025-11-25 17:05:52,340 [WARNING] Caught SIGINT, stopping after this frame.
2025-11-25 17:05:52,424 [WARNING] Caught SIGINT, stopping after this frame.
2025-11-25 17:05:52,508 [WARNING] Caught SIGINT, stopping after this frame.
2025-11-25 17:05:52,591 [WARNING] Caught SIGINT, stopping after this frame.
2025-11-25 17:05:52,685 [WARNING] Caught SIGINT, stopping after this frame.
2025-11-25 17:05:52,760 [WARNING] Caught SIGINT, stopping after this frame.
2025-11-25 17:05:52,839 [WARNING] Caught SIGINT, stopping after this frame.
2025-11-25 17:05:52,925 [WARNING] Caught SIGINT, stopping after this frame.
2025-11-25 17:05:53,008 [WARNING] Caught SIGINT, stopping after this frame.
2025-11-25 17:05:53,092 [WARNING] Caught SIGINT, stopping after this frame.
2025-11-25 17:05:53,177 [WARNING] Caught SIGINT, stopping after this frame.
2025-11-25 17:05:53,263 [WARNING] Caught SIGINT, stopping after this frame.
2025-11-25 17:05:53,438 [WARNING] Caught SIGINT, stopping after this frame.
2025-11-25 17:05:53,583 [WARNING] Caught SIGINT, stopping after this frame.
2025-11-25 17:05:53,736 [WARNING] Caught SIGINT, stopping after this frame.
2025-11-25 17:05:53,865 [WARNING] Caught SIGINT, stopping after this frame.
2025-11-25 17:05:54,017 [WARNING] Caught SIGINT, stopping after this frame.
2025-11-25 17:05:54,183 [WARNING] Caught SIGINT, stopping after this frame.
2025-11-25 17:05:54,327 [WARNING] Caught SIGINT, stopping after this frame.
2025-11-25 17:05:54,648 [WARNING] Caught SIGINT, stopping after this frame.
2025-11-25 17:05:54,975 [WARNING] Caught SIGINT, stopping after this frame.
2025-11-25 17:05:55,260 [WARNING] Caught SIGINT, stopping after this frame.
2025-11-25 17:05:55,456 [WARNING] Caught SIGINT, stopping after this frame.
2025-11-25 17:05:55,634 [WARNING] Caught SIGINT, stopping after this frame.
2025-11-25 17:05:55,816 [WARNING] Caught SIGINT, stopping after this frame.
2025-11-25 17:05:55,933 [WARNING] Caught SIGINT, stopping after this frame.
2025-11-25 17:05:56,117 [WARNING] Caught SIGINT, stopping after this frame.
2025-11-25 17:08:24,435 [WARNING] Caught SIGINT, stopping after this frame.
2025-11-25 17:09:03,329 [WARNING] Caught SIGINT, stopping after this frame.
2025-11-25 17:09:06,712 [WARNING] Caught SIGINT, stopping after this frame.
2025-11-25 17:09:32,935 [WARNING] Caught SIGINT, stopping after this frame.
2025-11-25 17:14:11,852 [WARNING] Caught SIGINT, stopping after this frame.
